ID,Gruppo,_DataOraIncidente,_Localizzazione1,_Localizzazione2,Strada02,Strada1,Strada2,Chilometrica,DaSpecificare,_NaturaIncidente,_ParticolaritaStrade,_TipoStrada,_FondoStradale,_Pavimentazione,_Segnaletica,_CondizioneAtmosferica,_Traffico,_Visibilita,_Illuminazione,NUM_FERITI,_NUM_RISERVATA,_NUM_MORTI,_NUM_ILLESI,Longitudine,Latitudine,CONFERMATO
2641443,5,1/1/16 0:30,Strada Urbana,in prossimit•À_,del civico n.,VIA GIUSEPPE DONATI,,131,,Veicolo in marcia contro veicoli in sosta,Rettilineo,Una carreggiata a doppio senso,Bagnato (umidit•À_ in atto),Asfaltata,Assente,Nuvoloso,Scarso,Buona,Ore Diurne,0,0,0,0,"1,255,253","4,190,785",True
2639429,20,1/1/16 1:40,Provinciale,da specificare,,VIA DI VALLE MURICANA,,,"proassimit•À_ km. 6,800",Fuoriuscita dalla sede stradale,Rettilineo,Una carreggiata a doppio senso,Asciutto,Asfaltata,Orizzontale,Sereno,Scarso,Buona,Inesistente,1,0,0,0,,,False
2651512,18,1/1/16 1:45,Strada Urbana,all'intersezione con,VIA AURELIA,VIA AURELIA,VIA AURELIA,,,Scontro laterale fra veicoli in marcia,Intersezione stradale segnalata,Una carreggiata a doppio senso,Asciutto,Asfaltata,Assente,Sereno,Normale,Buona,Sufficiente,1,0,0,7,"1,242,059","4,189,682",True
2640350,13,1/1/16 2:00,Strada Urbana,all'intersezione con,VIALE DELLE REPUBBLICHE MARINARE,VIALE VASCO DE GAMA,VIALE DELLE REPUBBLICHE MARINARE,,,Scontro frontale/laterale SX fra veicoli in marcia,Incrocio,Due carreggiate,Asciutto,Asfaltata,Verticale ed orizzontale,Sereno,Scarso,Buona,Sufficiente,0,0,0,2,"1,226,923","4,173,625",True
2641517,2,1/1/16 2:00,Strada Urbana,in prossimit•À_,del civico n.,VIA NOMENTANA,,387,,Veicolo in marcia contro ostacolo fisso,Rettilineo,Pi•À_ di due carreggiate,Asciutto,Asfaltata,Verticale ed orizzontale,Sereno,Normale,Buona,Sufficiente,2,0,0,0,"1,252,239","4,192,572",False
2639863,11,1/1/16 2:00,Strada Urbana,da specificare,,VIALE DEL TINTORETTO,,,fronte civ. 290,Veicolo in marcia contro veicolo in sosta,Rettilineo,Due carreggiate,Asciutto,Asfaltata,Verticale,Sereno,Scarso,Sufficiente,Sufficiente,0,0,0,2,"1,248,944","4,183,381",True
2640385,13,1/1/16 2:15,Strada Urbana,in prossimit•À_,del civico n.,VIA SAN CANDIDO,,81,,Veicolo in marcia contro ostacolo accidentale,Rettilineo,Una carreggiata a doppio senso,Asciutto,Asfaltata,Assente,Sereno,Scarso,Buona,Sufficiente,0,0,0,0,,,False
2639901,8,1/1/16 2:15,Strada Urbana,all'intersezione con,VIA FRANCESCO MERLINI,VIALE S. RITA DA CASCIA,VIA FRANCESCO MERLINI,,,Scontro frontale/laterale DX fra veicoli in marcia,Intersezione semaforizzata,Pi•À_ di due carreggiate,Bagnato (pioggia),Asfaltata,Assente,Grandine in atto,Intenso,Sufficiente,Sufficiente,0,0,0,5,"1,264,451","4,186,899",True
2640273,1,1/1/16 2:45,Strada Urbana,da specificare,,VIA NICOLA SALVI,,,FRONTE PALO ACEA 1,Scontro laterale fra veicoli in marcia,Curva a visuale libera,Una carreggiata a senso unico di marcia,Asciutto,Asfaltata,Verticale ed orizzontale,Nuvoloso,Intenso,Buona,Sufficiente,0,0,0,2,"1,249,284","4,189,134",True
2639902,8,1/1/16 3:00,,in prossimit•À_,del civico n.,VIA DI TORRENOVA,,108,,Veicolo in marcia contro veicolo in sosta,,,,,,,,,,0,0,0,1,,,False
2640736,23,1/1/16 3:00,Strada Urbana,in prossimit•À_,del palo luce n.,PORTO DI RIPA GRANDE,,16,,Veicolo in marcia contro veicolo in sosta,Rettilineo,Una carreggiata a senso unico di marcia,Asciutto,Asfaltata,Verticale ed orizzontale,Sereno,Normale,Sufficiente,Sufficiente,0,0,0,1,"1,247,633","4,188,503",True
2640149,1,1/1/16 3:15,Strada Urbana,all'intersezione con,VIA CONTE VERDE,PIAZZA VITTORIO EMANUELE II,VIA CONTE VERDE,,,Veicolo in marcia contro ostacolo fisso,Incrocio,Una carreggiata a doppio senso,Asciutto,In cubetti di porfido,Verticale,Sereno,Normale,Buona,Sufficiente,1,0,0,0,,,False
2641023,16,1/1/16 3:20,Strada Urbana,all'intersezione con,VIA GIOELE SOLARI,VIA DEL CASALE LUMBROSO,VIA GIOELE SOLARI,,,Scontro frontale/laterale DX fra veicoli in marcia,Incrocio,Una carreggiata a doppio senso,Asciutto,Asfaltata,Verticale ed orizzontale,Nuvoloso,Scarso,Sufficiente,Sufficiente,3,0,0,2,"1,235,492","4,186,274",False
2641504,16,1/1/16 3:30,Strada Urbana,da specificare,,VIA PIO SPEZI,,,prossimit•À_ svincolo Via Aurelia,Investimento di pedone,Rettilineo,Una carreggiata a doppio senso,Bagnato (umidit•À_ in atto),Asfaltata,Orizzontale,Nuvoloso,Scarso,Sufficiente,Sufficiente,1,0,0,0,,,False
2640271,7,1/1/16 4:30,Strada Urbana,in prossimit•À_,del civico n.,VIA PRENESTINA,,491,,Veicolo in marcia contro ostacolo fisso,Rettilineo,Due carreggiate,Asciutto,Asfaltata,Assente,Sereno,Scarso,Buona,Sufficiente,0,0,0,2,"1,257,324","4,189,517",True
2639434,20,1/1/16 4:40,Strada Urbana,da specificare,,PIAZZALE DI PONTE MILVIO,,,frontr torretta,Veicolo in marcia contro ostacolo fisso,Rettilineo,Due carreggiate,Asciutto,Asfaltata,Verticale ed orizzontale,Sereno,Scarso,Buona,Sufficiente,0,0,0,2,,,False
2640254,1,1/1/16 5:00,Strada Urbana,da specificare,,LUNGOTEVERE MARZIO,,,PALO ACEA 13,Veicolo in marcia contro ostacolo accidentale,Rettilineo,Una carreggiata a senso unico di marcia,Asciutto,Asfaltata,Verticale ed orizzontale,Sereno,Normale,Buona,Sufficiente,1,0,0,2,"1,247,384","4,190,322",True
2639706,15,1/1/16 6:00,Strada Urbana,in prossimit•À_,del palo luce n.,VIA DELLA MAGLIANA,,818,,Ribaltamento senza urto contro ostacolo fisso,Rettilineo,Una carreggiata a doppio senso,Bagnato (umidit•À_ in atto),Asfaltata,Assente,Nuvoloso,Scarso,Buona,Sufficiente,0,0,0,1,"1,242,401","4,183,394",True
2639867,4,1/1/16 6:10,Statale entro l'abitato,in prossimit•À_,del civico n.,VIA SALARIA,,1031,,Veicolo in marcia contro ostacolo accidentale,Rettilineo,Due carreggiate,Bagnato (umidit•À_ in atto),Asfaltata,Verticale ed orizzontale,Nuvoloso,Normale,Buona,Sufficiente,0,0,1,0,"1,250,501","4,197,154",False
2660614,3,1/1/16 6:15,Strada Urbana,all'intersezione con,VIALE DELL'UNIVERSITA',VIALE REGINA ELENA,VIALE DELL'UNIVERSITA',,,Veicolo in marcia contro ostacolo fisso,Incrocio,Una carreggiata a doppio senso,Bagnato (umidit•À_ in atto),Asfaltata,Verticale ed orizzontale,Nuvoloso,Scarso,Buona,Sufficiente,0,0,0,1,"125,156","4,190,565",True
2639857,11,1/1/16 6:20,Strada Urbana,in prossimit•À_,del civico n.,VIA DI TOR CARBONE,,207,,Veicolo in marcia contro ostacolo fisso,Rotatoria,Una carreggiata a senso unico di marcia,Asciutto,Asfaltata,Verticale ed orizzontale,Nuvoloso,Scarso,Buona,Sufficiente,0,0,0,1,"12,52","41,827",True
2640299,1,1/1/16 6:30,Strada Urbana,in corrispondenza,del civico n.,PIAZZA VENEZIA,,11,,Veicolo in marcia contro ostacolo accidentale,Rettilineo,Una carreggiata a senso unico di marcia,Asciutto,In cubetti di porfido,Verticale ed orizzontale,Nuvoloso,Scarso,Buona,Sufficiente,0,0,0,1,"1,248,282","4,189,636",True
2639907,8,1/1/16 7:00,Strada Urbana,da specificare,,VIA DI SALONE,,,tra rotatoria noale e  collatina dir. collatina,Fuoriuscita dalla sede stradale,Curva senza visuale libera,Una carreggiata a doppio senso,Bagnato (umidit•À_ in atto),Asfaltata,Verticale,Nuvoloso,Scarso,Insufficiente,Inesistente,0,0,0,0,"1,263,471","4,191,291",False
2640740,10,1/1/16 7:10,Statale entro l'abitato,da specificare,,VIA ANAGNINA,,,rampa sottovia GRA dir. Roma centro,Veicolo in marcia contro ostacolo fisso,Curva senza visuale libera,Una carreggiata a senso unico di marcia,Bagnato (umidit•À_ in atto),Asfaltata,Temporanea di cantiere,Nuvoloso,Scarso,Buona,Ore Diurne,0,0,0,1,"1,259,092","4,183,761",True
2642600,17,1/1/16 7:10,,all'intersezione semaforizzata con,VIA TUNISI,VIA ANDREA DORIA,VIA TUNISI,,,Tamponamento,,,,,,,,,,0,0,0,6,,,False
2639894,8,1/1/16 7:23,Provinciale,in corrispondenza,del palo luce n.,VIA PRENESTINA,,498,,Scontro laterale fra veicoli in marcia,Curva senza visuale libera,Una carreggiata a doppio senso,Asciutto,Asfaltata,Orizzontale,Nuvoloso,Scarso,Buona,Ore Diurne,0,0,0,3,"126,069","4,189,378",True
2639440,2,1/1/16 8:15,Strada Urbana,da specificare,,VIA DEL FORO ITALICO,,,dir. S.Giovanni alt. Salaria semicarreggiata sx,Veicolo in marcia contro ostacolo fisso,Curva a visuale libera,Pi•À_ di due carreggiate,Bagnato (umidit•À_ in atto),Asfaltata,Verticale ed orizzontale,Pioggia in atto,Scarso,Buona,Ore Diurne,0,0,0,1,"1,248,104","4,194,025",True
2639848,11,1/1/16 8:40,Strada Urbana,in prossimit•À_,del palo luce n.,VIA PALOS,,14,,Fuoriuscita dalla sede stradale,Rettilineo,Una carreggiata a senso unico alternato,Bagnato (umidit•À_ in atto),Asfaltata,Orizzontale,Nuvoloso,Scarso,Buona,Ore Diurne,0,0,0,1,"124,968","4,186,829",True
2640288,7,1/1/16 8:50,Strada Urbana,all'intersezione con,VIA SENATORE BORLETTI,VIA ACHILLE GAGGIA,VIA SENATORE BORLETTI,,,Scontro frontale/laterale SX fra veicoli in marcia,Incrocio,Una carreggiata a doppio senso,Asciutto,Asfaltata,Verticale,Sereno,Scarso,Buona,Ore Diurne,1,0,0,1,"1,258,632","4,189,159",False
2640279,7,1/1/16 9:40,Strada Urbana,da specificare,,VIA LUCA GHINI,,,altezza civico 60,Veicolo in marcia contro veicolo in sosta,Rettilineo,Una carreggiata a doppio senso,Asciutto,Asfaltata,Verticale ed orizzontale,Sereno,Scarso,Buona,Sufficiente,0,0,0,1,"1,258,077","4,187,658",True
2640391,1,1/1/16 10:00,Strada Urbana,in corrispondenza,del civico n.,VIA DI PORTA MAGGIORE,,36,,Veicolo in marcia contro veicoli in sosta,Rettilineo,Pi•À_ di due carreggiate,Asciutto,Asfaltata,Verticale ed orizzontale,Nuvoloso,Normale,Buona,Ore Diurne,0,0,0,0,"1,251,298","4,189,201",False
2640366,1,1/1/16 10:30,Strada Urbana,in prossimit•À_,del civico n.,LUNGOTEVERE DE' CENCI,,4,,Tamponamento Multiplo,Rettilineo,Una carreggiata a senso unico di marcia,Sdrucciolevole (fango),Asfaltata,Verticale ed orizzontale,Nuvoloso,Normale,Buona,Ore Diurne,1,0,0,4,"1,247,535","4,189,196",True
2640734,1,1/1/16 10:30,Strada Urbana,in prossimit•À_,del civico n.,LUNGOTEVERE DEI VALLATI,,25,,Veicolo in marcia contro ostacolo accidentale,Rettilineo,Una carreggiata a senso unico di marcia,Viscido da liquidi oleosi,Asfaltata,Verticale ed orizzontale,Nuvoloso,Normale,Buona,Ore Diurne,1,0,0,0,,,False
2640731,1,1/1/16 10:30,Strada Urbana,in prossimit•À_,del palo luce n.,LUNGOTEVERE DE' CENCI,,10 12,,Veicolo in marcia contro ostacolo accidentale,Rettilineo,Una carreggiata a senso unico di marcia,Viscido da liquidi oleosi,Asfaltata,Verticale ed orizzontale,Nuvoloso,Normale,Buona,Ore Diurne,0,0,0,1,"1,247,647","4,189,194",False
2641643,1,1/1/16 10:32,Strada Urbana,in prossimit•À_,del palo luce n.,LUNGOTEVERE DE' CENCI,,10,,Veicolo in marcia contro ostacolo accidentale,Rettilineo,Una carreggiata a senso unico di marcia,Viscido da liquidi oleosi,Asfaltata,Verticale ed orizzontale,Sereno,Normale,Buona,Ore Diurne,2,0,0,0,"1,247,647","4,189,194",False
2641525,12,1/1/16 10:45,Strada Urbana,da specificare,,VIADOTTO DELLA MAGLIANA,,,prossimit•À_ via del Pattinaggio direz. Fiumicino,Veicolo in marcia contro ostacolo fisso,Curva a visuale libera,Due carreggiate,Bagnato (pioggia),Asfaltata,Verticale ed orizzontale,Pioggia in atto,Scarso,Buona,Ore Diurne,0,0,0,1,"1,246,706","4,184,353",True
2641531,12,1/1/16 11:50,Strada Urbana,da specificare,,VIADOTTO DELLA MAGLIANA,,,prossimit•À_ via del Cappellaccio direz. Fiumicino,Veicolo in marcia contro ostacolo fisso,Curva senza visuale libera,Due carreggiate,Bagnato (pioggia),Asfaltata,Verticale ed orizzontale,Nuvoloso,Scarso,Buona,Ore Diurne,0,0,0,2,"1,246,189","41,84",True
2640306,1,1/1/16 12:30,Strada Urbana,all'intersezione con,VIA FERDINANDO DI SAVOIA,LUNGOTEVERE ARNALDO DA BRESCIA,VIA FERDINANDO DI SAVOIA,,,Veicolo in marcia contro veicolo fermo,Incrocio,Una carreggiata a senso unico di marcia,Asciutto,Asfaltata,Verticale ed orizzontale,Sereno,Intenso,Sufficiente,Ore Diurne,0,0,0,2,"1,247,261","419,123",True
2639896,6,1/1/16 13:00,Strada Urbana,all'intersezione con,VIA ERASMO GATTAMELATA,VIA LUCHINO DAL VERME,VIA ERASMO GATTAMELATA,,,Scontro laterale fra veicoli in marcia,Incrocio,Una carreggiata a senso unico di marcia,Asciutto,Asfaltata,Verticale ed orizzontale,Sereno,Scarso,Buona,Ore Diurne,0,0,0,3,"1,253,657","4,188,872",True
2640405,20,1/1/16 13:20,Regionale entro l'abitato,all'intersezione con,VIA RICCARDO MORBELLI,VIA CASSIA,VIA RICCARDO MORBELLI,,,Scontro frontale/laterale SX fra veicoli in marcia,Incrocio,Una carreggiata a doppio senso,Asciutto,Asfaltata,,Sereno,Scarso,Buona,Ore Diurne,2,0,0,4,,,False
2639906,6,1/1/16 14:40,Strada Urbana,in prossimit•À_,del civico n.,VIA DELLA MARRANELLA,,48,,Veicolo in marcia contro veicolo in sosta,Rettilineo,Una carreggiata a senso unico di marcia,Asciutto,Asfaltata,Verticale ed orizzontale,Sereno,Scarso,Buona,Ore Diurne,0,0,0,1,"1,254,236","4,188,197",True
2640318,1,1/1/16 15:10,Strada Urbana,da specificare,,PIAZZA AUGUSTO IMPERATORE,,,IN PROSSIMITA' VIA RIPETTA,Infortunio per caduta del veicolo,Rettilineo,,Asciutto,Acciotolata,Orizzontale,Sereno,Scarso,Buona,Ore Diurne,1,0,0,0,,,False
2639735,15,1/1/16 16:30,Strada Urbana,in prossimit•À_,del civico n.,VIA DELLA MAGLIANA,,424,,Scontro frontale fra veicoli in marcia,Curva a visuale libera,Una carreggiata a doppio senso,Asciutto,Asfaltata,Verticale ed orizzontale,Sereno,Normale,Buona,Ore Diurne,4,0,0,1,"1,244,653","4,183,418",True
2646149,18,1/1/16 16:30,Strada Urbana,in corrispondenza,del civico n.,VIA GREGORIO XI,,107,,Veicolo in marcia contro veicoli in sosta,Curva a visuale libera,Una carreggiata a doppio senso,Asciutto,Asfaltata,Verticale ed orizzontale,Nuvoloso,Scarso,Buona,Ore Diurne,1,0,0,0,"1,242,106","4,190,207",True
2639891,11,1/1/16 17:55,Strada Urbana,in corrispondenza,del civico n.,VIA DELLA MAGLIANA,,243,,Veicolo in marcia contro veicolo fermo,Rettilineo,Una carreggiata a doppio senso,Asciutto,Asfaltata,Verticale ed orizzontale,Nuvoloso,Scarso,Sufficiente,Sufficiente,0,0,0,4,"1,245,772","4,184,754",True
2640336,1,1/1/16 18:30,Strada Urbana,all'intersezione con,VIA DEI PONTEFICI,PIAZZA AUGUSTO IMPERATORE,VIA DEI PONTEFICI,,,Scontro frontale/laterale SX fra veicoli in marcia,Incrocio,Una carreggiata a senso unico di marcia,Asciutto,In cubetti di porfido,Orizzontale,Sereno,Scarso,Buona,Sufficiente,0,0,0,2,"1,247,717","4,190,647",True
2639910,8,1/1/16 19:00,Strada Urbana,all'intersezione con,VIA OSCAR ARNULFO ROMERO,VIA DON PRIMO MAZZOLARI,VIA OSCAR ARNULFO ROMERO,,,Scontro frontale/laterale DX fra veicoli in marcia,Incrocio,Una carreggiata a doppio senso,Asciutto,Asfaltata,Verticale ed orizzontale,Sereno,Scarso,Buona,Sufficiente,1,0,0,1,,,False
2639914,8,1/1/16 19:30,Strada Urbana,all'intersezione con,VIA FILIPPO CESARE ANNESSI,VIALE DEI ROMANISTI,VIA FILIPPO CESARE ANNESSI,,,Veicolo in marcia contro ostacolo accidentale,Intersezione non regolata/non segnalata,Due carreggiate,Asciutto,Asfaltata,Verticale ed orizzontale,Nuvoloso,Scarso,Buona,Sufficiente,0,0,0,4,"1,257,733","4,186,753",True
2640358,1,1/1/16 20:15,Strada Urbana,da specificare,,LUNGOTEVERE DELLA FARNESINA,,,PROSSIMITA' ALBERO 9,Veicolo in marcia contro veicolo arresto,Rettilineo,Una carreggiata a senso unico di marcia,Asciutto,Asfaltata,Verticale ed orizzontale,Sereno,Normale,Sufficiente,Sufficiente,0,0,0,3,"1,246,817","4,189,355",True
2639916,8,1/1/16 20:20,Strada Urbana,all'intersezione con,VIA FILIPPO CESARE ANNESSI,VIALE DEI ROMANISTI,VIA FILIPPO CESARE ANNESSI,,,Veicolo in marcia contro ostacolo accidentale,Intersezione non regolata/non segnalata,Due carreggiate,Asciutto,Asfaltata,Verticale ed orizzontale,Nuvoloso,Scarso,Buona,Sufficiente,0,0,0,3,"1,257,733","4,186,753",True
2641520,12,1/1/16 20:30,Strada Urbana,in prossimit•À_,del palo luce n.,VIALE DI VAL FIORITA,,17,,Veicolo in marcia contro veicoli in sosta,Curva a visuale libera,Una carreggiata a doppio senso,Asciutto,Asfaltata,Verticale ed orizzontale,Nuvoloso,Scarso,Buona,Sufficiente,0,0,0,1,"1,246,473","4,183,984",True
2640181,20,1/1/16 20:40,Strada Urbana,all'intersezione con,VIA DI VIGNA STELLUTI,LARGO DI VIGNA STELLUTI,VIA DI VIGNA STELLUTI,,,Scontro frontale/laterale SX fra veicoli in marcia,Intersezione stradale segnalata,Una carreggiata a doppio senso,Asciutto,Asfaltata,Verticale ed orizzontale,Sereno,Scarso,Buona,Sufficiente,1,0,0,4,,,False
2641570,19,1/1/16 22:10,Strada Urbana,in prossimit•À_,del civico n.,VIA TRIONFALE,,10874,,Veicolo in marcia contro veicolo fermo,Rettilineo,Una carreggiata a doppio senso,Asciutto,Asfaltata,Verticale ed orizzontale,Sereno,Scarso,Buona,Sufficiente,0,0,0,4,"1,241,249","4,195,691",True
2640738,10,1/1/16 23:45,Strada Urbana,da specificare,,VIA LEMONIA,,,fronte civ.191,Veicolo in marcia contro ostacolo fisso,Rettilineo,Una carreggiata a senso unico di marcia,Asciutto,Asfaltata,Verticale ed orizzontale,Sereno,Scarso,Buona,Sufficiente,0,0,0,1,"1,255,877","4,185,262",True
2639911,8,2/1/16 0:30,Strada Urbana,all'intersezione con,VIA MILO,VIA MEZZOIUSO,VIA MILO,,,Veicolo in marcia contro ostacolo fisso,Incrocio,Una carreggiata a doppio senso,Asciutto,Asfaltata,Assente,Nuvoloso,Scarso,Sufficiente,Sufficiente,0,0,0,1,"1,267,225","4,186,616",True
2640746,10,2/1/16 1:25,Strada Urbana,in prossimit•À_,del civico n.,VIA APPIA NUOVA,,860,,Veicolo in marcia contro veicolo in sosta,Rettilineo,Una carreggiata a senso unico di marcia,Asciutto,Asfaltata,Orizzontale,Nuvoloso,Scarso,Buona,Sufficiente,1,0,0,2,"125,514","4,184,613",True
2640756,1,2/1/16 8:10,Strada Urbana,in prossimit•À_,del civico n.,LUNGOTEVERE RAFFAELLO SANZIO,,12,,Veicolo in marcia contro ostacolo fisso,Rettilineo,Una carreggiata a senso unico di marcia,Viscido da liquidi oleosi,Asfaltata,Verticale ed orizzontale,Pioggia in atto,Normale,Buona,Ore Diurne,0,0,0,1,"1,247,338","418,905",True
2641419,9,2/1/16 8:10,,all'intersezione semaforizzata con,VIA MONSELICE,VIA TUSCOLANA,VIA MONSELICE,,,Scontro laterale fra veicoli in marcia,,,,,,,,,,2,0,0,1,,,False
2640282,7,2/1/16 8:10,Strada Urbana,all'intersezione con,VIA DEI CASTANI,VIA DEI GELSI,VIA DEI CASTANI,,,Investimento di pedone,Incrocio,Una carreggiata a doppio senso,Bagnato (pioggia),Asfaltata,Orizzontale,Nuvoloso,Normale,Sufficiente,Ore Diurne,1,0,0,1,"1,256,533","4,188,851",True
2640407,15,2/1/16 8:25,Strada Urbana,all'intersezione semaforizzata con,VIA DEGLI ALAGNO,VIALE ARTURO MARTINI,VIA DEGLI ALAGNO,,,Scontro frontale/laterale SX fra veicoli in marcia,Incrocio,Due carreggiate,Bagnato (pioggia),Asfaltata,Verticale ed orizzontale,Pioggia in atto,Normale,Buona,Ore Diurne,1,0,0,1,"1,241,417","4,184,736",True
2640743,1,2/1/16 8:50,Strada Urbana,in corrispondenza,del civico n.,LUNGOTEVERE DEI VALLATI,,25,,Infortunio per sola frenata improvvisa,Curva a visuale libera,Una carreggiata a senso unico di marcia,Viscido da liquidi oleosi,Asfaltata,Verticale ed orizzontale,Pioggia in atto,Normale,Buona,Ore Diurne,1,0,0,1,"1,247,376","4,189,187",True
2642696,1,2/1/16 8:55,Strada Urbana,in prossimit•À_,del civico n.,LUNGOTEVERE DE' CENCI,,4,,Veicolo in marcia contro ostacolo accidentale,Rettilineo,Una carreggiata a senso unico di marcia,Sdrucciolevole (fango),Asfaltata,Verticale ed orizzontale,Pioggia in atto,Scarso,Buona,Ore Diurne,0,0,0,4,"1,247,535","4,189,196",True
2640749,1,2/1/16 8:55,Strada Urbana,in prossimit•À_,del civico n.,LUNGOTEVERE DEI VALLATI,,21,,Veicolo in marcia contro veicolo in sosta,Curva a visuale libera,Una carreggiata a senso unico di marcia,Sdrucciolevole (fango),Asfaltata,Verticale ed orizzontale,Pioggia in atto,Normale,Buona,Ore Diurne,0,0,0,1,"1,247,345","418,917",True
2642781,1,2/1/16 9:00,Strada Urbana,in corrispondenza,del civico n.,LUNGOTEVERE DE' CENCI,,4B,,Veicolo in marcia contro ostacolo accidentale,Rettilineo,Una carreggiata a senso unico di marcia,Sdrucciolevole (fango),Asfaltata,Verticale ed orizzontale,Pioggia in atto,Scarso,Buona,Ore Diurne,0,0,0,1,"1,247,535","4,189,196",True
2640737,1,2/1/16 9:00,Strada Urbana,in prossimit•À_,del civico n.,LUNGOTEVERE DE' CENCI,,3,,Veicolo in marcia contro ostacolo accidentale,Rettilineo,Una carreggiata a senso unico di marcia,Sdrucciolevole (pietrisco),Asfaltata,Verticale ed orizzontale,Pioggia in atto,Normale,Sufficiente,Ore Diurne,0,0,0,1,"1,247,511","4,189,191",False
2640726,1,2/1/16 9:05,Strada Urbana,da specificare,,LUNGOTEVERE RAFFAELLO SANZIO,,,PROSSIMITA' VIA DEL POLITEAMA,Veicolo in marcia contro ostacolo accidentale,Rettilineo,Una carreggiata a senso unico di marcia,Bagnato (pioggia),Asfaltata,Verticale ed orizzontale,Pioggia in atto,Scarso,Buona,Ore Diurne,1,0,0,0,"1,247,209","4,189,077",False
2642629,17,2/1/16 9:15,Strada Urbana,in prossimit•À_,del palo luce n.,VIALE DELLO STADIO OLIMPICO,,29/30,,Ribaltamento senza urto contro ostacolo fisso,Rettilineo,Una carreggiata a senso unico di marcia,Bagnato (pioggia),Asfaltata,Verticale,Pioggia in atto,Scarso,Buona,Ore Diurne,0,0,0,2,"1,245,365","4,193,099",True
2640394,13,2/1/16 9:15,Strada Urbana,da specificare,,VIALE DEI ROMAGNOLI,,,prossimit•À_ Via Felice da Garessio,Tamponamento,Rettilineo,Una carreggiata a doppio senso,Bagnato (pioggia),,Verticale ed orizzontale,Pioggia in atto,Normale,Buona,Ore Diurne,0,0,0,2,,,False
2644783,1,2/1/16 9:20,Strada Urbana,in prossimit•À_,del civico n.,LUNGOTEVERE DE' CENCI,,5,,Tamponamento Multiplo,Rettilineo,Una carreggiata a senso unico di marcia,Sdrucciolevole (fango),Asfaltata,Verticale ed orizzontale,Pioggia in atto,Scarso,Buona,Ore Diurne,0,0,0,4,"1,247,558","4,189,186",True
2640763,1,2/1/16 9:30,Strada Urbana,in corrispondenza,del civico n.,LUNGOTEVERE RAFFAELLO SANZIO,,9,,Veicolo in marcia contro veicolo fermo,Rettilineo,Una carreggiata a senso unico di marcia,Viscido da liquidi oleosi,Asfaltata,Verticale ed orizzontale,Pioggia in atto,Normale,Buona,Ore Diurne,0,0,0,2,"1,247,184","4,189,085",True
2640293,7,2/1/16 9:30,Strada Urbana,all'intersezione con,VIA ARENA,VIA DEI CICLAMINI,VIA ARENA,,,Scontro frontale/laterale SX fra veicoli in marcia,Incrocio,Una carreggiata a doppio senso,Bagnato (pioggia),Asfaltata,Verticale ed orizzontale,Pioggia in atto,Normale,Sufficiente,Ore Diurne,0,0,0,2,"1,256,574","4,189,283",True
2641475,4,2/1/16 9:30,Strada Urbana,all'intersezione con,VIA ROSINA ANSELMI,VIA GIUSEPPE IMER,VIA ROSINA ANSELMI,,,Tamponamento,Incrocio,Una carreggiata a senso unico di marcia,Bagnato (pioggia),Asfaltata,Verticale ed orizzontale,Pioggia in atto,Normale,Buona,Ore Diurne,0,0,0,2,"1,253,179","4,196,666",True
2641549,2,2/1/16 9:55,Strada Urbana,da specificare,,VIA DEL FORO ITALICO,,,alt. palo acea n. 295,Ribaltamento senza urto contro ostacolo fisso,Rettilineo,Due carreggiate,Bagnato (pioggia),Asfaltata,Verticale ed orizzontale,Pioggia in atto,Normale,Buona,Ore Diurne,1,0,0,1,"1,248,278","4,194,005",False
2641544,12,2/1/16 9:55,Comunale extraurbana,da specificare,,VIA CRISTOFORO COLOMBO,,,direzione Roma in prossimit•À_ Via Carlo Levi,Veicolo in marcia contro ostacolo fisso,Curva senza visuale libera,Due carreggiate,Bagnato (pioggia),Asfaltata,Verticale ed orizzontale,Pioggia in atto,Normale,Buona,Ore Diurne,0,0,0,1,"1,246,009","4,181,234",True
2641692,12,2/1/16 10:00,Strada Urbana,da specificare,,VIA CRISTOFORO COLOMBO,,,direzione Roma prossimit•À_ Via C.Levi,Veicolo in marcia contro ostacolo fisso,Rettilineo,Due carreggiate,Bagnato (pioggia),Asfaltata,Verticale ed orizzontale,Nuvoloso,Normale,Buona,Ore Diurne,0,0,0,1,"1,245,975","4,181,263",True
2640324,7,2/1/16 10:00,Strada Urbana,da specificare,,VIA SALVIATI,,,nei pressi di via Tor Cervara,Tamponamento,Rettilineo,Una carreggiata a doppio senso,Bagnato (pioggia),Asfaltata,Assente,Nuvoloso,Scarso,Sufficiente,Ore Diurne,0,0,0,3,"125,885","4,190,771",True
2640483,13,2/1/16 10:20,,in corrispondenza,del civico n.,VIA DELLE SIRENE,,79,,Scontro frontale/laterale SX fra veicoli in marcia,,,,,,,,,,1,0,0,1,"1,227,141","417,343",False
2641530,16,2/1/16 10:25,Strada Urbana,in prossimit•À_,del civico n.,VIA AURELIA ANTICA,,535,,Scontro frontale/laterale SX fra veicoli in marcia,Curva a visuale libera,Una carreggiata a doppio senso,Bagnato (umidit•À_ in atto),Asfaltata,Verticale ed orizzontale,Pioggia in atto,Normale,Buona,Sufficiente,0,0,0,3,"1,241,157","4,188,895",True