ID,Gruppo,_DataOraIncidente,_Localizzazione1,_Localizzazione2,Strada02,Strada1,Strada2,Chilometrica,DaSpecificare,_NaturaIncidente,_ParticolaritaStrade,_TipoStrada,_FondoStradale,_Pavimentazione,_Segnaletica,_CondizioneAtmosferica,_Traffico,_Visibilita,_Illuminazione,NUM_FERITI,_NUM_RISERVATA,_NUM_MORTI,_NUM_ILLESI,Longitudine,Latitudine,CONFERMATO
2641934,16,3/1/16 0:15,Strada Urbana,da specificare,,VIA AURELIA ANTICA,,,535,Fuoriuscita dalla sede stradale,Curva a visuale libera,Una carreggiata a doppio senso,Bagnato (pioggia),Asfaltata,Assente,Nuvoloso,Scarso,Buona,Sufficiente,1,0,0,0,"1,243,494","4,189,015",False
2642731,23,3/1/16 0:15,Strada Urbana,all'intersezione semaforizzata con,CIRCONVALLAZIONE OSTIENSE,VIA CRISTOFORO COLOMBO,CIRCONVALLAZIONE OSTIENSE,,,Tamponamento,Intersezione semaforizzata,Pi•À_ di due carreggiate,Bagnato (pioggia),Asfaltata,Verticale ed orizzontale,Nuvoloso,Scarso,Sufficiente,Sufficiente,1,0,0,3,"1,244,704","4,180,373",True
2641442,20,3/1/16 0:20,Strada Urbana,da specificare,,VIALE DI TOR DI QUINTO,,,prossimit•À_ di via della Stazione di Tor di Quinto,Veicolo in marcia contro ostacolo fisso,Curva senza visuale libera,Due carreggiate,Bagnato (umidit•À_ in atto),Asfaltata,Orizzontale,Sereno,Scarso,Buona,Ore Diurne,0,0,0,1,,,False
2641497,5,3/1/16 0:30,Strada Urbana,all'intersezione con,VIA FRANCESCO ZANARDI,VIALE ETTORE FRANCESCHINI,VIA FRANCESCO ZANARDI,,,Veicolo in marcia contro veicolo in sosta,Incrocio,Due carreggiate,Bagnato (pioggia),Asfaltata,Verticale ed orizzontale,Nuvoloso,Scarso,Buona,Sufficiente,0,0,0,1,"1,257,787","4,191,337",True
2642740,1,3/1/16 0:30,Strada Urbana,all'intersezione con,VIA CARLO BOTTA,VIA ANGELO POLIZIANO,VIA CARLO BOTTA,,,Scontro frontale/laterale SX fra veicoli in marcia,Incrocio,Una carreggiata a senso unico di marcia,Bagnato (pioggia),Lastricata,Verticale ed orizzontale,Nuvoloso,Scarso,Sufficiente,Sufficiente,1,0,0,1,"1,250,052","418,916",True
2641807,2,3/1/16 0:35,Strada Urbana,da specificare,,CORSO D'ITALIA,,,fr. NH HOTEL dir. P.za Fiume,Veicolo in marcia contro ostacolo fisso,Rettilineo,Due carreggiate,Bagnato (pioggia),Asfaltata,Verticale ed orizzontale,Pioggia in atto,Scarso,Sufficiente,Sufficiente,0,0,0,1,"124,949","4,191,101",True
2641644,2,3/1/16 0:35,,da specificare,,CORSO D'ITALIA,,,fr. NH HOTEL dir. P.za Fiume,Veicolo in marcia contro ostacolo fisso,,,,,,,,,,0,0,0,0,,,False
2641551,19,3/1/16 1:00,Strada Urbana,in prossimit•À_,del civico n.,VIA BRACCIANENSE,,210,,Veicolo in marcia contro ostacolo fisso,Curva senza visuale libera,Una carreggiata a doppio senso,Bagnato (pioggia),Asfaltata,Verticale,Nuvoloso,Scarso,Insufficiente,Inesistente,0,0,0,2,"1,236,712","4,201,154",True
2641471,10,3/1/16 1:00,Strada Urbana,all'intersezione con,VIA DELLE VIGNE DI MORENA,VIA DEI SETTE METRI,VIA DELLE VIGNE DI MORENA,,,Scontro frontale/laterale DX fra veicoli in marcia,Incrocio,Una carreggiata a doppio senso,Bagnato (pioggia),Asfaltata,Verticale ed orizzontale,Pioggia in atto,Normale,Sufficiente,Sufficiente,0,0,0,6,"1,260,326","4,181,197",True
2641681,2,3/1/16 1:30,Strada Urbana,in corrispondenza,del civico n.,VIA RUGGERO GIOVANNELLI,,2,,Veicolo in marcia contro veicolo in sosta,Rettilineo,Una carreggiata a senso unico di marcia,Bagnato (pioggia),Asfaltata,Verticale ed orizzontale,Pioggia in atto,Scarso,Sufficiente,Sufficiente,0,0,0,1,"1,249,418","4,191,547",True
2641555,6,3/1/16 1:40,Strada Urbana,all'intersezione con,PIAZZA QUINTO CURZIO,VIA STATILIO OTTATO,PIAZZA QUINTO CURZIO,,,Scontro frontale/laterale SX fra veicoli in marcia,Incrocio,Una carreggiata a senso unico di marcia,Bagnato (pioggia),Asfaltata,Verticale ed orizzontale,Nuvoloso,Scarso,Sufficiente,Sufficiente,0,0,0,3,"1,256,818","418,563",True
2641808,2,3/1/16 2:30,Strada Urbana,in prossimit•À_,del civico n.,PIAZZA DELLA MARINA,,24,,Veicolo in marcia contro ostacolo fisso,Rettilineo,Una carreggiata a senso unico di marcia,Bagnato (pioggia),Asfaltata,Verticale ed orizzontale,Pioggia in atto,Scarso,Sufficiente,Sufficiente,0,0,0,1,"1,247,404","4,191,595",True
2641576,19,3/1/16 3:00,Strada Urbana,in prossimit•À_,del civico n.,VIA DELLA CAMILLUCCIA,,fronte 495,,Veicolo in marcia contro ostacolo fisso,Curva a visuale libera,Una carreggiata a doppio senso,Bagnato (umidit•À_ in atto),Asfaltata,Orizzontale,Nuvoloso,Scarso,Insufficiente,Insufficiente,1,0,0,0,,,False
2641645,3,3/1/16 4:15,Strada Urbana,in prossimit•À_,del civico n.,VIA GIOVANNI CONTI,,171,,Veicolo in marcia contro veicoli in sosta,Rettilineo,Due carreggiate,Bagnato (pioggia),Asfaltata,Verticale ed orizzontale,Nuvoloso,Scarso,Buona,Sufficiente,1,0,0,1,"1,253,298","419,564",False
2642796,1,3/1/16 4:30,Strada Urbana,in prossimit•À_,del palo luce n.,PIAZZALE OSTIENSE,,8,,Tamponamento,Rettilineo,Una carreggiata a doppio senso,Asciutto,Asfaltata,Verticale ed orizzontale,Nuvoloso,Scarso,Sufficiente,Sufficiente,0,0,0,6,"1,248,137","4,187,628",True
2641769,12,3/1/16 4:30,Strada Urbana,da specificare,,VIADOTTO DELLA MAGLIANA,,,direz. Fiumicino  altezza via del Cappellaccio,Veicolo in marcia contro ostacolo fisso,Curva a visuale libera,Due carreggiate,Bagnato (pioggia),Asfaltata,Verticale,Nuvoloso,Scarso,Buona,Insufficiente,0,0,0,1,"1,246,075","4,183,898",True
2642714,1,3/1/16 4:30,Strada Urbana,all'intersezione semaforizzata con,VIA DI S. CROCE IN GERUSALEMME,VIALE MANZONI,VIA DI S. CROCE IN GERUSALEMME,,,Scontro frontale/laterale DX fra veicoli in marcia,Intersezione semaforizzata,Una carreggiata a doppio senso,Bagnato (umidit•À_ in atto),Asfaltata,Verticale ed orizzontale,Sereno,Scarso,Sufficiente,Sufficiente,6,0,0,1,"1,250,772","4,189,117",True
2641793,12,3/1/16 4:45,Comunale extraurbana,da specificare,,VIADOTTO DELLA MAGLIANA,,,altezza cappellaccio,Veicolo in marcia contro ostacolo fisso,Curva senza visuale libera,Due carreggiate,Bagnato (pioggia),Asfaltata,Verticale,Nuvoloso,Scarso,Buona,Insufficiente,0,0,0,1,"1,246,221","4,184,062",True
2651346,18,3/1/16 5:50,Strada Urbana,all'intersezione con,VIA DI BOCCEA,VIA ACHILLE LUIGI BONANOME,VIA DI BOCCEA,,,Veicolo in marcia contro ostacolo fisso,Intersezione stradale segnalata,Una carreggiata a doppio senso,Bagnato (umidit•À_ in atto),Asfaltata,Verticale ed orizzontale,Sereno,Scarso,Sufficiente,Sufficiente,0,0,0,0,"1,238,751","4,191,358",True
2642748,23,3/1/16 7:10,Comunale extraurbana,in corrispondenza,della chilometrica,VIA CRISTOFORO COLOMBO,,15.2,,Veicolo in marcia contro ostacolo fisso,Rettilineo,Pi•À_ di due carreggiate,Bagnato (umidit•À_ in atto),Asfaltata,Verticale ed orizzontale,Sereno,Scarso,Buona,Ore Diurne,0,0,0,1,"1,242,497","4,178,812",False
2641484,20,3/1/16 9:00,Strada Urbana,in prossimit•À_,del palo luce n.,VIA DEI DUE PONTI,,spn9,,Veicolo in marcia contro ostacolo fisso,Rettilineo,Una carreggiata a doppio senso,Bagnato (umidit•À_ in atto),Asfaltata,Assente,Sereno,Scarso,Buona,Ore Diurne,1,0,0,0,,,False
2641754,16,3/1/16 9:30,Strada Urbana,all'intersezione con,VIA MATTIA MONTECCHI,VIALE DI TRASTEVERE,VIA MATTIA MONTECCHI,,,Tamponamento,Incrocio,Pi•À_ di due carreggiate,Asciutto,Asfaltata,Assente,Sereno,Normale,Buona,Ore Diurne,0,0,0,3,"1,246,776","4,188,147",True
2641786,12,3/1/16 9:45,Statale,in prossimit•À_,della chilometrica,VIA PONTINA,,25.7,,Veicolo in marcia contro ostacolo fisso,Curva a visuale libera,Una carreggiata a doppio senso,Bagnato (pioggia),Asfaltata,Verticale ed orizzontale,Pioggia in atto,Scarso,Buona,Ore Diurne,1,0,0,0,"1,245,106","4,179,235",False
2641421,15,3/1/16 9:45,Strada Urbana,in corrispondenza,del civico n.,VIA PIETRO FRATTINI,,42,,Investimento di pedone,Curva a visuale libera,Due carreggiate,Bagnato (pioggia),Asfaltata,Verticale ed orizzontale,Nuvoloso,Normale,Buona,Ore Diurne,0,0,0,2,"1,244,708","4,185,458",True
2641802,12,3/1/16 9:50,Provinciale,in prossimit•À_,della chilometrica,VIA PONTINA,,26,,Investimento di pedone,Curva senza visuale libera,Due carreggiate,Bagnato (umidit•À_ in atto),Asfaltata,Verticale ed orizzontale,Nuvoloso,Normale,Buona,Ore Diurne,1,0,0,4,"1,245,106","4,179,235",False
2641486,20,3/1/16 9:55,Strada Urbana,da specificare,,VIALE DI TOR DI QUINTO,,,prossimit•À_ via F. Caprilli,Veicolo in marcia contro ostacolo fisso,Curva a visuale libera,Due carreggiate,Bagnato (pioggia),Asfaltata,Verticale ed orizzontale,Sereno,Normale,Buona,Ore Diurne,0,0,0,5,"1,247,847","4,194,471",True
2642707,17,3/1/16 10:15,,all'intersezione con,VIA PAOLO EMILIO,VIA GERMANICO,VIA PAOLO EMILIO,,,Scontro frontale/laterale SX fra veicoli in marcia,,,,,,,,,,5,0,0,1,"1,246,335","419,091",False
2641397,11,3/1/16 10:45,Strada Urbana,in prossimit•À_,del palo luce n.,LUNGOTEVERE DI S. PAOLO,,19,,Veicolo in marcia contro ostacolo accidentale,Rettilineo,Due carreggiate,Asciutto,Asfaltata,Verticale ed orizzontale,Sereno,Normale,Sufficiente,Ore Diurne,0,0,0,3,"124,751","4,186,018",True
2642139,11,3/1/16 11:00,Strada Urbana,in corrispondenza,del civico n.,VIALE DEL CAMPO BOARIO,,56,,Veicolo in marcia contro veicoli in sosta,Rettilineo,Una carreggiata a doppio senso,Asciutto,Asfaltata,Verticale ed orizzontale,Sereno,Scarso,Buona,Ore Diurne,0,0,0,1,"1,247,709","4,187,406",True
2641459,6,3/1/16 11:10,Strada Urbana,da specificare,,VIA PRENESTINA,,,f.c. 414 (sede tram),Investimento di pedone,Rettilineo,Due carreggiate,Bagnato (umidit•À_ in atto),Asfaltata,Verticale ed orizzontale,Sereno,Scarso,Buona,Ore Diurne,1,0,0,1,"1,256,396","418,948",False
2641682,19,3/1/16 11:45,Strada Urbana,in prossimit•À_,del civico n.,VIA LATTANZIO,,22,,Veicolo in marcia contro veicoli in sosta,Rettilineo,Una carreggiata a doppio senso,Viscido da liquidi oleosi,Asfaltata,Assente,Sereno,Normale,Buona,Ore Diurne,0,0,0,2,"1,244,132","4,191,245",True
2641425,7,3/1/16 12:20,,in prossimit•À_,del civico n.,VIALE PALMIRO TOGLIATTI,,993,,Tamponamento,,,,,,,,,,1,0,0,3,,,False
2641457,8,3/1/16 14:40,,in corrispondenza,del civico n.,VIA CASILINA,,1754,,Scontro frontale/laterale SX fra veicoli in marcia,,,,,,,,,,1,0,0,1,,,False
2641399,13,3/1/16 15:15,Strada Urbana,da specificare,,VIALE ALESSANDRO MAGNO,,,pross. civ. 323,Scontro frontale/laterale SX fra veicoli in marcia,Rettilineo,Due carreggiate,Asciutto,Asfaltata,Verticale ed orizzontale,Nuvoloso,Scarso,Buona,Ore Diurne,0,0,0,4,"1,234,882","4,174,566",True
2642793,2,3/1/16 15:45,Strada Urbana,all'intersezione con,PIAZZA APOLLODORO,VIA FLAMINIA,PIAZZA APOLLODORO,,,Veicolo in marcia contro ostacolo fisso,Incrocio,Pi•À_ di due carreggiate,Asciutto,Asfaltata,Verticale ed orizzontale,Sereno,Scarso,Buona,Ore Diurne,0,0,0,1,"1,246,913","419,286",True
2641545,5,3/1/16 16:00,Strada Urbana,all'intersezione semaforizzata con,VIA DEI DURANTINI,VIA DEI MONTI TIBURTINI,VIA DEI DURANTINI,,,Scontro frontale/laterale SX fra veicoli in marcia,Intersezione semaforizzata,Due carreggiate,Bagnato (umidit•À_ in atto),Asfaltata,Verticale ed orizzontale,Nuvoloso,Normale,Sufficiente,Sufficiente,3,0,0,4,"1,254,302","4,191,723",True
2641939,16,3/1/16 16:30,Strada Urbana,all'intersezione con,VIA DI MONTE VERDE,LARGO ALESSANDRINA RAVIZZA,VIA DI MONTE VERDE,,,Scontro frontale/laterale SX fra veicoli in marcia,Intersezione non regolata/non segnalata,Una carreggiata a senso unico di marcia,Asciutto,Asfaltata,Orizzontale,Sereno,Scarso,Sufficiente,Ore Diurne,0,0,0,2,"1,245,113","4,187,134",True
2641560,5,3/1/16 16:50,Strada Urbana,da specificare,,VIA FERONIA,,,altezza via Casale Fainelli,Veicolo in marcia contro ostacolo accidentale,Rettilineo,Una carreggiata a senso unico di marcia,Bagnato (pioggia),Asfaltata,Assente,Nuvoloso,Scarso,Buona,Ore Diurne,0,0,0,2,"1,254,863","4,191,746",True
2641243,13,3/1/16 17:00,Strada Urbana,all'intersezione con,VIA DELLA SALVIA,VIA DELLA VERBENA,VIA DELLA SALVIA,,,Scontro frontale/laterale DX fra veicoli in marcia,Incrocio,Una carreggiata a senso unico di marcia,Asciutto,Asfaltata,Verticale ed orizzontale,Sereno,Normale,Sufficiente,Sufficiente,0,0,0,3,"1,236,069","4,178,643",True
2641479,10,3/1/16 18:00,Strada Urbana,da specificare,,VIALE LUIGI SCHIAVONETTI,,,fronte palo acea 121,Scontro laterale fra veicoli in marcia,Rettilineo,Una carreggiata a senso unico di marcia,Asciutto,Asfaltata,Orizzontale,Sereno,Normale,Buona,Sufficiente,0,0,0,3,"1,261,642","4,184,566",True
2641495,10,3/1/16 18:30,Strada Urbana,in prossimit•À_,del civico n.,PIAZZA QUINTO CURZIO,,14,,Investimento di pedone,Rotatoria,Una carreggiata a senso unico di marcia,Asciutto,Asfaltata,Verticale ed orizzontale,Sereno,Normale,Buona,Sufficiente,1,0,0,2,"1,256,873","4,185,552",True
2641649,19,3/1/16 18:40,Strada Urbana,in prossimit•À_,del civico n.,VIA DELLA PINETA SACCHETTI,,215,,Tamponamento Multiplo,Rettilineo,Una carreggiata a senso unico di marcia,Asciutto,Asfaltata,Temporanea di cantiere,Sereno,Normale,Buona,Sufficiente,0,0,0,3,"1,242,711","4,192,908",True
2641499,10,3/1/16 19:15,Strada Urbana,in prossimit•À_,del civico n.,VIA RAFFAELE DE CESARE,,74,,Scontro laterale fra veicoli in marcia,Rettilineo,Una carreggiata a senso unico di marcia,Asciutto,Asfaltata,Verticale ed orizzontale,Sereno,Normale,Buona,Sufficiente,0,0,0,3,"1,252,008","4,187,183",True
2641460,8,3/1/16 19:15,Strada Urbana,da specificare,,VIALE DUILIO CAMBELLOTTI,,,altzza Centro Commerciale Le Torri,Veicolo in marcia contro ostacolo accidentale,Rettilineo,Due carreggiate,Asciutto,,,,,,,0,0,0,1,,,False
2641474,8,3/1/16 19:20,Statale entro l'abitato,da specificare,,VIA CASILINA,,,50 mt dopo V. E. Breda dir.ne fuori RM,Veicolo in marcia contro ostacolo accidentale,Rettilineo,Due carreggiate,Asciutto,Asfaltata,Verticale ed orizzontale,Nuvoloso,Normale,Insufficiente,Sufficiente,0,0,0,1,,,False
2641445,20,3/1/16 20:10,Strada Urbana,da specificare,,VIA TORBOLE,,,prossimit•À_ Via della Mendola,Veicolo in marcia contro veicoli in sosta,Rettilineo,Una carreggiata a senso unico di marcia,Asciutto,Asfaltata,Verticale,Sereno,Scarso,Sufficiente,Sufficiente,0,0,0,1,,,False
2641476,8,3/1/16 20:15,Strada Urbana,all'intersezione con,VIA DI TORRE SPACCATA,VIALE DI TORRE MAURA,VIA DI TORRE SPACCATA,,,Scontro frontale/laterale DX fra veicoli in marcia,Intersezione semaforizzata,Due carreggiate,Asciutto,Asfaltata,Verticale ed orizzontale,Sereno,Scarso,Sufficiente,Sufficiente,0,0,0,2,"1,258,657","4,186,526",True
2641849,18,3/1/16 20:35,Strada Urbana,all'intersezione con,VIA CALISTO II,VIA DELLA PINETA SACCHETTI,VIA CALISTO II,,,Tamponamento Multiplo,Intersezione stradale segnalata,Una carreggiata a doppio senso,Asciutto,Asfaltata,Verticale ed orizzontale,Sereno,Scarso,Buona,Sufficiente,0,0,0,4,"12,424","4,191,104",True
2641778,1,3/1/16 21:00,Strada Urbana,all'intersezione semaforizzata con,VIA STATILIA,VIA DI S. CROCE IN GERUSALEMME,VIA STATILIA,,,Scontro frontale/laterale SX fra veicoli in marcia,Intersezione semaforizzata,Una carreggiata a doppio senso,Asciutto,Asfaltata,Verticale ed orizzontale,Sereno,Normale,Buona,Sufficiente,0,0,0,3,"1,251,178","4,189,045",True
2641636,19,3/1/16 21:10,Strada Urbana,in prossimit•À_,del civico n.,VIA MATTIA BATTISTINI,,580,,Scontro frontale/laterale SX fra veicoli in marcia,Rettilineo,Una carreggiata a doppio senso,Asciutto,Asfaltata,Orizzontale,Sereno,Scarso,Buona,Sufficiente,0,0,0,4,"1,242,031","4,192,177",True
2641571,5,3/1/16 22:15,Strada Urbana,all'intersezione semaforizzata con,VIA DEL CASALE DI S. BASILIO,VIA TIBURTINA,VIA DEL CASALE DI S. BASILIO,,,Veicolo in marcia contro ostacolo fisso,Incrocio,Due carreggiate,Asciutto,Asfaltata,Verticale ed orizzontale,Sereno,Normale,Sufficiente,Insufficiente,0,0,0,1,"1,258,464","4,193,265",True
2641764,7,3/1/16 22:30,Strada Urbana,in corrispondenza,del civico n.,VIA PRENESTINA,,222f,,Veicolo in marcia contro veicolo in sosta,Rettilineo,Due carreggiate,Asciutto,Asfaltata,Verticale ed orizzontale,Sereno,Normale,Buona,Sufficiente,0,0,0,3,"1,253,829","418,923",True
2642636,16,4/1/16 1:00,Strada Urbana,in prossimit•À_,del civico n.,VIA ROBERTO ALESSANDRI,,73,,Veicolo in marcia contro veicoli in sosta,Rettilineo,Una carreggiata a senso unico di marcia,Asciutto,Asfaltata,Verticale ed orizzontale,Sereno,Scarso,Buona,Sufficiente,0,0,0,1,"1,244,083","4,186,767",True
2641744,19,4/1/16 1:20,Strada Urbana,in prossimit•À_,del civico n.,VIA MATTIA BATTISTINI,,504,,Veicolo in marcia contro veicoli in sosta,Rettilineo,Una carreggiata a doppio senso,Asciutto,Asfaltata,Orizzontale,Nuvoloso,Scarso,Sufficiente,Sufficiente,1,0,0,0,"1,241,937","4,192,035",True
2641452,7,4/1/16 1:20,Strada Urbana,all'intersezione con,VIA DI TORRE SPACCATA,VIA CASILINA,VIA DI TORRE SPACCATA,,,Scontro frontale/laterale SX fra veicoli in marcia,Incrocio,Due carreggiate,Asciutto,Asfaltata,Orizzontale,Sereno,Scarso,Buona,Sufficiente,0,1,0,1,"1,258,736","4,186,846",True
2641575,5,4/1/16 2:00,Strada Urbana,in corrispondenza,del civico n.,PIAZZA CASALMAGGIORE,,15,,Veicolo in marcia contro veicoli in sosta,Rettilineo,Una carreggiata a senso unico di marcia,Asciutto,Asfaltata,Verticale ed orizzontale,Sereno,Scarso,Sufficiente,Sufficiente,0,0,0,2,"1,251,727","418,837",True
2642597,1,4/1/16 3:30,Strada Urbana,in prossimit•À_,del civico n.,PIAZZA GANDHI,,3,,Veicolo in marcia contro veicoli in sosta,Rettilineo,Una carreggiata a doppio senso,Bagnato (pioggia),Asfaltata,Orizzontale,Pioggia in atto,Scarso,Sufficiente,Sufficiente,3,0,0,0,,,False
2641687,2,4/1/16 6:00,Strada Urbana,da specificare,,SOTTOVIA IGNAZIO GUIDI,,,rampa per Via Nomentana,Veicolo in marcia contro ostacolo fisso,Curva senza visuale libera,Una carreggiata a senso unico di marcia,Asciutto,Asfaltata,Verticale ed orizzontale,Nuvoloso,Scarso,Sufficiente,Sufficiente,0,0,0,0,"1,249,049","4,191,001",True
2642547,19,4/1/16 6:30,Strada Urbana,da specificare,,VIA S. GIUSEPPE DA COPERTINO,,,snc-alt. cavalcavia ove esiste cartello luminoso,Veicolo in marcia contro ostacolo fisso,Curva a visuale libera,Una carreggiata a senso unico di marcia,Bagnato (umidit•À_ in atto),Asfaltata,Verticale ed orizzontale,Nuvoloso,Normale,Buona,Ore Diurne,0,0,0,1,"1,240,376","4,197,606",True
2642012,10,4/1/16 6:40,,in prossimit•À_,del civico n.,VIA APPIA PIGNATELLI,,407,,Investimento di pedone,,,,,,,,,,0,1,0,1,"1,254,863","4,183,781",False
2641665,12,4/1/16 7:25,Strada Urbana,da specificare,,VIALE PECHINO,,,altezza Parco Matteo Di Fazio,Veicolo in marcia contro ostacolo accidentale,Curva a visuale libera,Due carreggiate,Bagnato (pioggia),Asfaltata,Verticale ed orizzontale,Pioggia in atto,Normale,Buona,Ore Diurne,0,0,0,1,"1,243,628","418,058",True
2642163,19,4/1/16 7:35,Strada Urbana,in prossimit•À_,della chilometrica,GALLERIA GIOVANNI XXIII,,1.5,,Fuoriuscita dalla sede stradale,Galleria illuminata,Una carreggiata a senso unico di marcia,Bagnato (umidit•À_ in atto),Asfaltata,Verticale ed orizzontale,Pioggia in atto,Normale,Buona,Ore Diurne,1,0,0,1,"1,244,462","4,194,111",True
2652021,18,4/1/16 7:50,Strada Urbana,da specificare,,VIA RISERVA DELLA TORRETTA,,,s.n.c.,Veicolo in marcia contro ostacolo fisso,Curva senza visuale libera,Una carreggiata a doppio senso,Bagnato (pioggia),Asfaltata,Orizzontale,Pioggia in atto,Normale,Sufficiente,Ore Diurne,0,0,0,1,"1,238,886","4,188,823",True
2641620,20,4/1/16 8:30,Strada Urbana,da specificare,,VIA FORNACE VIGNOLO,,,alt. via Guido Grandi,Scontro laterale fra veicoli in marcia,Curva a visuale libera,Una carreggiata a doppio senso,Bagnato (pioggia),Asfaltata,Orizzontale,Pioggia in atto,Normale,Sufficiente,Ore Diurne,1,0,0,2,,,False
2642592,12,4/1/16 9:00,Strada Urbana,da specificare,,VIA CRISTOFORO COLOMBO,,,200 mt prima di Largo Pella direz. fuori Roma,Scontro laterale fra veicoli in marcia,Rettilineo,Due carreggiate,Bagnato (pioggia),Asfaltata,Verticale ed orizzontale,Pioggia in atto,Normale,Buona,Ore Diurne,0,0,0,2,"1,246,936","4,183,009",True
2642168,19,4/1/16 9:15,Strada Urbana,da specificare,,VIA VITTORIO MONTIGLIO,,,prima curva ascendere,Scontro frontale/laterale SX fra veicoli in marcia,Curva senza visuale libera,Una carreggiata a doppio senso,Bagnato (pioggia),Asfaltata,Verticale ed orizzontale,Pioggia in atto,Normale,Buona,Ore Diurne,1,0,0,1,"1,242,944","4,192,351",True
2642549,11,4/1/16 9:40,Strada Urbana,in prossimit•À_,del civico n.,VIALE GIUSTINIANO IMPERATORE,,189,,Scontro laterale fra veicoli in marcia,Rettilineo,Due carreggiate,Bagnato (pioggia),Asfaltata,Orizzontale,Pioggia in atto,Normale,Buona,Ore Diurne,0,0,0,2,"1,248,684","4,185,547",True
2642448,10,4/1/16 9:40,Strada Urbana,da specificare,,VIA WALTER PROCACCINI,,,rotatoria con via B. Rizzieri,Scontro frontale/laterale DX fra veicoli in marcia,Rotatoria,Una carreggiata a senso unico di marcia,Asciutto,Asfaltata,Verticale,Sereno,Normale,Buona,Ore Diurne,0,0,0,3,"1,258,304","4,185,187",True
2641848,7,4/1/16 9:40,Strada Urbana,in prossimit•À_,del civico n.,VIA GIACOMO BRESADOLA,,80,,Investimento di pedone,Rettilineo,Una carreggiata a doppio senso,Bagnato (umidit•À_ in atto),Asfaltata,Orizzontale,Pioggia in atto,Normale,Buona,Ore Diurne,1,0,0,1,"1,256,168","4,189,202",True
2642460,10,4/1/16 9:50,Strada Urbana,da specificare,,VIA TUSCOLANA,,,DIREZ. ROMA CENNTRO ALT. SOTTOPASSO GRA,Scontro laterale fra veicoli in marcia,Curva a visuale libera,Una carreggiata a senso unico di marcia,Bagnato (pioggia),Asfaltata,Orizzontale,Pioggia in atto,Normale,Buona,Ore Diurne,0,0,0,3,"1,259,329","4,183,973",True
2641798,7,4/1/16 10:00,Strada Urbana,in prossimit•À_,del civico n.,VIALE ALESSANDRINO,,269,,Investimento di pedone,Rettilineo,Una carreggiata a doppio senso,Bagnato (pioggia),Asfaltata,Orizzontale,Nuvoloso,Normale,Buona,Ore Diurne,1,0,0,3,"1,257,879","4,187,621",True
2642526,20,4/1/16 10:05,Strada Urbana,in corrispondenza,del civico n.,VIALE CORTINA D'AMPEZZO,,112,,Scontro frontale fra veicoli in marcia,Curva senza visuale libera,Una carreggiata a doppio senso,Bagnato (pioggia),Asfaltata,Orizzontale,Pioggia in atto,Normale,Sufficiente,Ore Diurne,2,0,0,0,,,False
2642479,10,4/1/16 10:10,Strada Urbana,all'intersezione con,VIA CARLO FADDA,VIA FILOMUSI GUELFI,VIA CARLO FADDA,,,Scontro frontale/laterale DX fra veicoli in marcia,Incrocio,Una carreggiata a senso unico di marcia,Bagnato (pioggia),Asfaltata,Verticale ed orizzontale,Pioggia in atto,Normale,Buona,Ore Diurne,1,0,0,1,"1,257,096","4,186,256",True
2642561,8,4/1/16 10:10,Strada Urbana,all'intersezione con,VIA FILIPPO CESARE ANNESSI,VIALE DEI ROMANISTI,VIA FILIPPO CESARE ANNESSI,,,Veicolo in marcia contro ostacolo accidentale,Incrocio,Due carreggiate,Bagnato (pioggia),Asfaltata,Verticale,Pioggia in atto,Normale,Buona,Ore Diurne,0,0,0,2,"1,257,733","4,186,753",True
2642485,10,4/1/16 10:15,Strada Urbana,in corrispondenza,del civico n.,VIALE DEI CONSOLI,,141,,Veicolo in marcia contro veicoli in sosta,Rettilineo,Due carreggiate,Bagnato (pioggia),Asfaltata,Assente,Pioggia in atto,Normale,Buona,Ore Diurne,0,0,0,1,"1,255,225","4,186,407",True
2642010,15,4/1/16 10:30,Strada Urbana,da specificare,,VIA PORTUENSE,,,altezza ingresso EST Fiera di Roma,Scontro frontale fra veicoli in marcia,Rotatoria,Una carreggiata a senso unico di marcia,Bagnato (umidit•À_ in atto),Asfaltata,Verticale ed orizzontale,Pioggia in atto,Scarso,Buona,Ore Diurne,0,0,0,2,"1,229,776","4,180,266",True
2641870,2,4/1/16 10:45,Strada Urbana,da specificare,,VIALE DEL MURO TORTO,,,fronte Hotel V.Veneto.,Veicolo in marcia contro ostacolo fisso,Curva a visuale libera,Due carreggiate,Bagnato (pioggia),Asfaltata,Verticale ed orizzontale,Pioggia in atto,Intenso,Buona,Ore Diurne,1,0,0,0,"1,248,928","4,190,979",False
2642813,2,4/1/16 11:00,Strada Urbana,da specificare,,VIALE DEL MURO TORTO,,,pross. piazzale Brasile,Tamponamento,Rettilineo,Una carreggiata a senso unico di marcia,Bagnato (pioggia),Asfaltata,Verticale ed orizzontale,Pioggia in atto,Normale,Buona,Ore Diurne,1,0,0,1,"1,248,793","419,096",False
2642550,11,4/1/16 11:00,Strada Urbana,in corrispondenza,del civico n.,VIA CRISTOFORO COLOMBO,,107,,Tamponamento,Rettilineo,Pi•À_ di due carreggiate,Bagnato (pioggia),Asfaltata,Verticale ed orizzontale,Pioggia in atto,Scarso,Buona,Ore Diurne,0,0,0,2,"1,249,674","4,187,371",True