ID,Gruppo,_DataOraIncidente,_Localizzazione1,_Localizzazione2,Strada02,Strada1,Strada2,Chilometrica,DaSpecificare,_NaturaIncidente,_ParticolaritaStrade,_TipoStrada,_FondoStradale,_Pavimentazione,_Segnaletica,_CondizioneAtmosferica,_Traffico,_Visibilita,_Illuminazione,NUM_FERITI,_NUM_RISERVATA,_NUM_MORTI,_NUM_ILLESI,Longitudine,Latitudine,CONFERMATO
2642566,8,4/1/16 11:00,Strada Urbana,in corrispondenza,del palo luce n.,VIALE DELLA SORBONA,,20,,Veicolo in marcia contro ostacolo accidentale,Curva a visuale libera,Due carreggiate,Bagnato (pioggia),Asfaltata,Verticale ed orizzontale,Pioggia in atto,Normale,Buona,Ore Diurne,1,0,0,0,"1,261,206","4,185,464",True
2644872,1,4/1/16 11:10,Strada Urbana,in prossimit•À_,del civico n.,VIA GIOVANNI GIOLITTI,,265,,Investimento di pedone,Rettilineo,Una carreggiata a senso unico di marcia,Bagnato (pioggia),Asfaltata,Verticale ed orizzontale,Pioggia in atto,Normale,Buona,Ore Diurne,1,0,0,1,,,False
2642759,17,4/1/16 11:15,,in prossimit•À_,del civico n.,VIALE DELLO STADIO OLIMPICO,,16,,Veicolo in marcia contro ostacolo fisso,,,,,,,,,,2,0,0,0,"1,245,417","419,299",False
2642519,13,4/1/16 11:30,Strada Urbana,da specificare,,VIALE DEI ROMAGNOLI,,,alt.2•À_ curva direzione Ostia/Fiumicino,Veicolo in marcia contro ostacolo fisso,Curva a visuale libera,Una carreggiata a senso unico di marcia,Bagnato (pioggia),Asfaltata,Verticale ed orizzontale,Pioggia in atto,Normale,Buona,Ore Diurne,0,0,0,1,"1,228,736","4,174,878",True
2642617,13,4/1/16 11:30,Strada Urbana,da specificare,,VIALE DEI ROMAGNOLI,,,ALT. 2•À_ CURVA DIREZIONE fIUMICINO,Fuoriuscita dalla sede stradale,Curva senza visuale libera,Una carreggiata a senso unico di marcia,Bagnato (pioggia),Asfaltata,Verticale ed orizzontale,Pioggia in atto,Normale,Buona,Ore Diurne,0,0,0,2,"1,229,688","4,175,348",True
2642607,20,4/1/16 11:30,Strada Urbana,all'intersezione con,VIA CASSIA,VIA DELLA CAPPELLETTA DELLA GIUSTINIANA,VIA CASSIA,,,Scontro frontale/laterale SX fra veicoli in marcia,Intersezione non regolata/non segnalata,Una carreggiata a doppio senso,Bagnato (pioggia),Asfaltata,Verticale ed orizzontale,Pioggia in atto,Normale,Buona,Ore Diurne,0,0,0,2,"1,240,239","4,198,697",True
2642692,16,4/1/16 11:45,Strada Urbana,all'intersezione con,VIA ALESSANDRO CRIVELLI,VIALE DEI COLLI PORTUENSI,VIA ALESSANDRO CRIVELLI,,,Scontro laterale fra veicoli in marcia,Incrocio,Due carreggiate,Bagnato (umidit•À_ in atto),Asfaltata,Verticale ed orizzontale,Nuvoloso,Normale,Buona,Ore Diurne,0,0,0,2,"1,244,382","4,186,823",True
2642569,11,4/1/16 11:45,Strada Urbana,in prossimit•À_,del civico n.,VIA CRISTOFORO COLOMBO,,193,,Scontro laterale fra veicoli in marcia,Rettilineo,Pi•À_ di due carreggiate,Bagnato (pioggia),Asfaltata,Verticale ed orizzontale,Pioggia in atto,Normale,Buona,Ore Diurne,0,0,0,3,"1,249,732","4,186,437",True
2642517,20,4/1/16 11:45,Strada Urbana,in corrispondenza,del civico n.,VIALE DI TOR DI QUINTO,,177,,Veicolo in marcia contro ostacolo fisso,Curva a visuale libera,Due carreggiate,Bagnato (pioggia),Asfaltata,Verticale ed orizzontale,Pioggia in atto,Normale,Sufficiente,Ore Diurne,1,0,0,0,,,False
2641864,2,4/1/16 11:45,Strada Urbana,in corrispondenza,del civico n.,VIA PIETRO MASCAGNI,,172,,Scontro laterale fra veicoli in marcia,Rettilineo,Una carreggiata a senso unico di marcia,Asciutto,Asfaltata,Orizzontale,Sereno,Normale,Sufficiente,Ore Diurne,0,0,0,3,"1,251,931","4,193,647",True
2642567,8,4/1/16 11:50,,da specificare,,VIALE DUILIO CAMBELLOTTI,,,altezza centro commerciale,Veicolo in marcia contro ostacolo accidentale,,,,,,,,,,0,0,0,1,,,False
2642643,8,4/1/16 12:15,Strada Urbana,in prossimit•À_,del palo luce n.,VIALE DELLA SORBONA,,55,,Fuoriuscita dalla sede stradale,Rettilineo,Una carreggiata a senso unico di marcia,Bagnato (pioggia),Asfaltata,Verticale ed orizzontale,Pioggia in atto,Normale,Buona,Ore Diurne,2,0,0,0,"1,261,206","4,185,464",False
2643405,12,4/1/16 12:20,Strada Urbana,da specificare,,VIADOTTO DELLA MAGLIANA,,,Altezza via del Cappellaccio (Direzione Eur),Veicolo in marcia contro ostacolo fisso,Curva a visuale libera,Due carreggiate,Bagnato (pioggia),Asfaltata,Verticale ed orizzontale,Nuvoloso,Normale,Buona,Ore Diurne,0,0,0,1,"1,245,957","4,183,846",True
2642472,5,4/1/16 12:20,Strada Urbana,all'intersezione con,VIA ALDO SANDULLI,VIA DONATO MENICHELLA,VIA ALDO SANDULLI,,,Scontro frontale/laterale SX fra veicoli in marcia,Incrocio,Una carreggiata a senso unico di marcia,Bagnato (pioggia),Asfaltata,Verticale ed orizzontale,Pioggia in atto,Normale,Buona,Ore Diurne,1,0,0,1,"1,258,589","4,194,785",True
2642493,10,4/1/16 12:25,Strada Urbana,all'intersezione semaforizzata con,VIA SCRIBONIO CURIONE,VIALE DEI CONSOLI,VIA SCRIBONIO CURIONE,,,Scontro frontale/laterale DX fra veicoli in marcia,Intersezione semaforizzata,Due carreggiate,Bagnato (pioggia),Asfaltata,Verticale ed orizzontale,Nuvoloso,Normale,Buona,Ore Diurne,2,0,0,1,"1,255,382","4,186,365",True
2642488,5,4/1/16 12:30,Strada Urbana,da specificare,,VIA RINALDO D'AQUINO,,,p.t•À_ VIA D. DA MAIANO,Veicolo in marcia contro ostacolo fisso,Rettilineo,Due carreggiate,Bagnato (pioggia),Asfaltata,Verticale ed orizzontale,Pioggia in atto,Normale,Sufficiente,Ore Diurne,1,0,0,0,"1,260,789","419,594",True
2642445,7,4/1/16 12:45,Strada Urbana,all'intersezione con,VIA DEGLI OLMI,VIALE ALESSANDRINO,VIA DEGLI OLMI,,,Scontro laterale fra veicoli in marcia,Incrocio,Una carreggiata a doppio senso,Bagnato (pioggia),Asfaltata,Verticale ed orizzontale,Nuvoloso,Normale,Buona,Ore Diurne,0,0,0,3,"1,257,796","4,187,921",True
2642477,5,4/1/16 12:50,Strada Urbana,da specificare,,VIA RINALDO D'AQUINO,,,prossimit•À_ VIA D. DA MAIANO,Veicolo in marcia contro ostacolo fisso,Rettilineo,Due carreggiate,Bagnato (pioggia),Asfaltata,Verticale ed orizzontale,Nuvoloso,Normale,Buona,Ore Diurne,0,0,0,1,"1,260,819","419,596",True
2642232,19,4/1/16 13:00,Strada Urbana,da specificare,,VIA S. GIUSEPPE DA COPERTINO,,,Rotatoria rampa d'accesso G.R.A.,Scontro laterale fra veicoli in marcia,Rotatoria,Una carreggiata a senso unico di marcia,Bagnato (pioggia),Asfaltata,Verticale ed orizzontale,Nuvoloso,Normale,Buona,Ore Diurne,0,0,0,3,"1,240,704","4,197,305",True
2642176,19,4/1/16 13:10,Strada Urbana,da specificare,,GALLERIA GIOVANNI XXIII,,,prossimita mario fani,Scontro frontale fra veicoli in marcia,Galleria illuminata,Una carreggiata a senso unico di marcia,Bagnato (umidit•À_ in atto),Asfaltata,Verticale ed orizzontale,Pioggia in atto,Normale,Buona,Ore Diurne,0,0,0,2,"1,244,462","4,194,111",True
2642499,10,4/1/16 13:20,Strada Urbana,da specificare,,VIA ANAGNINA,,,rampa dir rm centro sotto gra,Veicolo in marcia contro ostacolo fisso,Curva a visuale libera,Due carreggiate,Bagnato (pioggia),Asfaltata,Verticale ed orizzontale,Pioggia in atto,Normale,Sufficiente,Ore Diurne,0,0,0,2,"1,261,277","4,181,922",True
2642506,10,4/1/16 13:30,,da specificare,,VIA ANAGNINA,,,rampa dir rm centro sotto gra,Veicolo in marcia contro ostacolo fisso,,,,,,,,,,1,0,0,0,,,False
2642568,20,4/1/16 13:30,Regionale,da specificare,,VIA FLAMINIA,,,direzione centro per G.R.A.,Veicolo in marcia contro ostacolo fisso,Rettilineo,Due carreggiate,Bagnato (pioggia),Asfaltata,Verticale ed orizzontale,Pioggia in atto,Intenso,Buona,Ore Diurne,1,0,0,0,,,False
2642456,15,4/1/16 13:30,Strada Urbana,da specificare,,VIA PORTUENSE,,,viadotto direzione Trullo,Veicolo in marcia contro ostacolo fisso,Curva senza visuale libera,Una carreggiata a senso unico di marcia,Bagnato (umidit•À_ in atto),Asfaltata,Verticale ed orizzontale,Nuvoloso,Scarso,Buona,Ore Diurne,0,0,0,1,"1,240,939","4,184,342",True
2642829,2,4/1/16 13:40,Strada Urbana,da specificare,,CIRCONVALLAZIONE SALARIA,,,dir. S. Giovanni pross. viale Somalia,Veicolo in marcia contro ostacolo accidentale,Curva a visuale libera,Due carreggiate,Bagnato (pioggia),Asfaltata,Verticale ed orizzontale,Pioggia in atto,Normale,Buona,Ore Diurne,2,0,0,0,"1,252,037","4,193,546",False
2642480,5,4/1/16 13:40,Strada Urbana,da specificare,,VIALE PALMIRO TOGLIATTI,,,INVERSIONE DI MARCIA direz. Tiburtina,Veicolo in marcia contro ostacolo fisso,Curva a visuale libera,Una carreggiata a senso unico di marcia,Bagnato (pioggia),Asfaltata,Assente,Nuvoloso,Normale,Buona,Ore Diurne,2,0,0,0,"1,257,288","4,190,762",True
2652137,18,4/1/16 13:45,Strada Urbana,in prossimit•À_,del civico n.,VIA ANASTASIO II,,167,,Veicolo in marcia contro ostacolo fisso,Curva senza visuale libera,Due carreggiate,Bagnato (umidit•À_ in atto),Asfaltata,Verticale ed orizzontale,Nuvoloso,Normale,Buona,Ore Diurne,1,0,0,0,"1,244,255","4,189,783",True
2642481,5,4/1/16 13:50,Strada Urbana,da specificare,,VIALE PALMIRO TOGLIATTI,,,INVERSIONE DI MARCIA direzione Tiburtina ,Veicolo in marcia contro ostacolo fisso,Curva a visuale libera,Una carreggiata a senso unico di marcia,Bagnato (pioggia),Asfaltata,Assente,Nuvoloso,Normale,Buona,Ore Diurne,0,0,0,1,"1,257,357","4,190,814",True
2642241,19,4/1/16 14:00,Strada Urbana,in corrispondenza,del civico n.,VIA ENRICO PESTALOZZI,,11,,Scontro frontale/laterale DX fra veicoli in marcia,Rettilineo,Una carreggiata a senso unico di marcia,Bagnato (pioggia),Asfaltata,Assente,Pioggia in atto,Normale,Buona,Ore Diurne,0,0,0,2,"1,242,591","4,193,598",True
2642244,19,4/1/16 14:15,Strada Urbana,in corrispondenza,del civico n.,VIA DI CASAL DEL MARMO,,588,,Veicolo in marcia contro ostacolo fisso,Curva senza visuale libera,Una carreggiata a doppio senso,Bagnato (pioggia),Asfaltata,Assente,Pioggia in atto,Normale,Buona,Ore Diurne,0,0,0,1,"1,238,662","419,401",True
2642508,10,4/1/16 14:20,Strada Urbana,all'intersezione con,VIA DEL PONTE DELLE SETTE MIGLIA,VIA LEOPOLDO MICUCCI,VIA DEL PONTE DELLE SETTE MIGLIA,,,Scontro frontale/laterale SX fra veicoli in marcia,Incrocio,Una carreggiata a doppio senso,Bagnato (pioggia),Asfaltata,Verticale ed orizzontale,Nuvoloso,Normale,Buona,Ore Diurne,10,0,0,4,"1,260,094","418,374",False
2642976,17,4/1/16 14:30,Strada Urbana,in prossimit•À_,del civico n.,VIALE DELLO STADIO OLIMPICO,,16,,Fuoriuscita dalla sede stradale,Curva a visuale libera,Una carreggiata a senso unico di marcia,Bagnato (umidit•À_ in atto),Asfaltata,Orizzontale,Nuvoloso,Normale,Buona,Ore Diurne,0,0,0,2,"1,245,417","419,299",True
2642833,2,4/1/16 14:30,Strada Urbana,da specificare,,CIRCONVALLAZIONE SALARIA,,,dir. S Giovanni altezza VIALE SOMALIA,Veicolo in marcia contro ostacolo accidentale,Curva a visuale libera,Due carreggiate,Bagnato (pioggia),Asfaltata,Verticale ed orizzontale,Nuvoloso,Normale,Buona,Ore Diurne,0,0,0,1,"1,252,086","4,193,447",True
2642585,20,4/1/16 14:40,Strada Urbana,da specificare,,VIA DEL FORO ITALICO,,,per rampa Antonino di San Giuliano,Scontro laterale fra veicoli in marcia,Rettilineo,Due carreggiate,Bagnato (umidit•À_ in atto),Asfaltata,Verticale ed orizzontale,Nuvoloso,Intenso,Buona,Ore Diurne,0,0,0,4,"1,245,866","4,193,941",True
2642950,17,4/1/16 14:45,Strada Urbana,da specificare,,VIALE DELLO STADIO OLIMPICO,,,altezza VIVAI MARI,Fuoriuscita dalla sede stradale,Curva a visuale libera,Una carreggiata a senso unico di marcia,Bagnato (umidit•À_ in atto),Asfaltata,Orizzontale,Nuvoloso,Scarso,Buona,Ore Diurne,0,0,0,1,"1,245,417","419,299",True
2642784,17,4/1/16 14:45,Strada Urbana,in prossimit•À_,del civico n.,VIA DELLA GIULIANA,,41,,Scontro laterale fra veicoli in marcia,Rettilineo,Una carreggiata a doppio senso,Bagnato (pioggia),Asfaltata,Verticale ed orizzontale,Pioggia in atto,Normale,Sufficiente,Ore Diurne,0,0,0,2,"1,245,443","4,191,239",True
2642594,20,4/1/16 14:45,Strada Urbana,da specificare,,VIA DEL FORO ITALICO,,,in prossimit•À_ uscita Galleria Farnesina,Tamponamento,Curva a visuale libera,Una carreggiata a doppio senso,Bagnato (umidit•À_ in atto),Asfaltata,Orizzontale,Nuvoloso,Normale,Sufficiente,Ore Diurne,0,0,0,2,,,False
2642581,11,4/1/16 14:45,Strada Urbana,all'intersezione semaforizzata con,PIAZZA ELIO RUFINO,VIA CRISTOFORO COLOMBO,PIAZZA ELIO RUFINO,,,Tamponamento,Intersezione semaforizzata,Pi•À_ di due carreggiate,Asciutto,Asfaltata,Verticale ed orizzontale,Nuvoloso,Normale,Buona,Ore Diurne,0,0,0,4,"1,244,048","417,989",True
2642570,8,4/1/16 15:10,Strada Urbana,in corrispondenza,del palo luce n.,VIALE DUILIO CAMBELLOTTI,,26,,Veicolo in marcia contro ostacolo accidentale,Rettilineo,Una carreggiata a senso unico di marcia,Bagnato (pioggia),Strada pavimentata dissestata,Orizzontale,Pioggia in atto,Normale,Buona,Ore Diurne,0,0,0,1,"1,262,935","4,186,719",True
2642612,12,4/1/16 15:10,Strada Urbana,da specificare,,VIA CRISTOFORO COLOMBO,,,100 mt dopo svincolo Via C.Levi direz. Roma centro,Veicolo in marcia contro ostacolo fisso,Rettilineo,Due carreggiate,Bagnato (pioggia),Asfaltata,Verticale ed orizzontale,Nuvoloso,Normale,Buona,Ore Diurne,0,0,0,1,"1,244,704","4,180,373",True
2642572,8,4/1/16 16:00,Strada Urbana,all'intersezione semaforizzata con,VIALE ANTONIO CIAMARRA,VIA DEL FOSSO DI S. MAURA,VIALE ANTONIO CIAMARRA,,,Tamponamento,Intersezione semaforizzata,Una carreggiata a doppio senso,Bagnato (pioggia),Asfaltata,Verticale ed orizzontale,Nuvoloso,Intenso,Buona,Ore Diurne,0,0,0,2,"1,259,133","4,185,858",True
2642586,20,4/1/16 16:30,Strada Urbana,da specificare,,VIA DEL FORO ITALICO,,,direzione Olimpico altezza Cassia,Veicolo in marcia contro ostacolo fisso,Rettilineo,Due carreggiate,Bagnato (umidit•À_ in atto),Asfaltata,Verticale ed orizzontale,Nuvoloso,Intenso,Buona,Ore Diurne,0,0,0,1,,,False
2642483,5,4/1/16 16:50,Strada Urbana,in corrispondenza,del civico n.,VIA TIBURTINA,,1137,,Scontro frontale/laterale SX fra veicoli in marcia,Rettilineo,Due carreggiate,Bagnato (pioggia),Asfaltata,Assente,Nuvoloso,Normale,Buona,Ore Diurne,0,0,0,3,"125,938","4,193,286",True
2642233,7,4/1/16 18:00,Strada Urbana,in corrispondenza,del civico n.,VIA DI TOR TRE TESTE,,245/A,,Scontro frontale/laterale DX fra veicoli in marcia,Rettilineo,Una carreggiata a doppio senso,Bagnato (umidit•À_ in atto),Asfaltata,Orizzontale,Nuvoloso,Normale,Buona,Sufficiente,0,0,0,2,"1,259,063","4,188,762",True
2642614,4,4/1/16 18:00,Strada Urbana,all'intersezione con,VIA UMBERTO FRACCHIA,VIA RENATO FUCINI,VIA UMBERTO FRACCHIA,,,Scontro frontale/laterale SX fra veicoli in marcia,Intersezione stradale segnalata,Una carreggiata a senso unico di marcia,Bagnato (pioggia),Asfaltata,Verticale ed orizzontale,Nuvoloso,Normale,Buona,Sufficiente,1,0,0,1,"1,254,952","4,194,986",False
2642764,13,4/1/16 18:20,Strada Urbana,da specificare,,PIAZZA ALBERTO ALESSIO,,,IN PROX DI VIA DELLE FIAMME GIALLE,Tamponamento Multiplo,Rettilineo,Due carreggiate,Bagnato (pioggia),Asfaltata,Assente,Nuvoloso,Normale,Buona,Sufficiente,0,0,0,6,"12,294","4,173,001",True
2642717,4,4/1/16 18:30,Provinciale entro l'abitato,all'intersezione con,VIA VAL TROMPIA,VIA NOMENTANA,VIA VAL TROMPIA,,,Scontro frontale/laterale DX fra veicoli in marcia,Intersezione stradale segnalata,Una carreggiata a doppio senso,Bagnato (umidit•À_ in atto),Asfaltata,Orizzontale,Nuvoloso,Normale,Buona,Sufficiente,1,0,0,1,"1,255,238","4,194,111",False
2642852,2,4/1/16 18:45,Strada Urbana,in corrispondenza,del civico n.,VIA DELLE VALLI,,9,,Veicolo in marcia contro ostacolo accidentale,Pendenza,Pi•À_ di due carreggiate,Viscido da liquidi oleosi,Asfaltata,Verticale ed orizzontale,Sereno,Normale,Sufficiente,Sufficiente,0,0,0,2,"1,252,103","4,193,342",True
2642536,10,4/1/16 18:55,Strada Urbana,in prossimit•À_,del palo luce n.,VIA BERNARDINO ALIMENA,,33/35,,Veicolo in marcia contro ostacolo fisso,Rotatoria,Una carreggiata a senso unico di marcia,Bagnato (pioggia),Asfaltata,Assente,Nuvoloso,Normale,Sufficiente,Sufficiente,0,0,0,1,"1,260,574","4,184,696",True
2642531,20,4/1/16 19:00,,in corrispondenza,del civico n.,VIA DEGLI ORTI DELLA FARNESINA,,1,,Investimento di pedone,,,,,,,,,,2,0,0,1,,,False
2644922,1,4/1/16 19:15,Strada Urbana,in prossimit•À_,del civico n.,VIA CARLO ALBERTO,,27,,Veicolo in marcia contro ostacolo accidentale,Rettilineo,Una carreggiata a doppio senso,Bagnato (pioggia),In cubetti di porfido,Verticale ed orizzontale,Nuvoloso,Normale,Sufficiente,Sufficiente,0,0,0,1,"1,250,049","4,189,652",False
2642626,12,4/1/16 20:35,Strada Urbana,da specificare,,VIA CELINE,,,altezza rotatoria,Veicolo in marcia contro ostacolo accidentale,Rotatoria,Una carreggiata a senso unico di marcia,Bagnato (umidit•À_ in atto),Asfaltata,Verticale ed orizzontale,Nuvoloso,Normale,Buona,Sufficiente,0,0,0,1,"1,248,407","4,180,928",True
2643211,16,4/1/16 20:45,Strada Urbana,in corrispondenza,del civico n.,VIA FELICE BELLOTTI,,19,,Veicolo in marcia contro ostacolo accidentale,Rettilineo,Una carreggiata a doppio senso,Viscido da liquidi oleosi,Asfaltata,Assente,Nuvoloso,Scarso,Sufficiente,Sufficiente,0,0,0,1,"1,243,941","41,857",True
2642544,7,4/1/16 20:45,Strada Urbana,all'intersezione con,VIA DI TOR SAPIENZA,VIA PRENESTINA,VIA DI TOR SAPIENZA,,,Scontro frontale/laterale SX fra veicoli in marcia,Incrocio,Una carreggiata a doppio senso,Bagnato (pioggia),Asfaltata,Verticale ed orizzontale,Nuvoloso,Normale,Sufficiente,Sufficiente,3,0,0,4,"1,259,231","4,189,407",False
2642854,2,4/1/16 20:45,Strada Urbana,all'intersezione con,PIAZZA GONDAR,VIA DELLE VALLI,PIAZZA GONDAR,,,Tamponamento,Intersezione semaforizzata,Due carreggiate,Bagnato (pioggia),Asfaltata,Verticale ed orizzontale,Nuvoloso,Intenso,Buona,Sufficiente,0,0,0,3,"1,252,124","4,193,346",True
2642862,2,4/1/16 21:00,Strada Urbana,all'intersezione con,VIA LARIANA,VIA DI VILLA ADA,VIA LARIANA,,,Scontro frontale/laterale DX fra veicoli in marcia,Intersezione stradale segnalata,Due carreggiate,Bagnato (pioggia),Asfaltata,Verticale ed orizzontale,Nuvoloso,Scarso,Buona,Sufficiente,1,0,0,2,"1,250,513","4,192,445",False
2642542,10,4/1/16 21:00,Strada Urbana,all'intersezione con,VIA DI ACQUA ACETOSA ANAGNINA,VIA ANAGNINA,VIA DI ACQUA ACETOSA ANAGNINA,,,Scontro frontale/laterale SX fra veicoli in marcia,Incrocio,Due carreggiate,Bagnato (umidit•À_ in atto),Asfaltata,Verticale ed orizzontale,Nuvoloso,Normale,Sufficiente,Sufficiente,4,0,0,1,"1,262,023","4,181,429",True
2643017,17,4/1/16 21:15,Strada Urbana,all'intersezione con,VIA NOVENIO BUCCHI,PIAZZALE MARESCIALLO GIARDINO,VIA NOVENIO BUCCHI,,,Veicolo in marcia contro ostacolo fisso,Incrocio,Due carreggiate,Bagnato (umidit•À_ in atto),Asfaltata,Verticale ed orizzontale,Nuvoloso,Scarso,Sufficiente,Sufficiente,0,0,0,1,"1,245,809","4,192,293",True
2642577,8,4/1/16 21:15,,da specificare,,VIA DI TOR BELLA MONACA,,,50 mt dopo uscita GRA Tor Bella Monaca,Veicolo in marcia contro ostacolo accidentale,,,,,,,,,,0,0,0,1,,,False
2652133,18,4/1/16 21:30,Strada Urbana,da specificare,,VIA LEONE XIII,,,pross. del cavalcavia AURELIA ANTICA dir. PIO XI,Scontro laterale fra veicoli in marcia,Curva senza visuale libera,Due carreggiate,Asciutto,Asfaltata,Verticale ed orizzontale,Nuvoloso,Normale,Insufficiente,Insufficiente,0,0,0,1,"1,244,038","4,188,562",True
2642639,12,4/1/16 21:35,Strada Urbana,all'intersezione con,VIA GIACOMO DINA,VIA FEDERICO ALESSANDRINI,VIA GIACOMO DINA,,,Scontro frontale/laterale DX fra veicoli in marcia,Intersezione non regolata/non segnalata,Una carreggiata a doppio senso,Bagnato (pioggia),Asfaltata,Verticale ed orizzontale,Sereno,Scarso,Buona,Sufficiente,0,0,0,3,"1,247,409","4,176,562",True
2642484,5,4/1/16 21:40,Strada Urbana,in prossimit•À_,del civico n.,VIALE DELLA PRIMAVERA,,79,,Veicolo in marcia contro ostacolo fisso,Rettilineo,Due carreggiate,Bagnato (umidit•À_ in atto),Asfaltata,Assente,Nuvoloso,Normale,Buona,Sufficiente,0,0,0,2,"1,256,116","4,188,409",True
2642578,8,4/1/16 22:00,,da specificare,,VIA DI TOR BELLA MONACA,,,50 mt dopo uscita da GRA,Veicolo in marcia contro ostacolo accidentale,,,,,,,,,,0,0,0,2,,,False
2643201,16,4/1/16 23:40,Strada Urbana,all'intersezione con,VIA FEDERICO DI DONATO,VIA DI VAL TELLINA,VIA FEDERICO DI DONATO,,,Scontro frontale/laterale SX fra veicoli in marcia,Incrocio,Due carreggiate,Bagnato (umidit•À_ in atto),Asfaltata,Verticale ed orizzontale,Nuvoloso,Scarso,Buona,Sufficiente,0,0,0,3,"1,244,779","4,186,762",True
2642695,12,4/1/16 23:45,Regionale,in corrispondenza,del civico n.,VIA PONTINA,,"20,900",,Ribaltamento senza urto contro ostacolo fisso,Rettilineo,Due carreggiate,Bagnato (umidit•À_ in atto),Asfaltata,Verticale ed orizzontale,Nuvoloso,Scarso,Insufficiente,Inesistente,1,0,0,0,"1,244,413","4,172,323",False
2645145,17,5/1/16 1:30,Strada Urbana,all'intersezione con,VIA DEI GRACCHI,VIA FABIO MASSIMO,VIA DEI GRACCHI,,,Scontro frontale/laterale SX fra veicoli in marcia,Incrocio,Una carreggiata a senso unico di marcia,Bagnato (umidit•À_ in atto),Asfaltata,Verticale ed orizzontale,Nuvoloso,Scarso,Buona,Sufficiente,0,0,0,3,"1,246,252","4,190,799",True
2642621,20,5/1/16 2:30,,da specificare,,VIA MONTE URANO,,,altezza rampa di immissione di via Monte Giberto,Veicolo in marcia contro ostacolo fisso,,,,,,,,,,0,0,0,4,,,False
2644582,10,5/1/16 4:40,Strada Urbana,in prossimit•À_,del civico n.,VIA TUSCOLANA,,1187,,Veicolo in marcia contro ostacolo fisso,Rettilineo,Due carreggiate,Asciutto,Asfaltata,Verticale ed orizzontale,Nuvoloso,Normale,Sufficiente,Sufficiente,1,0,0,0,"1,259,611","4,183,853",True
2643180,11,5/1/16 6:13,,in prossimit•À_,del civico n.,VIA CRISTOFORO COLOMBO,,134,,Fuoriuscita dalla sede stradale,,,,,,,,,,9,0,0,0,,,False
2644778,5,5/1/16 6:20,Strada Urbana,all'intersezione con,VIA MONDOLFO,VIA GIROLAMO MECHELLI,VIA MONDOLFO,,,Scontro frontale/laterale SX fra veicoli in marcia,Incrocio,Una carreggiata a doppio senso,Bagnato (pioggia),Asfaltata,Verticale,Nuvoloso,Scarso,Buona,Ore Diurne,2,0,0,3,"1,258,832","4,193,848",True
2642596,6,5/1/16 6:30,Strada Urbana,all'intersezione con,VIA STEFANO COLONNA,VIA ETTORE FIERAMOSCA,VIA STEFANO COLONNA,,,Scontro frontale/laterale SX fra veicoli in marcia,Incrocio,Una carreggiata a doppio senso,Bagnato (pioggia),Asfaltata,Orizzontale,Pioggia in atto,Normale,Sufficiente,Sufficiente,0,0,0,2,"125,283","4,189,326",True
2642846,1,5/1/16 6:30,Strada Urbana,all'intersezione con,PIAZZA DELLA CHIESA NUOVA,CORSO VITTORIO EMANUELE II,PIAZZA DELLA CHIESA NUOVA,,,Scontro laterale fra veicoli in marcia,Intersezione stradale segnalata,Una carreggiata a doppio senso,Bagnato (pioggia),Asfaltata,Verticale ed orizzontale,Pioggia in atto,Scarso,Buona,Sufficiente,0,0,0,2,"1,247,144","4,189,721",True
2644751,8,5/1/16 6:30,Strada Urbana,in corrispondenza,del palo luce n.,VIA COLLATINA,,573,,Veicolo in marcia contro ostacolo accidentale,Curva a visuale libera,Una carreggiata a doppio senso,Bagnato (pioggia),Asfaltata,Verticale ed orizzontale,Nuvoloso,Scarso,Insufficiente,Inesistente,0,0,0,1,"1,261,053","4,190,604",True
2643770,4,5/1/16 7:15,Strada Urbana,all'intersezione con,VIA PIETRO MIGNOSI,VIA DELLA BUFALOTTA,VIA PIETRO MIGNOSI,,,Scontro frontale/laterale DX fra veicoli in marcia,Incrocio,Una carreggiata a doppio senso,Bagnato (pioggia),Asfaltata,Verticale ed orizzontale,Nuvoloso,Intenso,Buona,Ore Diurne,0,0,0,3,"1,254,958","4,196,665",True
2643740,20,5/1/16 7:30,Strada Urbana,in prossimit•À_,del civico n.,VIA RISERVA DEL BAGNO,,74,,Veicolo in marcia contro ostacolo accidentale,Curva senza visuale libera,Una carreggiata a doppio senso,Bagnato (pioggia),Asfaltata,Assente,Pioggia in atto,Scarso,Sufficiente,Ore Diurne,0,0,0,1,"123,834","4,202,088",True
2652518,18,5/1/16 8:30,Strada Urbana,in prossimit•À_,del civico n.,VIA MONTE DEL MARMO,,152,,Tamponamento,Curva senza visuale libera,Una carreggiata a doppio senso,Bagnato (pioggia),Asfaltata,Verticale ed orizzontale,Pioggia in atto,Normale,Buona,Ore Diurne,1,0,0,1,"1,238,944","4,192,869",True
2643104,15,5/1/16 8:45,Strada Urbana,da specificare,,VIA DELLA MAGLIANA,,,fronte Via del Cappellaccio,Fuoriuscita dalla sede stradale,Curva senza visuale libera,Due carreggiate,Bagnato (pioggia),Asfaltata,Verticale ed orizzontale,Pioggia in atto,Intenso,Buona,Ore Diurne,0,0,0,2,"1,245,791","4,183,924",True
2644787,5,5/1/16 9:00,Strada Urbana,da specificare,,VIALE KANT,,,altezza fermata ATAC Kant/Bertero,Veicolo in marcia contro ostacolo fisso,Rettilineo,Pi•À_ di due carreggiate,Bagnato (pioggia),Asfaltata,Verticale ed orizzontale,Pioggia in atto,Normale,Buona,Ore Diurne,1,0,0,0,"1,255,519","4,193,304",True