ID,Gruppo,_DataOraIncidente,_Localizzazione1,_Localizzazione2,Strada02,Strada1,Strada2,Chilometrica,DaSpecificare,_NaturaIncidente,_ParticolaritaStrade,_TipoStrada,_FondoStradale,_Pavimentazione,_Segnaletica,_CondizioneAtmosferica,_Traffico,_Visibilita,_Illuminazione,NUM_FERITI,_NUM_RISERVATA,_NUM_MORTI,_NUM_ILLESI,Longitudine,Latitudine,CONFERMATO
2643829,9,5/1/16 9:15,Strada Urbana,da specificare,,VIA APPIA NUOVA,,,fronte via Mandela,Infortunio per sola frenata improvvisa,Rettilineo,Due carreggiate,Bagnato (pioggia),Asfaltata,Verticale ed orizzontale,Pioggia in atto,Normale,Buona,Ore Diurne,0,0,0,2,"1,253,088","4,186,685",True
2642788,12,5/1/16 9:15,Strada Urbana,da specificare,,VIA CRISTOFORO COLOMBO,,,direzione Roma dopo sottovia Pontina Palo Acea 755,Veicolo in marcia contro ostacolo fisso,Curva senza visuale libera,Due carreggiate,Bagnato (pioggia),Asfaltata,Verticale ed orizzontale,Pioggia in atto,Normale,Buona,Ore Diurne,0,0,0,1,"1,245,975","4,181,128",True
2643772,4,5/1/16 9:25,Strada Urbana,in corrispondenza,del civico n.,VIA CARLO LORENZINI,,62,,Scontro frontale fra veicoli in marcia,Rettilineo,Una carreggiata a doppio senso,Bagnato (pioggia),Asfaltata,Verticale,Pioggia in atto,Normale,Buona,Ore Diurne,0,0,0,2,"1,255,468","4,194,541",True
2643863,9,5/1/16 9:40,Strada Urbana,in prossimit•À_,del civico n.,VIA GALLIA,,212,,Veicolo in marcia contro ostacolo accidentale,Rettilineo,Una carreggiata a doppio senso,Bagnato (pioggia),Asfaltata,Temporanea di cantiere,Pioggia in atto,Intenso,Buona,Ore Diurne,0,0,0,1,"1,250,707","4,188,049",True
2644755,8,5/1/16 10:15,,da specificare,,VIA DI TOR BELLA MONACA,,,rampa immissione GRA dir. Napoli,Tamponamento,,,,,,,,,,0,0,0,4,,,False
2643250,1,5/1/16 10:15,Strada Urbana,all'intersezione semaforizzata con,VIA UMBERTO BIANCAMANO,VIA EMANUELE FILIBERTO,VIA UMBERTO BIANCAMANO,,,Investimento di pedone,Intersezione semaforizzata,Una carreggiata a doppio senso,Bagnato (pioggia),Asfaltata,Verticale ed orizzontale,Pioggia in atto,Normale,Buona,Ore Diurne,1,0,0,1,"1,250,685","4,189,009",False
2645203,17,5/1/16 10:20,Strada Urbana,all'intersezione con,VIA ORAZIO,VIA CRESCENZIO,VIA ORAZIO,,,Scontro laterale fra veicoli in marcia,Incrocio,Una carreggiata a doppio senso,Bagnato (pioggia),Acciotolata,Verticale ed orizzontale,Pioggia in atto,Normale,Buona,Ore Diurne,0,0,0,2,"124,673","4,190,542",True
2644790,5,5/1/16 10:30,Strada Urbana,da specificare,,tangenziale / est dir. salaria,,,altezza uscita Nomentana/Salaria,Veicolo in marcia contro ostacolo fisso,Galleria illuminata,Una carreggiata a senso unico di marcia,Asciutto,Asfaltata,Verticale ed orizzontale,Sereno,Intenso,Buona,Ore Diurne,0,0,0,1,"1,252,804","4,192,743",True
2643125,13,5/1/16 10:45,Strada Urbana,in prossimit•À_,del civico n.,VIA OSTIENSE,,2193,,Veicolo in marcia contro ostacolo fisso,Rettilineo,Una carreggiata a doppio senso,Bagnato (pioggia),Asfaltata,Verticale,Pioggia in atto,Normale,Buona,Ore Diurne,0,0,0,5,"1,232,199","4,176,875",True
2645226,17,5/1/16 10:45,Strada Urbana,all'intersezione con,VIA POMPEO MAGNO,VIA VIRGINIO ORSINI,VIA POMPEO MAGNO,,,Tamponamento,Incrocio,Una carreggiata a senso unico di marcia,Bagnato (pioggia),Asfaltata,Verticale ed orizzontale,Pioggia in atto,Scarso,Buona,Ore Diurne,0,0,0,2,"124,694","4,191,061",True
2643693,20,5/1/16 10:58,Regionale,in corrispondenza,del civico n.,VIA FLAMINIA,,1838,,Scontro frontale fra veicoli in marcia,Rettilineo,Una carreggiata a doppio senso,Bagnato (umidit•À_ in atto),Asfaltata,Orizzontale,Nuvoloso,Intenso,Buona,Ore Diurne,2,0,0,0,,,False
2644878,16,5/1/16 11:15,Strada Urbana,in prossimit•À_,del civico n.,VIALE AURELIO SAFFI,,25,,Scontro frontale/laterale SX fra veicoli in marcia,Pendenza,Una carreggiata a doppio senso,Bagnato (pioggia),Asfaltata,Assente,Nuvoloso,Scarso,Sufficiente,Ore Diurne,0,0,0,4,"1,246,715","4,188,282",True
2643114,15,5/1/16 11:15,Strada Urbana,da specificare,,VIA ANTONIO PACINOTTI,,,IN CORRISPONDENZA DI VIA DI PIETRA PAPA,Infortunio per caduta del veicolo,Rettilineo,Una carreggiata a doppio senso,Bagnato (pioggia),Asfaltata,Verticale ed orizzontale,Pioggia in atto,Intenso,Buona,Ore Diurne,1,0,0,0,"124,678","4,187,103",True
2645053,3,5/1/16 11:15,Strada Urbana,all'intersezione semaforizzata con,VIALE DELLE SCIENZE,VIALE DELL'UNIVERSITA',VIALE DELLE SCIENZE,,,Scontro frontale/laterale SX fra veicoli in marcia,Intersezione semaforizzata,Una carreggiata a doppio senso,Bagnato (pioggia),Asfaltata,Verticale ed orizzontale,Pioggia in atto,Normale,Buona,Ore Diurne,1,0,0,2,"1,251,089","4,190,403",True
2644228,7,5/1/16 11:15,Strada Urbana,all'intersezione con,VIA COSTANZO CANTONI,VIA DELLA VACCHERIA GIANNI,VIA COSTANZO CANTONI,,,Veicoli in marcia contro veicolo fermo,Incrocio,Una carreggiata a doppio senso,Asciutto,Asfaltata,Verticale ed orizzontale,Sereno,Normale,Buona,Ore Diurne,0,0,0,2,"126,075","41,89",False
2643768,4,5/1/16 11:20,Statale entro l'abitato,in corrispondenza,del civico n.,VIA SALARIA,,729,,Tamponamento,Rettilineo,Due carreggiate,Bagnato (pioggia),Asfaltata,Verticale ed orizzontale,Pioggia in atto,Normale,Buona,Ore Diurne,0,0,0,2,"1,250,699","419,454",True
2644596,10,5/1/16 11:30,Strada Urbana,da specificare,,VIA BERNARDINO ALIMENA,,,rotatoria l. schiavonetti,Scontro laterale fra veicoli in marcia,Rotatoria,Due carreggiate,Bagnato (pioggia),Asfaltata,Verticale ed orizzontale,Pioggia in atto,Normale,Buona,Ore Diurne,0,0,0,2,"1,260,342","4,184,748",True
2644760,12,5/1/16 12:00,Provinciale,in prossimit•À_,della chilometrica,VIA PONTINA,,18.1,,Tamponamento,Rettilineo,Due carreggiate,Bagnato (pioggia),Asfaltata,Verticale ed orizzontale,Pioggia in atto,Intenso,Buona,Ore Diurne,0,0,0,3,"1,245,106","4,179,235",True
2643807,4,5/1/16 12:00,Strada Urbana,in corrispondenza,del civico n.,VIA FRANCO FRANCHI,,49,,Scontro laterale fra veicoli in marcia,Rettilineo,Una carreggiata a senso unico di marcia,Bagnato (umidit•À_ in atto),Acciotolata,Verticale ed orizzontale,Nuvoloso,Intenso,Buona,Ore Diurne,0,0,0,3,"1,249,637","4,190,278",True
2643018,6,5/1/16 12:20,Strada Urbana,all'intersezione con,VIA SABAUDIA,VIA ALATRI,VIA SABAUDIA,,,Scontro frontale/laterale DX fra veicoli in marcia,Incrocio,Una carreggiata a senso unico di marcia,Bagnato (pioggia),Asfaltata,Verticale ed orizzontale,Nuvoloso,Normale,Buona,Ore Diurne,0,0,0,2,"1,255,803","4,189,318",True
2644728,12,5/1/16 12:50,Strada Urbana,in prossimit•À_,del civico n.,VIA DI TRIGORIA,,82,,Scontro frontale fra veicoli in marcia,Rettilineo,Una carreggiata a doppio senso,Bagnato (pioggia),Asfaltata,Verticale ed orizzontale,Pioggia in atto,Normale,Buona,Ore Diurne,1,0,0,2,"1,247,875","4,176,922",False
2644764,8,5/1/16 12:55,Strada Urbana,in corrispondenza,del civico n.,VIA DI LUNGHEZZA,,23,,Scontro frontale/laterale DX fra veicoli in marcia,Rettilineo,Una carreggiata a doppio senso,Bagnato (umidit•À_ in atto),Asfaltata,Verticale ed orizzontale,Nuvoloso,Normale,Buona,Ore Diurne,0,0,0,2,"1,267,155","4,192,307",True
2644667,19,5/1/16 13:00,Strada Urbana,in prossimit•À_,del civico n.,VIA DI CASAL DEL MARMO,,588,,Scontro frontale fra veicoli in marcia,Curva senza visuale libera,Una carreggiata a doppio senso,Bagnato (pioggia),Asfaltata,Orizzontale,Nuvoloso,Normale,Buona,Ore Diurne,5,0,0,1,"1,238,555","4,193,816",True
2643448,12,5/1/16 13:15,Strada Urbana,da specificare,,VIALE CARLO LEVI,,,Parcheggio centro comm.le Euroma 2,Scontro frontale/laterale SX fra veicoli in marcia,Rettilineo,Una carreggiata a senso unico di marcia,Asciutto,Asfaltata,Assente,Sereno,Intenso,Buona,Ore Diurne,0,0,0,4,"1,245,927","4,181,548",True
2643868,9,5/1/16 13:20,,in corrispondenza,del civico n.,VIA APPIA NUOVA,,704,,Tamponamento Multiplo,,,,,,,,,,1,0,0,3,,,False
2643884,9,5/1/16 13:20,,all'intersezione semaforizzata con,VIA SATRICO,VIA ACAIA,VIA SATRICO,,,Scontro laterale fra veicoli in marcia,,,,,,,,,,1,0,0,2,,,False
2644658,11,5/1/16 13:30,Strada Urbana,da specificare,,VIA ANDREA DI BONAIUTO,,,PALO ACEA N. 22,Veicolo in marcia contro ostacolo fisso,Curva a visuale libera,Una carreggiata a doppio senso,Bagnato (umidit•À_ in atto),Asfaltata,Verticale ed orizzontale,Nuvoloso,Scarso,Buona,Ore Diurne,0,0,0,1,"1,249,075","4,182,794",True
2643450,12,5/1/16 13:30,Strada Urbana,da specificare,,VIA CRISTOFORO COLOMBO,,,altezza sottovia Pontina (Direzione Centro),Veicolo in marcia contro ostacolo fisso,Curva a visuale libera,Una carreggiata a senso unico di marcia,Asciutto,Asfaltata,Verticale ed orizzontale,Nuvoloso,Normale,Buona,Ore Diurne,0,0,0,1,"1,245,975","4,181,256",True
2643453,12,5/1/16 13:35,Strada Urbana,da specificare,,VIA CRISTOFORO COLOMBO,,,altezza sottovia Pontina (Direzione Centro),Tamponamento,Curva senza visuale libera,Una carreggiata a senso unico di marcia,Bagnato (pioggia),Asfaltata,Verticale ed orizzontale,Pioggia in atto,Normale,Buona,Ore Diurne,0,0,0,3,"1,245,949","4,181,205",True
2644681,10,5/1/16 14:00,Strada Urbana,da specificare,,VIA ANAGNINA,,,RAMPA DIREZ. TUSCOLANA SOTTOPASSO GRA,Fuoriuscita dalla sede stradale,Curva senza visuale libera,Una carreggiata a senso unico di marcia,Bagnato (pioggia),Asfaltata,Verticale,Nuvoloso,Normale,Buona,Ore Diurne,0,0,0,1,"1,264,461","4,179,971",True
2643415,15,5/1/16 14:00,Strada Urbana,da specificare,,VIA PORTUENSE,,,150 metri dal civico 882 dir Fiumicino,Scontro frontale/laterale SX fra veicoli in marcia,Rettilineo,Una carreggiata a doppio senso,Bagnato (umidit•À_ in atto),Asfaltata,Verticale ed orizzontale,Nuvoloso,Normale,Buona,Ore Diurne,2,0,0,3,"1,240,939","4,184,342",True
2646285,23,5/1/16 14:00,Strada Urbana,all'intersezione semaforizzata con,VIA DI ACILIA,VIA CRISTOFORO COLOMBO,VIA DI ACILIA,,,Tamponamento,Intersezione semaforizzata,Pi•À_ di due carreggiate,Bagnato (pioggia),Asfaltata,Verticale ed orizzontale,Nuvoloso,Scarso,Buona,Ore Diurne,0,0,0,2,"1,238,292","4,176,525",True
2644797,5,5/1/16 14:10,Strada Urbana,all'intersezione con,VIA DI PORTONACCIO,LARGO GIOVANNI PITTALUGA,VIA DI PORTONACCIO,,,Scontro frontale/laterale SX fra veicoli in marcia,Incrocio,Pi•À_ di due carreggiate,Bagnato (pioggia),Asfaltata,Verticale ed orizzontale,Nuvoloso,Normale,Buona,Ore Diurne,0,0,0,2,"1,253,718","4,189,983",True
2654082,18,5/1/16 14:20,Statale,in prossimit•À_,del civico n.,VIA AURELIA,,988,,Tamponamento,Rettilineo,Due carreggiate,Bagnato (umidit•À_ in atto),Asfaltata,Verticale ed orizzontale,Nuvoloso,Normale,Buona,Ore Diurne,2,0,0,3,"1,238,469","4,188,614",True
2643728,20,5/1/16 14:25,,in corrispondenza,del civico n.,PIAZZALE DI PONTE MILVIO,,57,,Investimento di pedone,,,,,,,,,,1,0,0,1,,,False
2643349,2,5/1/16 14:50,Strada Urbana,in prossimit•À_,del civico n.,PIAZZA TRASIMENO,,4,,Veicolo in marcia contro ostacolo accidentale,Rotatoria,Una carreggiata a senso unico di marcia,Bagnato (umidit•À_ in atto),Asfaltata,Verticale ed orizzontale,Nuvoloso,Normale,Buona,Ore Diurne,1,0,0,0,"1,250,662","4,191,893",False
2643323,7,5/1/16 14:50,Provinciale entro l'abitato,all'intersezione semaforizzata con,VIALE PALMIRO TOGLIATTI,VIA PRENESTINA,VIALE PALMIRO TOGLIATTI,,,Scontro laterale fra veicoli in marcia,Intersezione semaforizzata,Due carreggiate,Asciutto,Asfaltata,Verticale ed orizzontale,Nuvoloso,Normale,Buona,Ore Diurne,0,0,0,4,"1,257,325","4,189,378",True
2643420,15,5/1/16 15:00,Strada Urbana,da specificare,,PIAZZA DELLA RADIO,,,fronte civico 45 ,Scontro frontale/laterale SX fra veicoli in marcia,Rettilineo,Due carreggiate,Bagnato (umidit•À_ in atto),Asfaltata,Verticale ed orizzontale,Nuvoloso,Normale,Sufficiente,Sufficiente,0,0,0,3,"1,246,761","4,186,983",True
2644769,8,5/1/16 15:07,Strada Urbana,da specificare,,VIA CASILINA,,,altezza viadotto v.le Tor Bella Monaca,Scontro frontale/laterale SX fra veicoli in marcia,Rettilineo,Due carreggiate,Bagnato (pioggia),Asfaltata,Verticale ed orizzontale,Nuvoloso,Normale,Sufficiente,Ore Diurne,2,0,0,1,"1,264,139","4,186,309",True
2643278,13,5/1/16 15:15,Strada Urbana,da specificare,,VIALE DEI ROMAGNOLI,,,altezza 2•À_ curva direzione Fiumicino,Veicolo in marcia contro ostacolo fisso,Curva senza visuale libera,Una carreggiata a senso unico di marcia,Bagnato (umidit•À_ in atto),Asfaltata,Verticale ed orizzontale,Nuvoloso,Normale,Buona,Ore Diurne,0,0,0,1,"122,853","4,174,903",True
2646278,23,5/1/16 15:15,Comunale extraurbana,in prossimit•À_,della chilometrica,VIA CRISTOFORO COLOMBO,,19.4,,Tamponamento Multiplo,Rettilineo,Due carreggiate,Asciutto,Asfaltata,Verticale ed orizzontale,Sereno,Normale,Sufficiente,Ore Diurne,2,0,0,3,"1,238,526","417,668",False
2645286,2,5/1/16 15:15,Strada Urbana,all'intersezione con,VIA DI TRASONE,VIA DI NOVELLA,VIA DI TRASONE,,,Scontro frontale/laterale SX fra veicoli in marcia,Incrocio,Una carreggiata a doppio senso,Bagnato (pioggia),Asfaltata,Verticale ed orizzontale,Nuvoloso,Normale,Buona,Ore Diurne,0,0,0,2,"1,251,141","4,192,969",True
2643800,4,5/1/16 15:50,Strada Urbana,all'intersezione semaforizzata con,VIA GOFFREDO BELLONCI,VIA DI TOR S. GIOVANNI,VIA GOFFREDO BELLONCI,,,Scontro frontale/laterale SX fra veicoli in marcia,Intersezione semaforizzata,Una carreggiata a doppio senso,Bagnato (pioggia),Asfaltata,Verticale ed orizzontale,Nuvoloso,Normale,Buona,Ore Diurne,4,0,0,0,"1,257,259","4,198,687",False
2643373,7,5/1/16 15:50,Strada Urbana,in prossimit•À_,del civico n.,VIA COLLATINA,,103,,Scontro laterale fra veicoli in marcia,Rettilineo,Una carreggiata a doppio senso,Asciutto,Asfaltata,Verticale ed orizzontale,Nuvoloso,Intenso,Buona,Ore Diurne,0,0,0,2,"125,679","4,190,099",True
2645161,12,5/1/16 16:00,Strada Urbana,da specificare,,VIALE DON PASQUINO BORGHI,,,PROX VIA BRANDELLERO ,Veicolo in marcia contro ostacolo accidentale,Rettilineo,Due carreggiate,Bagnato (pioggia),Asfaltata,Verticale ed orizzontale,Nuvoloso,Scarso,Buona,Sufficiente,0,0,0,2,"1,244,965","4,180,572",True
2643723,20,5/1/16 16:10,Strada Urbana,da specificare,,LUNGOTEVERE MARESCIALLO CADORNA,,,in prossimit•À_ piazzale De Bosis,Tamponamento,Rettilineo,Una carreggiata a doppio senso,Asciutto,Asfaltata,Orizzontale,Nuvoloso,Normale,Buona,Ore Diurne,0,0,0,4,"1,245,888","4,193,063",True
2644800,5,5/1/16 16:10,Strada Urbana,all'intersezione con,VIA FABRIANO,VIA FIUMINATA,VIA FABRIANO,,,Scontro laterale fra veicoli in marcia,Incrocio,Una carreggiata a doppio senso,Bagnato (pioggia),Asfaltata,Orizzontale,Nuvoloso,Normale,Buona,Ore Diurne,0,0,0,5,"1,258,441","4,194,078",True
2653533,18,5/1/16 16:25,Strada Urbana,da specificare,,VIA DI BOCCEA,,,PROSSIMITA' VIA NAZARETH,Scontro laterale fra veicoli in marcia,Curva a visuale libera,Due carreggiate,Bagnato (umidit•À_ in atto),Asfaltata,Verticale ed orizzontale,Nuvoloso,Normale,Sufficiente,Sufficiente,0,0,0,2,"1,240,798","419,072",True
2644981,1,5/1/16 16:50,Strada Urbana,all'intersezione con,VIA DEL CASTRO PRETORIO,VIA MARSALA,VIA DEL CASTRO PRETORIO,,,Scontro frontale/laterale SX fra veicoli in marcia,Incrocio,Una carreggiata a senso unico di marcia,Bagnato (pioggia),In cubetti di porfido,Verticale ed orizzontale,Nuvoloso,Intenso,Sufficiente,Sufficiente,0,0,0,5,"1,250,464","4,190,092",True
2644799,8,5/1/16 17:00,,in corrispondenza,del civico n.,VIA DI TORRENOVA,,384,,Veicolo in marcia contro ostacolo accidentale,,,,,,,,,,0,0,0,2,,,False
2644777,8,5/1/16 17:00,Strada Urbana,da specificare,,VIA PIERO CORTI,,,10 mt dopo via V. Gorga,Scontro frontale/laterale SX fra veicoli in marcia,Rettilineo,Due carreggiate,Bagnato (umidit•À_ in atto),Asfaltata,Verticale ed orizzontale,Nuvoloso,Normale,Buona,Sufficiente,1,0,0,1,"1,267,171","4,190,181",True
2643454,12,5/1/16 17:00,Strada Urbana,da specificare,,VIA CRISTOFORO COLOMBO,,,altezza viale Oceania (Direzione GRA),Tamponamento,Rettilineo,Una carreggiata a senso unico di marcia,Bagnato (umidit•À_ in atto),Asfaltata,Orizzontale,Nuvoloso,Normale,Sufficiente,Sufficiente,1,0,0,1,"1,246,567","4,182,727",False
2644813,8,5/1/16 17:15,,da specificare,,VIA DI TOR BELLA MONACA,,,50 mt dopo uscita GRA direzione via Casilina,Veicolo in marcia contro ostacolo accidentale,,,,,,,,,,0,0,0,1,,,False
2643811,4,5/1/16 17:30,Strada Urbana,in prossimit•À_,del civico n.,PIAZZA CONCA D'ORO,,50,,Investimento di pedone,Rettilineo,Due carreggiate,Asciutto,Asfaltata,Verticale ed orizzontale,Sereno,Normale,Sufficiente,Sufficiente,1,0,0,1,"1,252,767","419,386",True
2644630,11,5/1/16 17:30,Strada Urbana,all'intersezione con,VIA AUGUSTO VERA,VIALE PICO DELLA MIRANDOLA,VIA AUGUSTO VERA,,,Scontro frontale/laterale SX fra veicoli in marcia,Incrocio,Due carreggiate,Bagnato (umidit•À_ in atto),Asfaltata,Verticale ed orizzontale,Nuvoloso,Normale,Buona,Sufficiente,0,0,0,3,"1,248,618","4,184,617",True
2644706,10,5/1/16 17:30,Strada Urbana,all'intersezione con,VIALE DEI CONSOLI,PIAZZA DEI CONSOLI,VIALE DEI CONSOLI,,,Scontro laterale fra veicoli in marcia,Incrocio,Una carreggiata a senso unico di marcia,Asciutto,Asfaltata,Verticale ed orizzontale,Nuvoloso,Normale,Buona,Sufficiente,0,0,0,2,"1,255,746","4,186,178",True
2644695,10,5/1/16 17:30,Strada Urbana,all'intersezione con,VIA TAURIANOVA,PIAZZA ROSARNO,VIA TAURIANOVA,,,Scontro frontale/laterale DX fra veicoli in marcia,Incrocio,Una carreggiata a senso unico di marcia,Asciutto,Asfaltata,Orizzontale,Nuvoloso,Normale,Buona,Ore Diurne,1,0,0,2,"1,255,539","4,183,755",False
2645491,1,5/1/16 17:35,Strada Urbana,all'intersezione con,VIA RUGGERO BONGHI,VIA MERULANA,VIA RUGGERO BONGHI,,,Investimento di pedone,Incrocio,Una carreggiata a doppio senso,Asciutto,Asfaltata,Verticale ed orizzontale,Sereno,Intenso,Insufficiente,Insufficiente,2,0,0,0,,,False
2644807,8,5/1/16 17:40,Strada Urbana,da specificare,,VIA DI TOR BELLA MONACA,,,inversione marcia dopo via Parasacchi dir.Casilina,Veicolo in marcia contro ostacolo accidentale,Rettilineo,Due carreggiate,Asciutto,Asfaltata,Verticale ed orizzontale,Nuvoloso,Normale,Sufficiente,Sufficiente,0,0,0,1,"1,262,813","4,187,636",True
2653731,18,5/1/16 17:45,Strada Urbana,in prossimit•À_,del civico n.,VIA DELLA CELLULOSA,,62,,Scontro frontale/laterale SX fra veicoli in marcia,Rettilineo,Una carreggiata a doppio senso,Asciutto,Asfaltata,Verticale ed orizzontale,Nuvoloso,Normale,Buona,Sufficiente,0,0,0,4,"1,236,498","4,192,074",True
2643821,4,5/1/16 18:00,Strada Urbana,in corrispondenza,del civico n.,VIA DELLE VIGNE NUOVE,,364,,Veicolo in marcia contro ostacolo accidentale,Rettilineo,Una carreggiata a doppio senso,Asciutto,Asfaltata,Orizzontale,Nuvoloso,Intenso,Sufficiente,Sufficiente,0,0,0,1,"12,536","4,195,426",True
2643817,4,5/1/16 18:00,Strada Urbana,in corrispondenza,del civico n.,VIA DELLE VIGNE NUOVE,,364,,Veicolo in marcia contro ostacolo accidentale,Rettilineo,Una carreggiata a doppio senso,Asciutto,Asfaltata,Orizzontale,Nuvoloso,Intenso,Sufficiente,Sufficiente,0,0,0,2,"12,536","4,195,426",True
2644827,8,5/1/16 18:10,,in prossimit•À_,del civico n.,VIALE DUILIO CAMBELLOTTI,,167,,Veicolo in marcia contro ostacolo accidentale,,,,,,,,,,1,0,0,0,,,False
2644823,8,5/1/16 18:10,,da specificare,,VIA DI TOR BELLA MONACA,,,50 mt dopo uscita GRA direzione Casilina,Veicolo in marcia contro ostacolo accidentale,,,,,,,,,,0,0,0,1,,,False
2646040,1,5/1/16 18:10,Strada Urbana,all'intersezione semaforizzata con,VIA MERULANA,PIAZZA DI S. GIOVANNI IN LATERANO,VIA MERULANA,,,Scontro frontale/laterale SX fra veicoli in marcia,Intersezione semaforizzata,Una carreggiata a doppio senso,Asciutto,Asfaltata,Verticale ed orizzontale,Sereno,Normale,Sufficiente,Sufficiente,0,0,0,2,"1,250,548","4,188,733",True
2645290,2,5/1/16 18:30,Strada Urbana,in prossimit•À_,del civico n.,VIALE ARRIGO BOITO,,29,,Scontro laterale fra veicoli in marcia,Rettilineo,Una carreggiata a senso unico di marcia,Asciutto,Asfaltata,Verticale ed orizzontale,Nuvoloso,Normale,Sufficiente,Sufficiente,0,0,0,4,"1,251,264","4,193,672",True
2644249,7,5/1/16 18:40,Strada Urbana,da specificare,,PIAZZA DEI MIRTI,,,in prossimita' del  civico 12,Veicolo in marcia contro veicolo in sosta,Rotatoria,Una carreggiata a senso unico di marcia,Asciutto,Asfaltata,Verticale ed orizzontale,Sereno,Normale,Buona,Sufficiente,0,0,0,1,"1,256,644","4,188,147",False
2644646,13,5/1/16 19:10,Strada Urbana,all'intersezione con,VIA MENIPPO,VIA ARCHELAO DI MILETO,VIA MENIPPO,,,Scontro frontale/laterale DX fra veicoli in marcia,Incrocio,Una carreggiata a doppio senso,Bagnato (umidit•À_ in atto),Asfaltata,Verticale ed orizzontale,Nuvoloso,Normale,Sufficiente,Sufficiente,0,0,0,2,"1,236,124","4,175,905",True
2646268,23,5/1/16 19:15,Strada Urbana,in prossimit•À_,del civico n.,VIA CRISTOFORO COLOMBO,,581,,Veicolo in marcia contro ostacolo accidentale,Rettilineo,Due carreggiate,Asciutto,Asfaltata,Verticale ed orizzontale,Nuvoloso,Normale,Buona,Sufficiente,1,0,0,3,"1,246,964","418,315",True
2644830,8,5/1/16 19:50,Strada Urbana,da specificare,,VIA DEI RUDERI DI CASA CALDA,,,altezza civico 38,Scontro frontale/laterale DX fra veicoli in marcia,Rettilineo,Una carreggiata a doppio senso,Asciutto,Asfaltata,Verticale ed orizzontale,Nuvoloso,Normale,Buona,Sufficiente,0,0,0,2,"1,259,472","4,187,467",True
2644832,8,5/1/16 20:15,,da specificare,,VIA COLLATINA,,,fronte palo acea 606 direzione centro,Veicolo in marcia contro ostacolo accidentale,,,,,,,,,,0,0,0,2,,,False
2644113,16,5/1/16 20:20,Strada Urbana,in prossimit•À_,del civico n.,VIA ABATE UGONE,,19,,Scontro frontale/laterale SX fra veicoli in marcia,Rettilineo,Una carreggiata a doppio senso,Bagnato (umidit•À_ in atto),Asfaltata,Verticale ed orizzontale,Nuvoloso,Normale,Buona,Sufficiente,1,0,0,3,"1,245,335","4,187,805",False
2643892,9,5/1/16 20:45,,da specificare,,VIA QUINTO PUBLICIO,,,prox via Lamaro,Ribaltamento senza urto contro ostacolo fisso,,,,,,,,,,0,0,0,2,,,False
2644257,7,5/1/16 21:00,Strada Urbana,da specificare,,VIA DI TOR TRE TESTE,,,FRONTE CIVICO 9,Veicolo in marcia contro ostacolo accidentale,Rettilineo,Una carreggiata a doppio senso,Bagnato (umidit•À_ in atto),Asfaltata,Assente,Nuvoloso,Scarso,Sufficiente,Sufficiente,0,0,0,1,"1,258,752","4,186,881",False
2643694,6,5/1/16 21:10,Strada Urbana,all'intersezione semaforizzata con,VIA TOR DE' SCHIAVI,VIA PRENESTINA,VIA TOR DE' SCHIAVI,,,Infortunio per caduta del veicolo,Incrocio,Due carreggiate,Bagnato (umidit•À_ in atto),Asfaltata,Verticale ed orizzontale,Nuvoloso,Scarso,Sufficiente,Sufficiente,0,0,0,1,,,False
2645157,12,5/1/16 22:00,Provinciale,in prossimit•À_,del civico n.,VIA LAURENTINA,,1542,,Veicolo in marcia contro ostacolo accidentale,Rettilineo,Una carreggiata a doppio senso,Bagnato (umidit•À_ in atto),Asfaltata,Verticale ed orizzontale,Nuvoloso,Scarso,Insufficiente,Inesistente,0,0,0,1,"124,992","4,175,547",True
2644699,19,5/1/16 22:00,Strada Urbana,in prossimit•À_,del civico n.,VIA DELL'ACQUEDOTTO DEL PESCHIERA,,20,,Scontro laterale fra veicoli in marcia,Rettilineo,Una carreggiata a senso unico di marcia,Asciutto,Asfaltata,Verticale ed orizzontale,Sereno,Scarso,Buona,Sufficiente,0,0,0,3,"1,242,383","4,193,952",True
2644123,6,5/1/16 22:30,Strada Urbana,all'intersezione con,VIA FRA MAURO,PIAZZA COPERNICO,VIA FRA MAURO,,,Veicolo in marcia contro veicoli in sosta,Incrocio,Una carreggiata a senso unico di marcia,Bagnato (pioggia),Asfaltata,Verticale ed orizzontale,Nuvoloso,Scarso,Buona,Sufficiente,0,0,0,1,"1,253,315","4,188,628",True
2644264,7,5/1/16 22:40,Strada Urbana,da specificare,,VIALE PALMIRO TOGLIATTI,,,prossimit•À_ civico 1294 (direttrice via collatina),Veicolo in marcia contro ostacolo fisso,Rettilineo,Due carreggiate,Bagnato (umidit•À_ in atto),Asfaltata,Verticale ed orizzontale,Nuvoloso,Scarso,Sufficiente,Sufficiente,2,0,0,0,"1,257,545","4,190,194",True
2644670,13,5/1/16 23:00,Strada Urbana,da specificare,,VIA GUIDO CALZA,,,pross. viale dei Romagnoli,Scontro laterale fra veicoli in marcia,Rettilineo,Una carreggiata a senso unico di marcia,Bagnato (pioggia),Asfaltata,Verticale ed orizzontale,Nuvoloso,Scarso,Sufficiente,Sufficiente,1,0,0,2,"1,249,637","4,190,278",False