ID,Gruppo,_DataOraIncidente,_Localizzazione1,_Localizzazione2,Strada02,Strada1,Strada2,Chilometrica,DaSpecificare,_NaturaIncidente,_ParticolaritaStrade,_TipoStrada,_FondoStradale,_Pavimentazione,_Segnaletica,_CondizioneAtmosferica,_Traffico,_Visibilita,_Illuminazione,NUM_FERITI,_NUM_RISERVATA,_NUM_MORTI,_NUM_ILLESI,Longitudine,Latitudine,CONFERMATO
2643897,9,5/1/16 23:00,,da specificare,,VIA DI TOR BELLA MONACA,,,alt.palo acea 10,Veicolo in marcia contro ostacolo accidentale,,,,,,,,,,0,0,0,3,,,False
2643702,20,5/1/16 23:15,Strada Urbana,all'intersezione con,LUNGOTEVERE ARNALDO DA BRESCIA,VIA LUISA DI SAVOIA,LUNGOTEVERE ARNALDO DA BRESCIA,,,Scontro laterale fra veicoli in marcia,Incrocio,Una carreggiata a senso unico di marcia,Bagnato (umidit•À_ in atto),Asfaltata,Verticale ed orizzontale,Nuvoloso,Scarso,Buona,Sufficiente,0,0,0,5,"1,247,415","4,191,132",True
2644835,8,5/1/16 23:40,,da specificare,,VIA DEL PONTE DI NONA,,,altezza rotatoria via Chiodelli dir.  Prenestina,Veicolo in marcia contro ostacolo accidentale,,,,,,,,,,0,0,0,1,,,False
2644836,8,5/1/16 23:50,,da specificare,,VIA DEL PONTE DI NONA,,,altezza rotatoria r. Chiodelli,Veicolo in marcia contro ostacolo accidentale,,,,,,,,,,0,0,0,1,,,False
2644849,8,5/1/16 23:55,Strada Urbana,da specificare,,VIA DEL PONTE DI NONA,,,50 mt dopo rotatoria Matte' Trucco,Veicolo in marcia contro ostacolo accidentale,Rettilineo,Due carreggiate,Bagnato (umidit•À_ in atto),Con buche,Verticale ed orizzontale,Nuvoloso,Scarso,Sufficiente,Sufficiente,0,0,0,2,"1,266,005","4,190,248",True
2644750,13,6/1/16 0:15,Strada Urbana,all'intersezione con,VIA RUTILIO NAMAZIANO,VIALE DELLA MARINA,VIA RUTILIO NAMAZIANO,,,Scontro frontale/laterale DX fra veicoli in marcia,Incrocio,Una carreggiata a doppio senso,Bagnato (umidit•À_ in atto),Asfaltata,Verticale ed orizzontale,Nuvoloso,Normale,Sufficiente,Sufficiente,0,0,0,5,"1,227,719","4,173,067",True
2645255,17,6/1/16 0:30,Strada Urbana,in corrispondenza,del palo luce n.,GALLERIA PRINCIPE AMEDEO SAVOIA AOSTA,,99,,Veicolo in marcia contro ostacolo fisso,Curva senza visuale libera,Una carreggiata a senso unico di marcia,Asciutto,Asfaltata,Orizzontale,Sereno,Scarso,Sufficiente,Sufficiente,0,0,0,1,"1,246,175","4,189,965",True
2644854,8,6/1/16 1:00,,da specificare,,VIA DEL PONTE DI NONA,,,alt. rotatoria via Matte' Trucco dir. Prenestina,Veicolo in marcia contro ostacolo accidentale,,,,,,,,,,0,0,0,4,,,False
2643697,6,6/1/16 1:00,Strada Urbana,da specificare,,Tangenziale Est,,,intersezione TIBURTINA Dir. GRA,Veicolo in marcia contro ostacolo fisso,Cavalcavia,Una carreggiata a senso unico di marcia,Bagnato (pioggia),Asfaltata,Orizzontale,Nuvoloso,Scarso,Buona,Sufficiente,1,0,0,1,"1,253,184","4,190,815",False
2644961,1,6/1/16 1:05,Strada Urbana,all'intersezione semaforizzata con,VIA ANTONINIANA,VIALE DELLE TERME DI CARACALLA,VIA ANTONINIANA,,,Veicolo in marcia contro ostacolo fisso,Intersezione semaforizzata,Pi•À_ di due carreggiate,Bagnato (umidit•À_ in atto),Asfaltata,Verticale ed orizzontale,Nuvoloso,Scarso,Sufficiente,Sufficiente,0,0,0,1,"1,249,516","4,187,936",True
2644577,11,6/1/16 1:15,Strada Urbana,da specificare,,PIAZZA BARTOLOMEO ROMANO,,,prossimit•À_ via F. PASSINO,Scontro frontale/laterale DX fra veicoli in marcia,Rettilineo,Pi•À_ di due carreggiate,Asciutto,Asfaltata,Verticale ed orizzontale,Sereno,Scarso,Sufficiente,Sufficiente,0,0,0,3,"1,248,522","4,186,288",True
2644851,8,6/1/16 1:45,,da specificare,,VIA DEL PONTE DI NONA,,,20 metri dopo rotatoria R. Chiodelli,Veicolo in marcia contro ostacolo accidentale,,,,,,,,,,0,0,0,2,,,False
2644117,16,6/1/16 1:45,Strada Urbana,da specificare,,VIA PORTUENSE,,,prossimit•À_ fronte civico 746,Veicolo in marcia contro ostacolo accidentale,Rettilineo,Una carreggiata a doppio senso,Asciutto,Asfaltata,Assente,Sereno,Normale,Buona,Sufficiente,0,0,0,2,"1,240,939","4,184,342",True
2654539,18,6/1/16 2:00,Strada Urbana,in prossimit•À_,del civico n.,VIA DELLA PINETA SACCHETTI,,115,,Veicolo in marcia contro ostacolo fisso,Curva a visuale libera,Una carreggiata a senso unico di marcia,Asciutto,Asfaltata,Verticale ed orizzontale,Sereno,Scarso,Sufficiente,Insufficiente,0,0,0,1,"124,243","4,191,051",True
2643924,9,6/1/16 2:05,Strada Urbana,da specificare,,VIA DI TOR BELLA MONACA,,,alt.palo acea 10,Veicolo in marcia contro ostacolo accidentale,Rettilineo,Due carreggiate,Bagnato (pioggia),Con buche,Verticale ed orizzontale,Nuvoloso,Scarso,Sufficiente,Sufficiente,0,0,0,1,"1,262,813","4,187,636",True
2644274,12,6/1/16 2:20,Strada Urbana,da specificare,,VIA DELLA PISANA,,,FRONTE CIVICO 332,Fuoriuscita dalla sede stradale,Rettilineo,Una carreggiata a doppio senso,Asciutto,Asfaltata,Verticale ed orizzontale,Nuvoloso,Scarso,Buona,Sufficiente,0,0,0,1,"1,239,764","4,185,757",True
2643718,20,6/1/16 4:00,,da specificare,,VIALE ESPERIA SPERANI,,,altezza via della stazione di ottavia 185,Veicolo in marcia contro ostacolo fisso,,,,,,,,,,0,0,0,1,,,False
2643700,6,6/1/16 4:20,Strada Urbana,in prossimit•À_,del civico n.,VIA ATTILIO BENIGNI,,7,,Veicolo in marcia contro ostacolo fisso,Rettilineo,Una carreggiata a doppio senso,Bagnato (umidit•À_ in atto),Asfaltata,Assente,Sereno,Scarso,Sufficiente,Sufficiente,0,0,0,1,"1,256,045","4,193,022",True
2645986,19,6/1/16 4:30,Strada Urbana,da specificare,,VIA DELLA MAGLIANELLA,,,civ. 297,Veicolo in marcia contro ostacolo fisso,Curva a visuale libera,Una carreggiata a doppio senso,Asciutto,Asfaltata,Verticale,Sereno,Scarso,Insufficiente,Inesistente,0,0,0,3,"1,238,178","4,190,343",True
2644621,11,6/1/16 4:30,Strada Urbana,all'intersezione con,CIRCONVALLAZIONE OSTIENSE,VIA CAFFARO,CIRCONVALLAZIONE OSTIENSE,,,Scontro frontale/laterale SX fra veicoli in marcia,Intersezione stradale segnalata,Due carreggiate,Bagnato (umidit•À_ in atto),Asfaltata,Verticale ed orizzontale,Nuvoloso,Scarso,Sufficiente,Sufficiente,0,0,0,4,"124,858","4,186,717",True
2646004,19,6/1/16 5:10,Strada Urbana,da specificare,,VIA DELLA MAGLIANELLA,,,civ. 297,Veicolo in marcia contro ostacolo fisso,Curva a visuale libera,Una carreggiata a doppio senso,Asciutto,Asfaltata,Verticale,Sereno,Scarso,Insufficiente,Inesistente,0,0,0,3,"1,238,178","4,190,343",True
2645077,3,6/1/16 5:15,Strada Urbana,in prossimit•À_,del civico n.,VIA NOMENTANA,,363,,Veicolo in marcia contro veicolo in sosta,Rettilineo,Una carreggiata a doppio senso,Bagnato (pioggia),Asfaltata,Verticale ed orizzontale,Nuvoloso,Scarso,Sufficiente,Sufficiente,0,0,0,1,"1,252,069","4,192,419",True
2644753,1,6/1/16 5:22,Strada Urbana,all'intersezione semaforizzata con,VIA DI PORTA MAGGIORE,VIALE MANZONI,VIA DI PORTA MAGGIORE,,,Scontro laterale fra veicoli in marcia,Intersezione semaforizzata,Una carreggiata a doppio senso,Bagnato (pioggia),Asfaltata,Verticale ed orizzontale,Nuvoloso,Scarso,Buona,Sufficiente,0,0,0,2,,,False
2643932,9,6/1/16 5:30,,da specificare,,VIA DI TOR BELLA MONACA,,,prox palo acea 10,Veicolo in marcia contro ostacolo accidentale,,,,,,,,,,0,0,0,3,,,False
2644805,5,6/1/16 6:10,Strada Urbana,in prossimit•À_,del civico n.,VIA TIBURTINA,,1143,,Veicolo in marcia contro ostacolo fisso,Rettilineo,Una carreggiata a doppio senso,Asciutto,Asfaltata,Temporanea di cantiere,Nuvoloso,Scarso,Insufficiente,Inesistente,0,0,0,2,"1,259,514","4,193,257",True
2644795,18,6/1/16 6:30,Strada Urbana,in prossimit•À_,del civico n.,VIA URBANO II,,31,,Veicolo in marcia contro veicolo in sosta,Rettilineo,Una carreggiata a doppio senso,Bagnato (pioggia),Asfaltata,Verticale ed orizzontale,Pioggia in atto,Scarso,Sufficiente,Sufficiente,1,0,0,0,"1,242,302","4,190,433",False
2645292,2,6/1/16 8:45,Strada Urbana,in prossimit•À_,del civico n.,CORSO D'ITALIA,,fr. 3A,,Veicolo in marcia contro ostacolo fisso,Rettilineo,Due carreggiate,Bagnato (pioggia),Asfaltata,Verticale ed orizzontale,Nuvoloso,Scarso,Buona,Ore Diurne,0,0,0,1,"1,322,242","4,160,862",True
2645117,17,6/1/16 9:00,Strada Urbana,da specificare,,LUNGOTEVERE MICHELANGELO,,,in corrispondenza sottovia alt. p.za della libert•À_,Veicolo in marcia contro ostacolo accidentale,Pendenza,Una carreggiata a senso unico di marcia,Bagnato (pioggia),Con buche,Verticale ed orizzontale,Nuvoloso,Normale,Buona,Ore Diurne,0,0,0,1,"1,247,036","4,191,219",True
2644584,10,6/1/16 9:30,Strada Urbana,all'intersezione semaforizzata con,VIA TUSCOLANA,VIA SCRIBONIO CURIONE,VIA TUSCOLANA,,,Scontro laterale fra veicoli in marcia,Intersezione semaforizzata,Due carreggiate,Bagnato (pioggia),Asfaltata,Verticale ed orizzontale,Pioggia in atto,Normale,Buona,Ore Diurne,0,0,0,4,"1,255,382","4,186,365",True
2644857,8,6/1/16 9:35,Strada Urbana,da specificare,,VIA CASILINA,,,altezza palo enel n. 21 ,Veicolo in marcia contro ostacolo fisso,Rettilineo,Una carreggiata a doppio senso,Bagnato (umidit•À_ in atto),Asfaltata,Verticale ed orizzontale,Pioggia in atto,Normale,Buona,Ore Diurne,1,0,0,0,"1,260,933","4,186,405",False
2644133,18,6/1/16 9:45,Strada Urbana,in prossimit•À_,del civico n.,VIA DI ACQUAFREDDA,,134,,Scontro frontale fra veicoli in marcia,Rettilineo,Una carreggiata a doppio senso,Bagnato (pioggia),Asfaltata,Orizzontale,Nuvoloso,Normale,Buona,Ore Diurne,1,0,1,3,"1,239,606","4,189,278",False
2644860,8,6/1/16 10:00,,in prossimit•À_,del civico n.,VIA DEL PONTE DI NONA,,81,,Veicolo in marcia contro ostacolo accidentale,,,,,,,,,,0,0,0,1,,,False
2644781,20,6/1/16 10:10,Strada Urbana,in corrispondenza,del civico n.,VIALE DI TOR DI QUINTO,,155,,Veicolo in marcia contro ostacolo fisso,Curva a visuale libera,Due carreggiate,Bagnato (pioggia),Asfaltata,Verticale ed orizzontale,Pioggia in atto,Scarso,Buona,Ore Diurne,0,0,0,1,,,False
2644707,20,6/1/16 10:33,Strada Urbana,in prossimit•À_,del civico n.,VIALE DI TOR DI QUINTO,,155,,Veicoli in marcia contro veicoli fermi,Curva a visuale libera,Due carreggiate,Bagnato (pioggia),Asfaltata,Verticale ed orizzontale,Pioggia in atto,Scarso,Buona,Ore Diurne,0,0,0,5,,,False
2644657,20,6/1/16 11:15,Regionale,da specificare,,VIA FLAMINIA,,,ingresso gallerie Cimitero Flaminio dir Riano,Ribaltamento senza urto contro ostacolo fisso,Curva a visuale libera,Pi•À_ di due carreggiate,Bagnato (pioggia),Asfaltata,Verticale ed orizzontale,Nuvoloso,Normale,Buona,Ore Diurne,1,1,0,0,,,False
2644762,13,6/1/16 11:20,Strada Urbana,all'intersezione con,VIALE DEI ROMAGNOLI,VIA DELLA GENTE SALINATORIA,VIALE DEI ROMAGNOLI,,,Scontro frontale/laterale SX fra veicoli in marcia,Incrocio,Una carreggiata a doppio senso,Bagnato (pioggia),Asfaltata,Verticale ed orizzontale,Nuvoloso,Intenso,Buona,Ore Diurne,0,0,0,4,"1,230,322","4,176,065",True
2644714,4,6/1/16 11:25,Strada Urbana,in prossimit•À_,del civico n.,VIA MONTE META,,4,,Scontro laterale fra veicoli in marcia,Rettilineo,Una carreggiata a senso unico di marcia,Asciutto,Asfaltata,Verticale ed orizzontale,Nuvoloso,Normale,Sufficiente,Ore Diurne,0,0,0,5,"1,253,759","4,194,448",True
2645194,12,6/1/16 11:30,Strada Urbana,in prossimit•À_,del civico n.,VIA FIUME DELLE PERLE,,11,,Investimento di pedone,Rettilineo,Una carreggiata a doppio senso,Bagnato (pioggia),Asfaltata,Verticale ed orizzontale,Pioggia in atto,Scarso,Sufficiente,Ore Diurne,1,0,0,1,"1,243,666","4,180,925",False
2644704,16,6/1/16 12:00,Strada Urbana,in prossimit•À_,del civico n.,CIRCONVALLAZIONE GIANICOLENSE,,77,,Veicolo in marcia contro ostacolo accidentale,Rettilineo,Pi•À_ di due carreggiate,Bagnato (umidit•À_ in atto),Asfaltata,Verticale ed orizzontale,Nuvoloso,Normale,Buona,Ore Diurne,0,0,0,1,"1,245,913","4,187,113",True
2645293,2,6/1/16 12:20,Strada Urbana,da specificare,,VIA SAVERIO MERCADANTE,,,in corrispondenza VIA CARISSIMI,Veicolo in marcia contro veicoli in sosta,Rettilineo,Una carreggiata a senso unico di marcia,Asciutto,Asfaltata,Verticale ed orizzontale,Nuvoloso,Scarso,Buona,Ore Diurne,0,0,0,1,"1,249,072","4,191,884",True
2644802,4,6/1/16 12:45,Strada Urbana,all'intersezione con,VIA EMILIO PRAGA,VIA ACHILLE TORELLI,VIA EMILIO PRAGA,,,Scontro frontale/laterale SX fra veicoli in marcia,Incrocio,Una carreggiata a senso unico di marcia,Bagnato (pioggia),Asfaltata,Verticale ed orizzontale,Nuvoloso,Scarso,Buona,Ore Diurne,0,0,0,3,"1,255,764","4,194,569",True
2644694,20,6/1/16 12:50,Regionale entro l'abitato,in prossimit•À_,del civico n.,VIA FLAMINIA,,575,,Investimento di pedone,Rettilineo,Una carreggiata a doppio senso,Asciutto,Asfaltata,,Nuvoloso,Normale,Buona,Ore Diurne,1,0,0,1,,,False
2645111,3,6/1/16 13:50,Strada Urbana,in prossimit•À_,del civico n.,CIRCONVALLAZIONE NOMENTANA,,214,,Veicolo in marcia contro veicoli in sosta,Rettilineo,Una carreggiata a senso unico di marcia,Bagnato (pioggia),Asfaltata,Orizzontale,Pioggia in atto,Scarso,Buona,Ore Diurne,0,0,0,1,"1,252,634","4,192,078",True
2644820,16,6/1/16 14:10,Strada Urbana,all'intersezione con,VIA DEGLI ORTI DI CESARE,VIA PORTUENSE,VIA DEGLI ORTI DI CESARE,,,Scontro laterale fra veicoli in marcia,Intersezione semaforizzata,Una carreggiata a doppio senso,Bagnato (umidit•À_ in atto),Asfaltata,Verticale ed orizzontale,Nuvoloso,Normale,Buona,Ore Diurne,0,0,0,5,"1,246,742","4,187,275",True
2644627,9,6/1/16 14:15,Strada Urbana,all'intersezione semaforizzata con,VIA APPIA NUOVA,VIA CARLO CIPOLLA,VIA APPIA NUOVA,,,Scontro laterale fra veicoli in marcia,Incrocio,Una carreggiata a doppio senso,Asciutto,Asfaltata,Verticale ed orizzontale,Sereno,Scarso,Buona,Ore Diurne,0,0,0,2,"1,252,967","4,186,605",False
2644867,8,6/1/16 14:15,,da specificare,,VIA PRENESTINA,,,100 metri dopo bivio via Polense,Veicolo in marcia contro ostacolo accidentale,,,,,,,,,,0,0,0,1,,,False
2644713,10,6/1/16 14:45,Strada Urbana,in corrispondenza,del civico n.,VIA DEI SETTE METRI,,44,,Veicolo in marcia contro ostacolo accidentale,Rettilineo,Una carreggiata a doppio senso,Asciutto,Asfaltata,Orizzontale,Nuvoloso,Scarso,Buona,Ore Diurne,0,0,0,1,"1,260,793","4,181,639",True
2644808,5,6/1/16 15:00,Strada Urbana,da specificare,,VIA BELMONTE IN SABINA,,,cavalcavia G.R.A. direz. Fonte Nuova,Veicolo in marcia contro ostacolo fisso,Cavalcavia,Due carreggiate,Bagnato (umidit•À_ in atto),Asfaltata,Verticale ed orizzontale,Pioggia in atto,Scarso,Buona,Ore Diurne,0,0,0,1,"1,259,172","4,194,551",True
2644759,10,6/1/16 15:10,Strada Urbana,in prossimit•À_,del civico n.,VIALE BRUNO RIZZIERI,,137,,Veicolo in marcia contro veicoli in sosta,Rettilineo,Due carreggiate,Asciutto,Asfaltata,Verticale ed orizzontale,Nuvoloso,Scarso,Buona,Ore Diurne,0,0,0,1,"1,258,843","4,185,272",True
2644254,12,6/1/16 15:20,Strada Urbana,da specificare,,VIA CRISTOFORO COLOMBO,,,"carreggiata laterale alt. Km. 15,100 (Dir. Roma) ",Veicolo in marcia contro ostacolo accidentale,Rettilineo,Pi•À_ di due carreggiate,Asciutto,Asfaltata,Verticale ed orizzontale,Nuvoloso,Scarso,Buona,Ore Diurne,0,0,0,1,"1,242,559","4,178,857",True
2644954,1,6/1/16 15:30,Strada Urbana,all'intersezione semaforizzata con,VIA DI PORTA MAGGIORE,VIALE MANZONI,VIA DI PORTA MAGGIORE,,,Tamponamento,Intersezione semaforizzata,Una carreggiata a doppio senso,Asciutto,Asfaltata,Verticale ed orizzontale,Nuvoloso,Normale,Buona,Ore Diurne,0,0,0,3,"1,250,772","4,189,117",True
2644720,10,6/1/16 15:35,Strada Urbana,da specificare,,VIA AL QUARTO MIGLIO,,,ALTEZZA VIA VENOSA,Infortunio per sola frenata improvvisa,Rettilineo,Una carreggiata a senso unico di marcia,Asciutto,Asfaltata,Verticale ed orizzontale,Nuvoloso,Scarso,Buona,Ore Diurne,1,0,0,2,"1,254,571","4,184,498",True
2644869,8,6/1/16 16:40,Strada Urbana,da specificare,,VIA VINCENZO BONIFATI,,,altezza uscita autostrada A24,Scontro laterale fra veicoli in marcia,Curva a visuale libera,Due carreggiate,Bagnato (pioggia),Asfaltata,Verticale ed orizzontale,Pioggia in atto,Intenso,Buona,Sufficiente,0,0,0,6,"1,266,037","419,164",True
2644592,9,6/1/16 17:30,Strada Urbana,all'intersezione semaforizzata con,CIRCONVALLAZIONE APPIA,PIAZZA CAMILLO RE,CIRCONVALLAZIONE APPIA,,,Scontro laterale fra veicoli in marcia,Incrocio,Una carreggiata a doppio senso,Bagnato (pioggia),Asfaltata,Verticale ed orizzontale,Pioggia in atto,Scarso,Buona,Ore Diurne,0,0,0,4,"1,251,643","4,187,654",True
2645087,17,6/1/16 18:00,Strada Urbana,all'intersezione con,VIA DELLA CONCILIAZIONE,LARGO GIOVANNI XXIII,VIA DELLA CONCILIAZIONE,,,Tamponamento,Incrocio,Una carreggiata a senso unico di marcia,Asciutto,Acciotolata,Verticale ed orizzontale,Nuvoloso,Normale,Sufficiente,Sufficiente,2,0,0,1,"1,246,435","4,190,251",False
2645348,16,6/1/16 18:10,Strada Urbana,da specificare,,VIA AURELIA ANTICA,,,in prossimit•À_ palo Acea 90,Scontro frontale/laterale SX fra veicoli in marcia,Rettilineo,Una carreggiata a doppio senso,Bagnato (umidit•À_ in atto),Asfaltata,Verticale ed orizzontale,Nuvoloso,Normale,Sufficiente,Sufficiente,0,0,0,4,"1,245,404","4,188,882",True
2644806,13,6/1/16 18:45,Strada Urbana,in corrispondenza,del civico n.,LUNGOMARE PAOLO TOSCANELLI,,58,,Scontro laterale fra veicoli in marcia,Rettilineo,Due carreggiate,Bagnato (pioggia),Asfaltata,Orizzontale,Pioggia in atto,Normale,Buona,Sufficiente,2,0,0,3,"1,228,041","4,172,858",False
2645031,2,6/1/16 19:05,Strada Urbana,in corrispondenza,del civico n.,LUNGOTEVERE FLAMINIO,,55,,Tamponamento,Rettilineo,Una carreggiata a doppio senso,Bagnato (pioggia),Asfaltata,Verticale ed orizzontale,Nuvoloso,Normale,Sufficiente,Sufficiente,3,0,0,1,"124,652","4,192,367",False
2644873,8,6/1/16 19:30,Strada Urbana,da specificare,,VIALE DUILIO CAMBELLOTTI,,,altezza via O. Placidi,Veicolo in marcia contro ostacolo accidentale,Rettilineo,Due carreggiate,Bagnato (pioggia),Asfaltata,Verticale ed orizzontale,Nuvoloso,Normale,Buona,Sufficiente,0,0,0,4,"1,262,935","4,186,719",True
2644689,6,6/1/16 19:40,Strada Urbana,all'intersezione con,VIA PLACIDO ZURLA,VIA CASILINA,VIA PLACIDO ZURLA,,,Veicolo in marcia contro veicolo in sosta,Incrocio,Due carreggiate,Bagnato (pioggia),Asfaltata,Verticale ed orizzontale,Nuvoloso,Scarso,Sufficiente,Sufficiente,0,0,0,1,"1,253,381","4,188,314",True
2644719,19,6/1/16 19:45,Strada Urbana,in corrispondenza,del civico n.,VIA PIETRO ADAMI,,6,,Veicolo in marcia contro veicoli in sosta,Rettilineo,Una carreggiata a senso unico di marcia,Bagnato (pioggia),Asfaltata,Orizzontale,Pioggia in atto,Scarso,Buona,Sufficiente,0,0,0,0,"1,241,951","4,192,583",True
2644875,8,6/1/16 19:45,,in prossimit•À_,del civico n.,VIA DEL PONTE DI NONA,,81,,Veicolo in marcia contro ostacolo accidentale,,,,,,,,,,0,0,0,1,,,False
2645078,17,6/1/16 20:00,Strada Urbana,in corrispondenza,del civico n.,PIAZZA GIUSEPPE MAZZINI,,20,,Tamponamento,Rotatoria,Una carreggiata a senso unico di marcia,Bagnato (pioggia),Asfaltata,Verticale ed orizzontale,Pioggia in atto,Scarso,Sufficiente,Sufficiente,0,0,0,4,"1,246,309","4,191,543",False
2644879,8,6/1/16 20:15,,all'intersezione con,VIA FILIPPO CESARE ANNESSI,VIALE DEI ROMANISTI,VIA FILIPPO CESARE ANNESSI,,,Veicolo in marcia contro ostacolo accidentale,,,,,,,,,,0,0,0,1,,,False
2644794,4,6/1/16 20:30,Strada Urbana,da specificare,,VIA DELLE VALLI,,,FC 120,Veicolo in marcia contro ostacolo accidentale,Rettilineo,Una carreggiata a senso unico di marcia,Bagnato (pioggia),Asfaltata,Verticale ed orizzontale,Pioggia in atto,Normale,Sufficiente,Sufficiente,0,0,0,1,"1,252,393","4,193,592",True
2645589,16,6/1/16 21:00,Strada Urbana,all'intersezione semaforizzata con,PIAZZA FLAVIO BIONDO,CIRCONVALLAZIONE GIANICOLENSE,PIAZZA FLAVIO BIONDO,,,Investimento di pedone,Intersezione semaforizzata,Pi•À_ di due carreggiate,Bagnato (pioggia),Asfaltata,Verticale ed orizzontale,Pioggia in atto,Normale,Sufficiente,Sufficiente,1,0,0,0,"1,244,956","4,187,247",False
2644932,7,6/1/16 21:05,,in prossimit•À_,del civico n.,VIALE PALMIRO TOGLIATTI,,851,,Veicolo in marcia contro ostacolo accidentale,,,,,,,,,,1,0,0,4,,,False
2644793,6,6/1/16 21:30,Strada Urbana,da specificare,,VIALE DELLA PRIMAVERA,,,fronte civico 51,Veicolo in marcia contro veicolo in sosta,Rettilineo,Due carreggiate,Bagnato (pioggia),Asfaltata,Assente,Pioggia in atto,Normale,Buona,Sufficiente,0,0,0,2,"1,256,057","4,188,193",True
2645055,17,6/1/16 21:40,Strada Urbana,in prossimit•À_,del civico n.,VIA CRESCENZIO,,14,,Scontro laterale fra veicoli in marcia,Rettilineo,Una carreggiata a doppio senso,Bagnato (pioggia),In cubetti di porfido,Verticale ed orizzontale,Pioggia in atto,Scarso,Sufficiente,Sufficiente,0,0,0,4,"124,657","4,190,574",True
2646304,23,6/1/16 22:03,Strada Urbana,all'intersezione con,VIA DELL'ELETTRONICA,VIALE PASTEUR,VIA DELL'ELETTRONICA,,,Scontro frontale/laterale DX fra veicoli in marcia,Incrocio,Una carreggiata a doppio senso,Bagnato (pioggia),Asfaltata,Verticale ed orizzontale,Pioggia in atto,Scarso,Sufficiente,Sufficiente,0,0,0,2,"1,246,381","418,338",True
2644672,11,6/1/16 22:30,Strada Urbana,da specificare,,VIADOTTO DELLA MAGLIANA,,,prossimit•À_ VIA DEL CAPPELLACCIO,Ribaltamento senza urto contro ostacolo fisso,Curva a visuale libera,Due carreggiate,Bagnato (pioggia),Asfaltata,Verticale ed orizzontale,Pioggia in atto,Normale,Insufficiente,Inesistente,0,0,0,2,"1,245,943","4,183,851",True
2647301,3,6/1/16 22:45,Strada Urbana,da specificare,,NUOVA CIRCONVALLAZIONE INTERNA,,,altezza svincolo A24 direzione Salaria,Veicolo in marcia contro ostacolo fisso,Curva senza visuale libera,Due carreggiate,Bagnato (pioggia),Asfaltata,Orizzontale,Pioggia in atto,Scarso,Buona,Sufficiente,0,0,0,3,"1,253,367","4,190,849",True
2644959,3,6/1/16 23:00,Strada Urbana,da specificare,,CIRCONVALLAZIONE NOMENTANA,,,alt. svicolo Nomentana dir. Salaria,Veicolo in marcia contro ostacolo fisso,Rettilineo,Due carreggiate,Bagnato (pioggia),Asfaltata,Verticale ed orizzontale,Pioggia in atto,Normale,Buona,Ore Diurne,0,0,0,2,"1,252,703","4,192,935",True
2644826,4,6/1/16 23:05,Strada Urbana,all'intersezione con,VIA RAMIRO FABIANI,LARGO DI PIETRALATA,VIA RAMIRO FABIANI,,,Veicolo in marcia contro ostacolo accidentale,Incrocio,Una carreggiata a doppio senso,Bagnato (pioggia),Asfaltata,Verticale,Pioggia in atto,Normale,Sufficiente,Sufficiente,0,0,0,1,"1,255,162","4,191,951",True
2644812,5,6/1/16 23:30,Strada Urbana,all'intersezione semaforizzata con,VIA VIRGILIO TALLI,VIA PIAN DI SCO,VIA VIRGILIO TALLI,,,Scontro frontale/laterale DX fra veicoli in marcia,Incrocio,Una carreggiata a doppio senso,Bagnato (umidit•À_ in atto),Asfaltata,Verticale ed orizzontale,Nuvoloso,Scarso,Buona,Sufficiente,0,0,0,3,"1,251,827","4,196,466",True
2645221,12,6/1/16 23:30,Provinciale,in prossimit•À_,della chilometrica,VIA DI PRATICA,,1.7,,Veicolo in marcia contro ostacolo fisso,Pendenza,Una carreggiata a doppio senso,Bagnato (umidit•À_ in atto),Asfaltata,Verticale ed orizzontale,Nuvoloso,Scarso,Sufficiente,Inesistente,0,0,0,0,"1,243,218","4,170,145",True
2644844,6,6/1/16 23:45,,all'intersezione con,VIA GIOVANNI CAMILLO PERESIO,VIA CASILINA,VIA GIOVANNI CAMILLO PERESIO,,,Scontro frontale/laterale DX fra veicoli in marcia,,,,,,,,,,0,1,0,1,,,False
2644654,8,7/1/16 0:15,Strada Urbana,all'intersezione semaforizzata con,VIA DI GROTTE CELONI,VIA CASILINA,VIA DI GROTTE CELONI,,,Scontro laterale fra veicoli in marcia,Intersezione stradale segnalata,Una carreggiata a doppio senso,Bagnato (pioggia),Asfaltata,Verticale ed orizzontale,Pioggia in atto,Normale,Buona,Sufficiente,0,0,0,5,"1,260,933","4,186,405",True
2644676,11,7/1/16 1:15,Strada Urbana,in corrispondenza,del civico n.,VIA DI TOR CARBONE,,102,,Fuoriuscita dalla sede stradale,Curva senza visuale libera,Una carreggiata a doppio senso,Bagnato (pioggia),Asfaltata,Assente,Sereno,Scarso,Sufficiente,Sufficiente,0,0,0,1,"1,253,437","4,182,865",True
2644656,8,7/1/16 1:20,Strada Urbana,all'intersezione semaforizzata con,VIA AMULIO,VIA DELLE CAVE,VIA AMULIO,,,Scontro frontale/laterale SX fra veicoli in marcia,Intersezione semaforizzata,Due carreggiate,Bagnato (pioggia),Asfaltata,Verticale ed orizzontale,Pioggia in atto,Normale,Buona,Sufficiente,0,0,0,2,"1,253,001","4,187,174",True