ID,Gruppo,_DataOraIncidente,_Localizzazione1,_Localizzazione2,Strada02,Strada1,Strada2,Chilometrica,DaSpecificare,_NaturaIncidente,_ParticolaritaStrade,_TipoStrada,_FondoStradale,_Pavimentazione,_Segnaletica,_CondizioneAtmosferica,_Traffico,_Visibilita,_Illuminazione,NUM_FERITI,_NUM_RISERVATA,_NUM_MORTI,_NUM_ILLESI,Longitudine,Latitudine,CONFERMATO
2648525,6,10/1/16 0:40,Strada Urbana,da specificare,,VIA CASILINA,,,20 M. DOPO INCROCIO CON VIA BREDA,Veicolo in marcia contro ostacolo accidentale,Rettilineo,Una carreggiata a senso unico di marcia,Bagnato (umidit•À_ in atto),Asfaltata,Assente,Nuvoloso,Scarso,Insufficiente,Insufficiente,0,0,0,2,"1,264,311","4,186,241",True
2650004,12,10/1/16 1:00,Strada Urbana,in corrispondenza,della chilometrica,VIADOTTO DELLA MAGLIANA,,1,,Veicolo in marcia contro ostacolo fisso,Rettilineo,Due carreggiate,Bagnato (pioggia),Asfaltata,Verticale ed orizzontale,Pioggia in atto,Scarso,Sufficiente,Insufficiente,0,0,0,1,"1,245,979","4,183,858",True
2648241,4,10/1/16 1:00,Strada Urbana,da specificare,,VIA DI PORTONACCIO,,,f.c. 170,Scontro laterale fra veicoli in marcia,Rettilineo,Due carreggiate,Bagnato (pioggia),Asfaltata,Verticale ed orizzontale,Pioggia in atto,Scarso,Buona,Sufficiente,0,0,0,4,"1,253,742","4,190,003",True
2650544,3,10/1/16 1:00,Strada Urbana,all'intersezione con,VIA DEI MONTI TIBURTINI,VIA GIUSEPPE SEGUENZA,VIA DEI MONTI TIBURTINI,,,Veicolo in marcia contro ostacolo fisso,Incrocio,Due carreggiate,Asciutto,Asfaltata,Verticale ed orizzontale,Sereno,Normale,Sufficiente,Sufficiente,0,0,0,1,"1,253,709","4,192,014",False
2649469,17,10/1/16 1:30,Strada Urbana,da specificare,,VIA DI CASAL DEL MARMO,,,in prossimit•À_ pian del marmo,Veicolo in marcia contro ostacolo fisso,Rettilineo,Una carreggiata a doppio senso,Bagnato (pioggia),Asfaltata,Verticale ed orizzontale,Pioggia in atto,Scarso,Sufficiente,Sufficiente,0,0,0,2,"1,238,894","419,421",True
2649077,11,10/1/16 1:50,Strada Urbana,da specificare,,VIALE DEL TINTORETTO,,,in prossimit•À_ civico 290,Veicolo in marcia contro veicolo fermo,Curva a visuale libera,Due carreggiate,Bagnato (pioggia),Asfaltata,Verticale ed orizzontale,Pioggia in atto,Normale,Sufficiente,Sufficiente,0,0,0,3,"1,248,982","4,183,315",True
2648532,6,10/1/16 1:50,Strada Urbana,all'intersezione con,VIA DEI GELSI,VIA TOR DE' SCHIAVI,VIA DEI GELSI,,,Scontro frontale/laterale DX fra veicoli in marcia,Incrocio,Due carreggiate,Bagnato (pioggia),Asfaltata,Verticale,Pioggia in atto,Scarso,Sufficiente,Sufficiente,2,0,0,2,"1,256,165","4,188,811",False
2648842,9,10/1/16 2:15,,da specificare,,PIAZZA DEI CONSOLI,,,fronte civico 8,Veicolo in marcia contro veicoli in sosta,,,,,,,,,,0,0,0,0,"1,255,746","4,186,178",False
2648233,1,10/1/16 2:45,Strada Urbana,in corrispondenza,del civico n.,PIAZZA DEL GESU',,45,,Tamponamento,Rettilineo,Una carreggiata a senso unico di marcia,Bagnato (pioggia),Asfaltata,Verticale ed orizzontale,Pioggia in atto,Scarso,Buona,Sufficiente,2,0,0,2,,,False
2649560,7,10/1/16 3:00,Strada Urbana,all'intersezione con,VIA SELINUNTE,VIA DEL QUADRARO,VIA SELINUNTE,,,Scontro frontale/laterale SX fra veicoli in marcia,Incrocio,Una carreggiata a doppio senso,Bagnato (umidit•À_ in atto),Asfaltata,Verticale,Nuvoloso,Scarso,Sufficiente,Sufficiente,0,0,0,5,"1,255,256","4,185,541",True
2648246,1,10/1/16 3:15,Strada Urbana,all'intersezione con,VIA DELLA FERRATELLA IN LATERANO,LARGO DELL'AMBA ARADAM,VIA DELLA FERRATELLA IN LATERANO,,,Scontro laterale fra veicoli in marcia,Incrocio,Una carreggiata a doppio senso,Bagnato (pioggia),Asfaltata,Verticale ed orizzontale,Pioggia in atto,Scarso,Buona,Sufficiente,1,0,0,1,"1,250,247","4,188,534",False
2649252,12,10/1/16 3:45,Strada Urbana,da specificare,,VIA DELLA CECCHIGNOLA,,,a mt.20 dal fronte civico 146 ,Scontro frontale/laterale SX fra veicoli in marcia,Rettilineo,Una carreggiata a doppio senso,Bagnato (pioggia),Asfaltata,Verticale ed orizzontale,Nuvoloso,Scarso,Sufficiente,Sufficiente,2,0,0,0,,,False
2649076,8,10/1/16 4:00,Strada Urbana,all'intersezione con,VIA COLLATINA,VIA CALPURNIO FIAMMA,VIA COLLATINA,,,Scontro frontale/laterale DX fra veicoli in marcia,Intersezione semaforizzata,Due carreggiate,Bagnato (pioggia),Asfaltata,Verticale ed orizzontale,Nuvoloso,Scarso,Buona,Sufficiente,0,0,0,5,"1,256,162","4,186,203",True
2649405,23,10/1/16 4:30,Strada Urbana,all'intersezione semaforizzata con,VIA OROPA,VIA CRISTOFORO COLOMBO,VIA OROPA,,,Tamponamento Multiplo,Intersezione semaforizzata,Pi•À_ di due carreggiate,Bagnato (pioggia),Asfaltata,Verticale ed orizzontale,Nuvoloso,Scarso,Buona,Sufficiente,1,0,0,3,"1,248,073","4,184,761",True
2649127,1,10/1/16 5:35,Strada Urbana,in prossimit•À_,del palo luce n.,VIA DEGLI ARGONAUTI,,3,,Scontro laterale fra veicoli in marcia,Rettilineo,Una carreggiata a senso unico di marcia,Bagnato (umidit•À_ in atto),Asfaltata,Verticale ed orizzontale,Nuvoloso,Scarso,Buona,Sufficiente,0,0,0,4,"1,248,066","4,186,492",False
2649086,8,10/1/16 6:00,,da specificare,,VIA DELL'USIGNOLO,,,ALT. VIA W. TOBAGI,Veicolo in marcia contro ostacolo accidentale,,,,,,,,,,0,0,0,0,,,False
2649041,20,10/1/16 6:15,Strada Urbana,all'intersezione con,VIA FRATELLI DURANTE,VIA CASSIA,VIA FRATELLI DURANTE,,,Scontro frontale/laterale SX fra veicoli in marcia,Incrocio,Una carreggiata a doppio senso,Bagnato (umidit•À_ in atto),Asfaltata,Orizzontale,Nuvoloso,Scarso,Buona,Sufficiente,2,0,0,2,,,False
2648970,10,10/1/16 6:20,Strada Urbana,all'intersezione semaforizzata con,VIALE DEI CONSOLI,VIA SCRIBONIO CURIONE,VIALE DEI CONSOLI,,,Scontro frontale/laterale DX fra veicoli in marcia,Incrocio,Due carreggiate,Asciutto,Asfaltata,Verticale ed orizzontale,Sereno,Scarso,Buona,Sufficiente,1,0,0,2,"1,255,382","4,186,365",True
2648220,2,10/1/16 6:30,Strada Urbana,all'intersezione con,LUNGOTEVERE ARNALDO DA BRESCIA,VIA LUISA DI SAVOIA,LUNGOTEVERE ARNALDO DA BRESCIA,,,Veicolo in marcia contro ostacolo fisso,Incrocio,Una carreggiata a senso unico di marcia,Bagnato (pioggia),Asfaltata,Verticale ed orizzontale,Nuvoloso,Scarso,Buona,Ore Diurne,1,0,0,0,"1,247,303","4,191,103",True
2649910,12,10/1/16 7:45,Provinciale,in prossimit•À_,della chilometrica,VIA PONTINA,,18,,Veicolo in marcia contro ostacolo fisso,Curva a visuale libera,Due carreggiate,Bagnato (pioggia),Asfaltata,Verticale ed orizzontale,Nuvoloso,Scarso,Buona,Ore Diurne,0,0,0,2,"1,244,389","4,177,222",True
2649276,17,10/1/16 8:20,Strada Urbana,all'intersezione con,VIA PROPERZIO,VIA CRESCENZIO,VIA PROPERZIO,,,Scontro laterale fra veicoli in marcia,Incrocio,Una carreggiata a doppio senso,Bagnato (umidit•À_ in atto),Acciotolata,Verticale ed orizzontale,Nuvoloso,Scarso,Buona,Ore Diurne,6,0,0,1,"1,246,125","4,190,591",False
2650016,15,10/1/16 8:35,,in corrispondenza,del civico n.,VIA PIERO CALAMANDREI,,11,,Investimento di pedone,,,,,,,,,,1,0,0,0,"1,244,063","4,184,235",False
2648906,15,10/1/16 8:45,Strada Urbana,da specificare,,VIA LEONARDO GREPPI,,,prox. Via Mengarini,Veicolo in marcia contro ostacolo accidentale,Rettilineo,Una carreggiata a doppio senso,Bagnato (pioggia),Asfaltata,Assente,Foschia,Scarso,Buona,Ore Diurne,1,0,0,0,"1,245,791","4,186,228",True
2649089,8,10/1/16 9:30,,da specificare,,VIA COLLATINA,,,ALT. VIA CICALI,Veicolo in marcia contro ostacolo accidentale,,,,,,,,,,0,0,0,2,,,False
2649555,17,10/1/16 9:50,Strada Urbana,all'intersezione semaforizzata con,PIAZZA ADRIANA,VIA CRESCENZIO,PIAZZA ADRIANA,,,Scontro laterale fra veicoli in marcia,Intersezione semaforizzata,Una carreggiata a doppio senso,Asciutto,In cubetti di porfido,Verticale ed orizzontale,Nuvoloso,Scarso,Buona,Ore Diurne,0,0,0,2,"1,246,601","419,055",True
2659063,18,10/1/16 10:30,Strada Urbana,all'intersezione con,VIA MARTINO V,VIA URBANO II,VIA MARTINO V,,,Scontro frontale/laterale SX fra veicoli in marcia,Intersezione stradale segnalata,Una carreggiata a doppio senso,Asciutto,Asfaltata,Assente,Sereno,Scarso,Buona,Ore Diurne,1,0,0,1,"1,242,316","4,190,445",False
2649498,17,10/1/16 10:40,Strada Urbana,da specificare,,PIAZZA CAVOUR,,,fr. civ. 2,Investimento di pedone,Rettilineo,Una carreggiata a senso unico di marcia,Asciutto,In cubetti di porfido,Verticale ed orizzontale,Sereno,Scarso,Buona,Ore Diurne,2,0,0,2,"1,246,993","4,190,502",False
2648975,10,10/1/16 10:50,Strada Urbana,in prossimit•À_,del civico n.,VIA TUSCOLANA,,1436,,Scontro laterale fra veicoli in marcia,Rettilineo,Due carreggiate,Asciutto,Asfaltata,Assente,Sereno,Scarso,Buona,Ore Diurne,0,0,0,2,"1,256,645","4,185,432",True
2650022,16,10/1/16 11:15,Strada Urbana,in prossimit•À_,del civico n.,VIA DEL CASALE LUMBROSO,,137,,Veicolo in marcia contro veicolo in sosta,Rettilineo,Una carreggiata a doppio senso,Asciutto,Asfaltata,Assente,Sereno,Normale,Sufficiente,Ore Diurne,1,0,0,0,"1,236,474","4,187,164",False
2648908,15,10/1/16 11:20,Strada Urbana,da specificare,,VIA LEONARDO GREPPI,,,fronte civico 142,Infortunio per caduta del veicolo,Rettilineo,Una carreggiata a doppio senso,Viscido da liquidi oleosi,Asfaltata,Assente,Sereno,Normale,Buona,Ore Diurne,1,0,0,1,"1,245,887","418,628",True
2649058,20,10/1/16 11:40,Strada Urbana,all'intersezione con,VIA GUGLIELMO IMPERIALI DI FRANCAVILLA,VIA DEGLI ORTI DELLA FARNESINA,VIA GUGLIELMO IMPERIALI DI FRANCAVILLA,,,Scontro laterale fra veicoli in marcia,Intersezione stradale segnalata,Una carreggiata a doppio senso,Asciutto,Asfaltata,Verticale ed orizzontale,Nuvoloso,Normale,Buona,Ore Diurne,0,0,0,3,,,False
2649264,5,10/1/16 11:50,Strada Urbana,da specificare,,VIA POLLENZA,,,prossimit•À_ f.c. 42,Infortunio per sola frenata improvvisa,Rettilineo,Una carreggiata a doppio senso,Asciutto,Asfaltata,Orizzontale,Sereno,Scarso,Buona,Ore Diurne,1,0,0,0,,,False
2649074,8,10/1/16 12:15,Strada Urbana,da specificare,,VIALE S. RITA DA CASCIA,,,AREA COMPLANARE AMA,Investimento di pedone,Rettilineo,Una carreggiata a doppio senso,Asciutto,Asfaltata,Verticale ed orizzontale,Sereno,Scarso,Buona,Ore Diurne,1,0,0,2,"1,264,451","4,186,899",True
2649284,5,10/1/16 12:30,Strada Urbana,da specificare,,VIALE DEL TECNOPOLO,,,snc,Veicolo in marcia contro ostacolo accidentale,Rettilineo,Due carreggiate,Asciutto,Asfaltata,Verticale ed orizzontale,Sereno,Scarso,Buona,Ore Diurne,0,0,0,1,"1,264,052","4,193,607",True
2649162,8,10/1/16 13:00,Strada Urbana,in prossimit•À_,del civico n.,VIA ETTORE ARRIGONI DEGLI ODDI,,18,,Veicolo in marcia contro veicolo in sosta,Rettilineo,Una carreggiata a senso unico di marcia,Asciutto,Asfaltata,Assente,Sereno,Scarso,Buona,Ore Diurne,0,0,0,0,"1,259,569","4,186,347",False
2648503,13,10/1/16 13:00,Strada Urbana,all'intersezione con,VIA CAPO PALINURO,VIALE DEI PROMONTORI,VIA CAPO PALINURO,,,Scontro frontale/laterale DX fra veicoli in marcia,Incrocio,Una carreggiata a doppio senso,Asciutto,Asfaltata,Verticale ed orizzontale,Sereno,Normale,Buona,Ore Diurne,3,0,0,1,"1,228,804","4,173,863",False
2649088,1,10/1/16 13:00,Strada Urbana,all'intersezione con,PONTE TESTACCIO,LUNGOTEVERE TESTACCIO,PONTE TESTACCIO,,,Veicolo in marcia contro veicolo in sosta,Incrocio,Una carreggiata a doppio senso,Asciutto,In cubetti di porfido,Verticale,Sereno,Scarso,Buona,Ore Diurne,0,0,0,3,"1,247,123","4,187,582",True
2659266,18,10/1/16 13:30,Strada Urbana,da specificare,,VIA DELLA PINETA SACCHETTI,,,FRONTE CIVICO 67,Veicolo in marcia contro ostacolo accidentale,Curva a visuale libera,Una carreggiata a doppio senso,Asciutto,Asfaltata,Verticale,Sereno,Normale,Buona,Ore Diurne,0,0,0,2,"1,242,428","419,229",True
2649220,2,10/1/16 13:55,Strada Urbana,in prossimit•À_,del civico n.,VIA GIORGIO VASARI,,5,,Investimento di pedone,Rettilineo,Una carreggiata a senso unico di marcia,Asciutto,Asfaltata,Assente,Sereno,Scarso,Buona,Ore Diurne,1,0,0,2,"1,246,286","4,192,597",False
2648548,6,10/1/16 14:00,Strada Urbana,in prossimit•À_,del civico n.,VIA PRENESTINA,,176,,Scontro laterale fra veicoli in marcia,Rettilineo,Due carreggiate,Asciutto,Asfaltata,Assente,Sereno,Normale,Buona,Ore Diurne,0,0,0,3,"1,253,365","4,189,213",True
2649279,5,10/1/16 14:00,Strada Urbana,in prossimit•À_,del civico n.,VIA TIBURTINA,,390,,Tamponamento,Rettilineo,Due carreggiate,Asciutto,Asfaltata,Temporanea di cantiere,Sereno,Normale,Buona,Ore Diurne,1,0,0,0,,,False
2649019,11,10/1/16 14:10,Strada Urbana,da specificare,,VIALE GUGLIELMO MARCONI,,,altezza via Nobili,Scontro laterale fra veicoli in marcia,Rettilineo,Due carreggiate,Asciutto,Asfaltata,Verticale ed orizzontale,Sereno,Scarso,Buona,Ore Diurne,0,0,0,3,"1,247,152","4,185,665",True
2648922,15,10/1/16 14:20,,in corrispondenza,del civico n.,VIA QUIRINO MAJORANA,,15,,Tamponamento,,,,,,,,,,0,0,0,1,"1,246,478","4,186,549",False
2649006,13,10/1/16 14:45,Strada Urbana,all'intersezione con,VIA GINO BONICHI,VIA DI SAPONARA,VIA GINO BONICHI,,,Scontro frontale fra veicoli in marcia,Incrocio,Una carreggiata a doppio senso,Asciutto,Asfaltata,Verticale,Sereno,Normale,Buona,Ore Diurne,5,0,0,2,"1,235,761","4,177,858",False
2649092,11,10/1/16 15:20,Strada Urbana,da specificare,,VIALE GUGLIELMO MARCONI,,,in prossimit•À_ L.go Maestri del Lavoro,Veicolo in marcia contro ostacolo accidentale,Rettilineo,Due carreggiate,Asciutto,Asfaltata,Verticale ed orizzontale,Sereno,Normale,Buona,Ore Diurne,0,0,0,1,"1,247,399","4,185,083",True
2650499,17,10/1/16 15:30,Strada Urbana,da specificare,,VIALE DELLO STADIO OLIMPICO,,,in prossimit•À_ dello svincolo di via gomenizza,Tamponamento,Rettilineo,Due carreggiate,Asciutto,Asfaltata,Verticale ed orizzontale,Sereno,Scarso,Buona,Ore Diurne,0,0,0,5,"1,245,649","4,192,508",True
2648977,10,10/1/16 15:45,Strada Urbana,in prossimit•À_,del civico n.,VIA BERNARDINO ALIMENA,,47,,Veicolo in marcia contro ostacolo accidentale,Rettilineo,Due carreggiate,Asciutto,Asfaltata,Verticale ed orizzontale,Sereno,Normale,Buona,Ore Diurne,0,0,0,1,"1,260,193","4,184,796",True
2649107,8,10/1/16 15:45,,in prossimit•À_,del civico n.,VIA POLENSE,,141 c,,Veicolo in marcia contro ostacolo accidentale,,,,,,,,,,0,0,0,1,,,False
2649024,20,10/1/16 15:50,Altra strada,all'intersezione con,VIALE DEGLI UFFICI,VIALE DI VILLA ROMANA,VIALE DEGLI UFFICI,,,Veicolo in marcia contro ostacolo accidentale,Intersezione non regolata/non segnalata,Una carreggiata a doppio senso,Bagnato (umidit•À_ in atto),Con buche,Orizzontale,Sereno,Scarso,Buona,Ore Diurne,2,0,0,0,,,False
2649947,12,10/1/16 16:00,Strada Urbana,all'intersezione con,VIALE DELL'ASTRONOMIA,VIALE BEETHOVEN,VIALE DELL'ASTRONOMIA,,,Scontro frontale/laterale DX fra veicoli in marcia,Incrocio,Una carreggiata a doppio senso,Asciutto,Asfaltata,Verticale ed orizzontale,Sereno,Normale,Buona,Ore Diurne,1,0,0,6,"1,246,684","4,183,328",True
2649009,13,10/1/16 16:00,Strada Urbana,da specificare,,PIAZZALE CRISTOFORO COLOMBO,,,in prossimit•À_ di Ple A Vespucci,Scontro laterale fra veicoli in marcia,Rettilineo,Una carreggiata a senso unico di marcia,Asciutto,Asfaltata,Verticale ed orizzontale,Sereno,Normale,Buona,Ore Diurne,0,0,0,3,"1,231,753","417,145",True
2649062,11,10/1/16 16:05,Strada Urbana,in corrispondenza,del civico n.,VIA LAURENTINA,,56,,Tamponamento,Rettilineo,Una carreggiata a senso unico di marcia,Asciutto,Asfaltata,Verticale ed orizzontale,Sereno,Scarso,Buona,Sufficiente,1,0,0,2,"1,247,839","4,184,798",False
2649156,1,10/1/16 16:50,Strada Urbana,in corrispondenza,del civico n.,VIA MERULANA,,169,,Investimento di pedone,Rettilineo,Una carreggiata a doppio senso,Asciutto,Asfaltata,Verticale ed orizzontale,Sereno,Normale,Buona,Sufficiente,1,0,0,1,,,False
2649247,23,10/1/16 16:50,Comunale extraurbana,all'intersezione semaforizzata con,VIA DEL CANALE DELLA LINGUA,VIA CRISTOFORO COLOMBO,VIA DEL CANALE DELLA LINGUA,,,Scontro laterale fra veicoli in marcia,Intersezione semaforizzata,Pi•À_ di due carreggiate,Asciutto,Asfaltata,Verticale ed orizzontale,Sereno,Scarso,Buona,Sufficiente,7,1,0,0,"1,234,578","4,173,629",False
2648637,6,10/1/16 17:00,Strada Urbana,da specificare,,VIA OLEVANO ROMANO,,,altezza Via Filettino,Scontro frontale/laterale SX fra veicoli in marcia,Rettilineo,Due carreggiate,Asciutto,Asfaltata,Assente,Sereno,Normale,Buona,Sufficiente,1,0,0,2,"1,255,557","418,912",True
2649736,12,10/1/16 17:30,Strada Urbana,in corrispondenza,della chilometrica,VIA DEL MARE,,13.9,,Tamponamento Multiplo,Rettilineo,Una carreggiata a doppio senso,Asciutto,Asfaltata,Verticale ed orizzontale,Sereno,Intenso,Buona,Inesistente,2,0,0,3,"1,248,786","4,166,404",False
2648843,9,10/1/16 17:45,,in prossimit•À_,del civico n.,VIA FOLIGNO,,11,,Veicolo in marcia contro veicoli in sosta,,,,,,,,,,0,0,0,0,"1,251,895","4,188,623",False
2649094,8,10/1/16 17:50,Provinciale,in prossimit•À_,del civico n.,VIA PRENESTINA,,1190,,Veicolo in marcia contro ostacolo accidentale,Rettilineo,Una carreggiata a doppio senso,Asciutto,Con buche,Verticale ed orizzontale,Sereno,Normale,Sufficiente,Sufficiente,0,0,0,3,"1,262,721","4,189,253",False
2649100,8,10/1/16 18:00,,in prossimit•À_,del civico n.,VIA PRENESTINA,,141 C,,Veicolo in marcia contro ostacolo accidentale,,,,,,,,,,0,0,0,1,,,False
2649085,8,10/1/16 18:10,Provinciale,in prossimit•À_,del civico n.,VIA POLENSE,,141 C,,Veicolo in marcia contro ostacolo accidentale,Rettilineo,Una carreggiata a doppio senso,Asciutto,Con buche,Verticale ed orizzontale,Nuvoloso,Normale,Insufficiente,Insufficiente,0,0,0,2,"1,270,381","4,189,646",True
2649049,11,10/1/16 18:10,Strada Urbana,all'intersezione con,VIA NICOLA SPEDALIERI,PIAZZALE ROBERTO ARDIGO',VIA NICOLA SPEDALIERI,,,Scontro laterale fra veicoli in marcia,Incrocio,Due carreggiate,Asciutto,Asfaltata,Verticale ed orizzontale,Sereno,Normale,Buona,Sufficiente,0,0,0,2,"1,248,178","4,184,256",True
2649053,8,10/1/16 18:28,Strada Urbana,all'intersezione con,VIA MERI,VIA SERRA PEDACE,VIA MERI,,,Scontro frontale/laterale DX fra veicoli in marcia,Incrocio,Una carreggiata a doppio senso,Asciutto,Asfaltata,Assente,Nuvoloso,Scarso,Buona,Sufficiente,2,0,0,1,"1,268,743","4,186,827",True
2649295,5,10/1/16 18:30,Strada Urbana,da specificare,,VIA DIEGO FABBRI,,,prossimit•À_ VIA NOMENTANA,Veicolo in marcia contro ostacolo accidentale,Rettilineo,Una carreggiata a doppio senso,Asciutto,Asfaltata,Verticale ed orizzontale,Sereno,Normale,Buona,Ore Diurne,1,0,0,0,"125,633","4,194,536",True
2649035,20,10/1/16 18:40,Strada Urbana,da specificare,,PIAZZA SANDRO CIOTTI,,,presso area stazione autobus Cotral,Scontro laterale fra veicoli in marcia,Rettilineo,Una carreggiata a senso unico di marcia,Asciutto,Asfaltata,Verticale ed orizzontale,Sereno,Scarso,Buona,Sufficiente,0,0,0,3,"1,249,492","4,197,539",True
2649013,13,10/1/16 19:50,Strada Urbana,da specificare,,VIA OSTIENSE,,,altezza Via Capitan Consalvo,Scontro laterale fra veicoli in marcia,Rettilineo,Una carreggiata a senso unico di marcia,Asciutto,Asfaltata,Orizzontale,Nuvoloso,Normale,Buona,Ore Diurne,0,0,0,4,"1,227,917","4,173,352",True
2649103,19,10/1/16 20:10,Strada Urbana,all'intersezione con,PIAZZA S. MARIA DELLA PIETA',VIA EUGENIO DI MATTEI,PIAZZA S. MARIA DELLA PIETA',,,Tamponamento,Incrocio,Una carreggiata a doppio senso,Asciutto,Asfaltata,Verticale ed orizzontale,Sereno,Scarso,Sufficiente,Sufficiente,0,0,0,2,"1,241,804","4,194,331",True
2649412,3,10/1/16 20:30,Strada Urbana,da specificare,,VIA NOMENTANA,,,fronte civico 144,Tamponamento Multiplo,Rettilineo,Pi•À_ di due carreggiate,Asciutto,Asfaltata,Verticale ed orizzontale,Sereno,Scarso,Sufficiente,Sufficiente,0,0,0,3,"1,251,881","4,192,196",True
2647261,2,10/1/16 23:30,Strada Urbana,in corrispondenza,del civico n.,VIA SALARIA,,422,,Veicolo in marcia contro veicoli in sosta,Rettilineo,Una carreggiata a doppio senso,Asciutto,Asfaltata,Verticale ed orizzontale,Sereno,Scarso,Sufficiente,Sufficiente,1,1,0,0,,,False
2649444,12,10/1/16 23:45,Strada Urbana,in corrispondenza,del civico n.,VIA PORTUENSE,,1260,,Veicolo in marcia contro veicolo in sosta,Rettilineo,Una carreggiata a doppio senso,Asciutto,Asfaltata,Verticale ed orizzontale,Sereno,Scarso,Insufficiente,Inesistente,1,0,0,0,"1,235,712","4,182,792",False
2649358,5,11/1/16 1:00,Strada Urbana,in prossimit•À_,del civico n.,VIA DELLE ALZAVOLE,,25,,Veicolo in marcia contro ostacolo accidentale,Rettilineo,Una carreggiata a doppio senso,Asciutto,Asfaltata,Verticale ed orizzontale,Sereno,Scarso,Buona,Sufficiente,0,0,0,2,"1,260,183","4,187,392",True
2648844,13,11/1/16 4:30,Strada Urbana,da specificare,,VIALE ENRICO ORTOLANI,,,pressi deposito ATAC ,Veicolo in marcia contro ostacolo fisso,Rettilineo,Una carreggiata a doppio senso,Bagnato (umidit•À_ in atto),Asfaltata,Orizzontale,Sereno,Scarso,Buona,Sufficiente,0,0,0,4,"12,34","4,177,359",False
2658610,18,11/1/16 5:50,Statale,in corrispondenza,della chilometrica,VIA AURELIA,,9.8,,Veicolo in marcia contro ostacolo fisso,Curva senza visuale libera,Due carreggiate,Bagnato (umidit•À_ in atto),Asfaltata,Verticale ed orizzontale,Nuvoloso,Scarso,Sufficiente,Sufficiente,1,0,0,0,"124,138","4,189,218",True
2649992,15,11/1/16 6:40,Strada Urbana,da specificare,,VIA PIETRO FRATTINI,,,fronte civico 116,Veicolo in marcia contro ostacolo accidentale,Rettilineo,Una carreggiata a doppio senso,Bagnato (umidit•À_ in atto),Asfaltata,Verticale ed orizzontale,Nuvoloso,Normale,Buona,Sufficiente,0,0,0,2,"1,244,857","418,502",True
2649051,6,11/1/16 7:10,Strada Urbana,in corrispondenza,del civico n.,VIALE DELLA STAZIONE PRENESTINA,,14,,Scontro laterale fra veicoli in marcia,Rettilineo,Due carreggiate,Asciutto,Asfaltata,Orizzontale,Sereno,Normale,Sufficiente,Sufficiente,1,0,0,0,"1,254,686","4,189,371",True
2650063,15,11/1/16 7:25,Strada Urbana,da specificare,,VIA GUGLIELMO MENGARINI,,,prossimit•À_ civico 91,Veicolo in marcia contro veicolo in sosta,Rettilineo,Una carreggiata a senso unico di marcia,Asciutto,Asfaltata,Verticale ed orizzontale,Sereno,Normale,Buona,Ore Diurne,0,0,0,0,"1,245,747","4,186,231",True
2650417,13,11/1/16 7:30,Strada Urbana,da specificare,,VIA OSTIENSE,,,ALTEZZA VIA FIUMALBO,Scontro frontale/laterale DX fra veicoli in marcia,Rettilineo,Una carreggiata a doppio senso,Bagnato (umidit•À_ in atto),Asfaltata,Verticale ed orizzontale,Sereno,Intenso,Buona,Ore Diurne,2,0,0,0,"1,239,427","4,179,389",False
2650661,4,11/1/16 8:00,Strada Urbana,in corrispondenza,del civico n.,VIA DI SETTEBAGNI,,724,,Scontro laterale fra veicoli in marcia,Rettilineo,Una carreggiata a senso unico di marcia,Asciutto,Asfaltata,Verticale ed orizzontale,Sereno,Normale,Buona,Ore Diurne,1,0,0,1,"1,254,422","4,197,009",True
2650371,11,11/1/16 8:10,,in corrispondenza,del civico n.,VIA ATTILIO AMBROSINI,,183,,Scontro frontale fra veicoli in marcia,,,,,,,,,,1,0,0,1,,,False
2649453,10,11/1/16 8:12,Strada Urbana,in prossimit•À_,del palo luce n.,VIA TUSCOLANA,,778,,Scontro laterale fra veicoli in marcia,Rettilineo,Una carreggiata a senso unico di marcia,Asciutto,Asfaltata,Verticale ed orizzontale,Sereno,Intenso,Buona,Ore Diurne,1,0,0,1,"1,257,643","4,184,801",True
2650458,13,11/1/16 8:20,Strada Urbana,da specificare,,VIA ERIK SATIE,,,PROX VIA F. CILEA,Scontro laterale fra veicoli in marcia,Rettilineo,Una carreggiata a doppio senso,Asciutto,Asfaltata,Verticale ed orizzontale,Sereno,Normale,Buona,Ore Diurne,0,0,0,2,"1,237,511","4,174,927",True
2659332,18,11/1/16 8:30,Strada Urbana,in prossimit•À_,del civico n.,PIAZZA IRNERIO,,67,,Veicolo in marcia contro ostacolo accidentale,Rettilineo,Una carreggiata a senso unico di marcia,Bagnato (umidit•À_ in atto),Asfaltata,Assente,Nuvoloso,Intenso,Buona,Ore Diurne,0,0,0,1,"1,243,008","4,189,855",True
2650453,4,11/1/16 8:55,Strada Urbana,in corrispondenza,del civico n.,VIA MAIELLA,,4,,Scontro laterale fra veicoli in marcia,Rettilineo,Una carreggiata a senso unico di marcia,Asciutto,Asfaltata,Verticale ed orizzontale,Sereno,Normale,Buona,Ore Diurne,0,0,0,2,"1,253,483","4,193,498",True
2649603,1,11/1/16 9:10,Strada Urbana,in corrispondenza,del civico n.,LARGO DI S. SUSANNA,,124,,Scontro laterale fra veicoli in marcia,Rettilineo,Una carreggiata a senso unico di marcia,Asciutto,Asfaltata,Verticale ed orizzontale,Sereno,Intenso,Buona,Ore Diurne,0,0,0,2,"1,249,386","4,190,437",False
2649918,10,11/1/16 9:15,,all'intersezione con,VIA CALPURNIO FIAMMA,VIA FLAVIO STILICONE,VIA CALPURNIO FIAMMA,,,Investimento di pedone,,,,,,,,,,1,0,0,1,,,False