ID,Gruppo,_DataOraIncidente,_Localizzazione1,_Localizzazione2,Strada02,Strada1,Strada2,Chilometrica,DaSpecificare,_NaturaIncidente,_ParticolaritaStrade,_TipoStrada,_FondoStradale,_Pavimentazione,_Segnaletica,_CondizioneAtmosferica,_Traffico,_Visibilita,_Illuminazione,NUM_FERITI,_NUM_RISERVATA,_NUM_MORTI,_NUM_ILLESI,Longitudine,Latitudine,CONFERMATO
2652344,3,12/1/16 8:25,Strada Urbana,da specificare,,CIRCONVALLAZIONE TIBURTINA,,,DIR. S. GIOVANNI PROSS.TA' USCITA SCALO S.LORENZO,Tamponamento Multiplo,Rettilineo,Pi•À_ di due carreggiate,Asciutto,Asfaltata,Verticale ed orizzontale,Sereno,Intenso,Buona,Ore Diurne,1,0,0,3,"1,252,804","4,189,941",True
2651873,10,12/1/16 8:30,,da specificare,,VIA APPIA NUOVA,,,"km 14,550",Tamponamento Multiplo,,,,,,,,,,0,0,0,1,"125,516","4,183,656",False
2659726,18,12/1/16 8:30,Statale entro l'abitato,all'intersezione con,VIA LUDOVICO ALTIERI,VIA AURELIA,VIA LUDOVICO ALTIERI,,,Scontro laterale fra veicoli in marcia,Intersezione stradale segnalata,Una carreggiata a doppio senso,Asciutto,Asfaltata,Verticale ed orizzontale,Sereno,Normale,Buona,Ore Diurne,0,0,0,2,"124,138","4,189,218",True
2651975,19,12/1/16 9:00,Strada Urbana,in prossimit•À_,del civico n.,VIA VITTORIO MONTIGLIO,,15,,Tamponamento,Rettilineo,Una carreggiata a senso unico di marcia,Asciutto,Asfaltata,Orizzontale,Sereno,Normale,Buona,Ore Diurne,3,0,0,0,"1,243,218","4,192,462",False
2651902,8,12/1/16 9:00,,in prossimit•À_,del palo luce n.,VIALE DI TORRE MAURA,,25,,Veicolo in marcia contro ostacolo accidentale,,,,,,,,,,0,0,0,1,,,False
2651891,8,12/1/16 9:00,,in prossimit•À_,del civico n.,VIA PRENESTINA,,1157/A,,Veicolo in marcia contro ostacolo accidentale,,,,,,,,,,0,0,0,1,,,False
2659851,18,12/1/16 9:15,Strada Urbana,all'intersezione con,LARGO S. PIO V,VIA DELLA MADONNA DEL RIPOSO,LARGO S. PIO V,,,Investimento di pedone,Intersezione stradale segnalata,Una carreggiata a senso unico di marcia,Asciutto,Asfaltata,Verticale ed orizzontale,Sereno,Normale,Buona,Ore Diurne,1,0,0,1,"1,243,197","4,189,642",True
2650890,12,12/1/16 9:20,Strada Urbana,all'intersezione con,VIA CHOPIN,PIAZZALE LUIGI STURZO,VIA CHOPIN,,,Scontro frontale/laterale SX fra veicoli in marcia,Incrocio,Una carreggiata a doppio senso,Asciutto,Asfaltata,Verticale ed orizzontale,Sereno,Normale,Buona,Ore Diurne,1,0,0,1,,,False
2652408,3,12/1/16 9:40,Strada Urbana,all'intersezione con,VIALE VENTUNO APRILE,VIA NOMENTANA,VIALE VENTUNO APRILE,,,Scontro laterale fra veicoli in marcia,Intersezione semaforizzata,Pi•À_ di due carreggiate,Asciutto,Asfaltata,Verticale ed orizzontale,Sereno,Normale,Buona,Ore Diurne,1,0,0,2,"1,251,775","4,192,116",False
2650803,6,12/1/16 9:50,Strada Urbana,all'intersezione con,VIA PISINO,VIA HERBERT SPENCER,VIA PISINO,,,Scontro frontale fra veicoli in marcia,Incrocio,Una carreggiata a senso unico di marcia,Asciutto,Asfaltata,Orizzontale,Sereno,Normale,Buona,Ore Diurne,0,0,0,3,"1,256,166","4,190,032",True
2650894,2,12/1/16 10:00,Strada Urbana,da specificare,,CIRCONVALLAZIONE SALARIA,,,altezza svincolo via delle Valli.,Tamponamento Multiplo,Rettilineo,Due carreggiate,Asciutto,Asfaltata,Verticale ed orizzontale,Sereno,Intenso,Buona,Ore Diurne,0,0,0,5,"1,252,086","4,193,447",True
2652050,19,12/1/16 10:00,Strada Urbana,in prossimit•À_,del civico n.,VIA VITTORIO MONTIGLIO,,65,,Scontro laterale fra veicoli in marcia,Pendenza,Una carreggiata a senso unico di marcia,Asciutto,Asfaltata,Verticale ed orizzontale,Sereno,Normale,Buona,Ore Diurne,1,0,0,3,"1,242,742","4,192,406",True
2651416,9,12/1/16 10:10,,in prossimit•À_,del civico n.,VIA APPIA NUOVA,,450,,Investimento di pedone,,,,,,,,,,0,1,0,1,"1,252,325","4,187,439",False
2651840,7,12/1/16 10:30,Strada Urbana,in prossimit•À_,del civico n.,VIA COLLATINA,,437,,Scontro frontale/laterale DX fra veicoli in marcia,Rettilineo,Una carreggiata a doppio senso,Asciutto,Asfaltata,Verticale ed orizzontale,Nuvoloso,Intenso,Buona,Ore Diurne,0,0,0,2,"1,260,891","4,190,501",True
2652078,19,12/1/16 11:00,Strada Urbana,in prossimit•À_,del civico n.,VIA FESTO AVIENO,,76,,Infortunio per caduta del veicolo,Rettilineo,Una carreggiata a senso unico di marcia,Asciutto,Asfaltata,Assente,Sereno,Normale,Buona,Ore Diurne,1,0,0,0,"1,244,192","4,192,204",True
2650886,6,12/1/16 11:10,Strada Urbana,da specificare,,VIA DI CASAL BERTONE,,,altezza Via Cesare Ricotti,Veicolo in marcia contro veicolo fermo,Rettilineo,Una carreggiata a doppio senso,Asciutto,Asfaltata,Verticale ed orizzontale,Sereno,Normale,Buona,Ore Diurne,0,0,0,3,"1,253,546","4,189,814",True
2651908,20,12/1/16 11:15,Strada Urbana,in corrispondenza,del civico n.,VIA VALCHETTA CARTONI,,74,,Scontro laterale fra veicoli in marcia,Rettilineo,Una carreggiata a senso unico di marcia,Asciutto,Asfaltata,Assente,Sereno,Scarso,Buona,Ore Diurne,0,0,0,3,"1,249,105","4,198,515",True
2652713,16,12/1/16 11:30,Strada Urbana,da specificare,,LUNGOTEVERE DEGLI ARTIGIANI,,,in corrispondenza del fronte civico 24A,Scontro frontale/laterale DX fra veicoli in marcia,Rettilineo,Due carreggiate,Asciutto,Asfaltata,Verticale ed orizzontale,Sereno,Normale,Buona,Ore Diurne,0,0,0,2,"124,702","4,187,384",True
2651868,5,12/1/16 11:30,Strada Urbana,in prossimit•À_,del civico n.,VIA VACUNA,,79,,Scontro laterale fra veicoli in marcia,Rettilineo,Una carreggiata a senso unico di marcia,Asciutto,Asfaltata,Assente,Sereno,Normale,Buona,Ore Diurne,0,0,0,3,"1,253,595","4,191,134",True
2651887,8,12/1/16 11:40,Strada Urbana,in prossimit•À_,del civico n.,VIA ATTEONE,,111,,Veicolo in marcia contro ostacolo accidentale,Rettilineo,Una carreggiata a doppio senso,Asciutto,Asfaltata,Assente,Nuvoloso,Scarso,Sufficiente,Ore Diurne,0,0,0,3,"1,262,032","4,187,871",True
2651433,9,12/1/16 11:50,,all'intersezione con,VIA ETTORE CICCOTTI,VIA TOMMASO INGHIRAMI,VIA ETTORE CICCOTTI,,,Scontro frontale/laterale SX fra veicoli in marcia,,,,,,,,,,1,0,0,1,"1,252,773","4,186,784",False
2659889,18,12/1/16 12:00,Regionale entro l'abitato,all'intersezione con,VIA ANTONIO NEVIANI,VIA DI CASTEL DI GUIDO,VIA ANTONIO NEVIANI,,,Scontro frontale/laterale SX fra veicoli in marcia,Intersezione non regolata/non segnalata,Una carreggiata a doppio senso,Asciutto,Asfaltata,Verticale ed orizzontale,Sereno,Normale,Buona,Ore Diurne,0,0,0,2,"1,228,322","4,190,343",True
2651983,19,12/1/16 12:25,Strada Urbana,da specificare,,VIA DEL FORTE TRIONFALE,,,fronte civico 99,Tamponamento,Rettilineo,Una carreggiata a doppio senso,Asciutto,Asfaltata,Orizzontale,Nuvoloso,Normale,Buona,Ore Diurne,1,0,0,1,"1,243,313","4,193,908",True
2651481,9,12/1/16 12:30,,da specificare,,PIAZZA ZAMA,,,altezza VIA CONCORDIA,Scontro frontale/laterale DX fra veicoli in marcia,,,,,,,,,,1,0,0,2,"1,250,979","4,187,645",False
2659975,18,12/1/16 12:30,Strada Urbana,all'intersezione con,VIA DOMENICO TARDINI,VIA FRANCESCO ALBERGOTTI,VIA DOMENICO TARDINI,,,Scontro laterale fra veicoli in marcia,Intersezione stradale segnalata,Una carreggiata a doppio senso,Asciutto,Asfaltata,Verticale ed orizzontale,Sereno,Intenso,Buona,Ore Diurne,0,0,0,2,"1,242,792","4,190,551",True
2651489,15,12/1/16 12:45,Strada Urbana,in corrispondenza,del civico n.,VIA ANTONIO PACINOTTI,,24,,Tamponamento,Rettilineo,Una carreggiata a senso unico di marcia,Asciutto,Asfaltata,Verticale ed orizzontale,Sereno,Normale,Buona,Ore Diurne,0,0,0,2,"1,246,787","4,187,103",True
2651172,19,12/1/16 12:55,Strada Urbana,all'intersezione con,VIA LORENZO CAMPEGGI,VIA GIOVANNI X,VIA LORENZO CAMPEGGI,,,Veicolo in marcia contro veicolo fermo,Incrocio,Una carreggiata a doppio senso,Asciutto,Asfaltata,Orizzontale,Sereno,Normale,Buona,Ore Diurne,0,0,0,2,"1,241,365","4,191,478",False
2651864,5,12/1/16 13:35,Strada Urbana,da specificare,,VIA TIBURTINA,,,altezza S. MARIA DEL SOCCORSO,Veicolo in marcia contro ostacolo accidentale,Rettilineo,Una carreggiata a doppio senso,Asciutto,Asfaltata,Verticale ed orizzontale,Sereno,Normale,Buona,Ore Diurne,1,0,0,0,"1,256,123","4,191,544",False
2652110,17,12/1/16 14:20,Strada Urbana,all'intersezione con,VIA VARRONE,VIA COLA DI RIENZO,VIA VARRONE,,,Tamponamento,Incrocio,Una carreggiata a doppio senso,Asciutto,In cubetti di porfido,Verticale ed orizzontale,Sereno,Normale,Sufficiente,Ore Diurne,1,0,0,3,"1,246,027","4,190,671",False
2651898,8,12/1/16 14:30,Strada Urbana,in prossimit•À_,del civico n.,VIA BORGHESIANA,,25,,Veicolo in marcia contro ostacolo accidentale,Rettilineo,Una carreggiata a doppio senso,Asciutto,Asfaltata,Orizzontale,Sereno,Normale,Sufficiente,Ore Diurne,0,0,0,1,"1,266,769","4,188,925",True
2651895,10,12/1/16 14:30,Strada Urbana,in prossimit•À_,del civico n.,VIA ANAGNINA,,169,,Veicolo in marcia contro ostacolo fisso,Rettilineo,Due carreggiate,Asciutto,Asfaltata,Verticale ed orizzontale,Sereno,Normale,Buona,Ore Diurne,0,0,0,1,"1,260,112","4,182,741",True
2651547,13,12/1/16 14:35,Strada Urbana,in corrispondenza,del civico n.,VIA DI DRAGONE,,494,,Scontro frontale/laterale DX fra veicoli in marcia,Rettilineo,Una carreggiata a doppio senso,Asciutto,Asfaltata,Verticale ed orizzontale,Sereno,Normale,Buona,Ore Diurne,0,0,0,2,"1,232,776","4,178,961",True
2651556,2,12/1/16 14:35,Strada Urbana,all'intersezione con,VIA LUIGI CANINA,VIA FLAMINIA,VIA LUIGI CANINA,,,Ribaltamento senza urto contro ostacolo fisso,Intersezione semaforizzata,Due carreggiate,Asciutto,Asfaltata,Verticale ed orizzontale,Sereno,Normale,Buona,Ore Diurne,0,0,0,2,"124,718","4,194,188",True
2652035,20,12/1/16 14:45,Strada Urbana,in corrispondenza,del civico n.,VIA FLAMINIA NUOVA,,299,,Tamponamento,Rettilineo,Una carreggiata a doppio senso,Asciutto,Asfaltata,Orizzontale,Sereno,Normale,Buona,Ore Diurne,0,0,0,4,"1,247,623","4,195,439",True
2652847,16,12/1/16 14:55,Strada Urbana,in prossimit•À_,del civico n.,VIA GIACOMO FOLCHI,,6,,Scontro frontale/laterale DX fra veicoli in marcia,Rettilineo,Una carreggiata a doppio senso,Asciutto,Asfaltata,Orizzontale,Sereno,Normale,Buona,Ore Diurne,0,0,0,3,"1,245,415","4,186,712",True
2651205,9,12/1/16 15:00,Strada Urbana,in corrispondenza,del civico n.,VIA PAOLO ALBERA,,19,,Veicolo in marcia contro veicolo in sosta,Rettilineo,Una carreggiata a senso unico di marcia,Asciutto,Asfaltata,Assente,Nuvoloso,Normale,Buona,Ore Diurne,0,0,0,1,,,False
2651810,15,12/1/16 15:15,Strada Urbana,da specificare,,VIA PORTUENSE,,,prox. VIA FOSSO DELLA MAGLIANA,Scontro laterale fra veicoli in marcia,Rettilineo,Una carreggiata a doppio senso,Asciutto,Asfaltata,Verticale ed orizzontale,Sereno,Normale,Buona,Ore Diurne,0,0,0,3,"1,240,939","4,184,342",True
2651806,15,12/1/16 15:15,Strada Urbana,da specificare,,VIA DELLA MAGLIANA,,,fronte civico 313,Tamponamento Multiplo,Rettilineo,Una carreggiata a senso unico di marcia,Asciutto,Asfaltata,Orizzontale,Sereno,Intenso,Buona,Ore Diurne,1,0,0,5,"1,242,401","4,183,394",True
2651342,18,12/1/16 15:20,Strada Urbana,in prossimit•À_,del civico n.,CIRCONVALLAZIONE AURELIA,,21,,Investimento di pedone,Rettilineo,Due carreggiate,Asciutto,Asfaltata,Verticale,Sereno,Normale,Buona,Ore Diurne,1,0,0,1,"1,242,848","4,189,741",True
2651215,10,12/1/16 15:20,Strada Urbana,da specificare,,VIA ANAGNINA,,,fronte civico 169,Tamponamento Multiplo,Rettilineo,Due carreggiate,Asciutto,Asfaltata,Orizzontale,Nuvoloso,Normale,Buona,Ore Diurne,2,0,0,3,"1,259,898","4,182,891",False
2651912,8,12/1/16 15:20,Strada Urbana,in prossimit•À_,del palo luce n.,VIALE DI TORRE MAURA,,20,,Veicolo in marcia contro ostacolo accidentale,Curva senza visuale libera,Due carreggiate,Asciutto,Asfaltata,Orizzontale,Sereno,Normale,Buona,Ore Diurne,0,0,0,1,"1,259,217","4,186,022",True
2651974,6,12/1/16 15:25,Strada Urbana,all'intersezione con,VIA FRONTINO,VIA AUGUSTO DULCERI,VIA FRONTINO,,,Scontro frontale/laterale SX fra veicoli in marcia,Incrocio,Una carreggiata a doppio senso,Asciutto,Asfaltata,Verticale ed orizzontale,Sereno,Normale,Buona,Ore Diurne,0,0,0,4,"125,388","41,884",True
2651919,8,12/1/16 15:30,,in prossimit•À_,del palo luce n.,VIALE DI TORRE MAURA,,20,,Veicolo in marcia contro ostacolo accidentale,,,,,,,,,,0,0,0,1,,,False
2662044,18,12/1/16 15:30,Strada Urbana,in prossimit•À_,del civico n.,CIRCONVALLAZIONE CORNELIA,,78,,Tamponamento Multiplo,Rettilineo,Due carreggiate,Asciutto,Asfaltata,Verticale ed orizzontale,Sereno,Scarso,Buona,Ore Diurne,3,0,0,0,"1,242,659","419,008",False
2652140,20,12/1/16 15:40,Regionale entro l'abitato,in corrispondenza,del civico n.,VIA FLAMINIA,,653,,Scontro laterale fra veicoli in marcia,Rettilineo,Una carreggiata a doppio senso,Asciutto,Asfaltata,Orizzontale,Sereno,Normale,Buona,Ore Diurne,0,0,0,2,"1,247,303","4,194,589",True
2651837,7,12/1/16 15:40,Strada Urbana,all'intersezione con,VIA DELLE AZALEE,VIA DEGLI ACERI,VIA DELLE AZALEE,,,Scontro frontale/laterale SX fra veicoli in marcia,Incrocio,Una carreggiata a senso unico di marcia,Asciutto,Asfaltata,Verticale ed orizzontale,Sereno,Normale,Buona,Ore Diurne,0,0,0,3,"1,256,902","4,187,811",True
2651253,7,12/1/16 15:45,Strada Urbana,all'intersezione con,VIA EMILIO LONGONI,VIA PRENESTINA,VIA EMILIO LONGONI,,,Scontro laterale fra veicoli in marcia,Rotatoria,Una carreggiata a senso unico di marcia,Asciutto,Asfaltata,Orizzontale,Sereno,Normale,Buona,Ore Diurne,0,0,0,2,"1,260,338","4,189,288",True
2652085,6,12/1/16 15:45,Strada Urbana,all'intersezione con,VIA FIVIZZANO,VIA CASILINA,VIA FIVIZZANO,,,Scontro laterale fra veicoli in marcia,Incrocio,Una carreggiata a senso unico di marcia,Asciutto,Asfaltata,Verticale,Sereno,Scarso,Buona,Ore Diurne,1,0,0,0,"125,252","4,188,771",True
2652195,13,12/1/16 15:50,Strada Urbana,da specificare,,VIA DEL MARE,,,altezza Via delle Canarie,Tamponamento Multiplo,Rettilineo,Una carreggiata a doppio senso,Asciutto,Asfaltata,Verticale ed orizzontale,Sereno,Normale,Buona,Ore Diurne,1,0,0,5,"1,228,307","4,173,897",False
2653760,16,12/1/16 16:00,Strada Urbana,da specificare,,VIA DEL CASALETTO,,,fronte civico 63,Investimento di pedone,Rettilineo,Una carreggiata a doppio senso,Asciutto,Asfaltata,Orizzontale,Sereno,Normale,Buona,Ore Diurne,1,0,0,1,,,False
2651865,5,12/1/16 16:00,Strada Urbana,in prossimit•À_,del civico n.,VIA TIBURTINA,,1143,,Scontro laterale fra veicoli in marcia,Rettilineo,Due carreggiate,Asciutto,Asfaltata,Verticale ed orizzontale,Sereno,Intenso,Insufficiente,Insufficiente,1,0,0,1,"1,259,495","4,193,265",True
2651834,11,12/1/16 16:00,Strada Urbana,all'intersezione con,VIA ALESSANDRO VARALDO,VIA TIBERIO IMPERATORE,VIA ALESSANDRO VARALDO,,,Tamponamento,Intersezione stradale segnalata,Una carreggiata a doppio senso,Asciutto,Asfaltata,Verticale,Sereno,Scarso,Buona,Ore Diurne,0,0,0,2,"1,248,338","4,185,099",True
2651575,2,12/1/16 16:00,Strada Urbana,all'intersezione con,CORSO TRIESTE,VIA TRAU,CORSO TRIESTE,,,Scontro frontale/laterale DX fra veicoli in marcia,Incrocio,Una carreggiata a doppio senso,Asciutto,Asfaltata,Verticale ed orizzontale,Sereno,Normale,Buona,Ore Diurne,0,0,0,2,"1,250,778","4,191,924",True
2651875,8,12/1/16 16:10,Strada Urbana,all'intersezione con,VIA DEL TORRACCIO DI TORRENOVA,VIA DI TORRENOVA,VIA DEL TORRACCIO DI TORRENOVA,,,Scontro laterale fra veicoli in marcia,Incrocio,Una carreggiata a doppio senso,Asciutto,Asfaltata,Verticale ed orizzontale,Sereno,Normale,Sufficiente,Ore Diurne,0,0,0,2,"126,191","4,187,341",True
2652430,3,12/1/16 16:30,Strada Urbana,da specificare,,CIRCONVALLAZIONE TIBURTINA,,,ALTEZZA CONGIUNZIONE NUOVA C.NE INTERNA,Scontro laterale fra veicoli in marcia,Rettilineo,Una carreggiata a senso unico di marcia,Asciutto,Asfaltata,Orizzontale,Sereno,Normale,Buona,Ore Diurne,0,0,0,4,"1,253,302","4,190,516",True
2651871,8,12/1/16 16:30,Provinciale entro l'abitato,in prossimit•À_,del palo luce n.,VIA COLLATINA,,586,,Veicolo in marcia contro ostacolo fisso,Rettilineo,Una carreggiata a doppio senso,Asciutto,Asfaltata,Orizzontale,Sereno,Normale,Sufficiente,Sufficiente,1,0,0,0,"1,261,053","4,190,604",True
2651565,13,12/1/16 16:30,Strada Urbana,da specificare,,VIALE DEI ROMAGNOLI,,,in prossimit•À_ di Via Donati,Tamponamento Multiplo,Rettilineo,Una carreggiata a doppio senso,Asciutto,Asfaltata,Verticale ed orizzontale,Sereno,Intenso,Buona,Ore Diurne,0,0,0,3,"1,234,323","4,177,692",True
2651366,7,12/1/16 16:45,Strada Urbana,in prossimit•À_,del civico n.,PIAZZA DELLA STAZIONE PRENESTINA,,1043,,Veicolo in marcia contro veicolo in sosta,Rettilineo,Una carreggiata a senso unico di marcia,Asciutto,Asfaltata,Assente,Sereno,Intenso,Buona,Ore Diurne,0,0,0,1,"1,260,919","4,189,366",True
2651448,9,12/1/16 16:50,Strada Urbana,in corrispondenza,del civico n.,CIRCONVALLAZIONE APPIA,,41,,Scontro frontale/laterale SX fra veicoli in marcia,Rettilineo,Una carreggiata a doppio senso,Asciutto,Asfaltata,Assente,Nuvoloso,Normale,Buona,Ore Diurne,0,0,0,2,"1,251,576","4,187,601",True
2651881,8,12/1/16 16:55,,all'intersezione con,VIALE DI TORRE MAURA,VIA DEL FOSSO DI S. MAURA,VIALE DI TORRE MAURA,,,Veicolo in marcia contro ostacolo accidentale,,,,,,,,,,0,0,0,2,,,False
2652151,17,12/1/16 17:00,Strada Urbana,da specificare,,VIALE VATICANO,,,in prossimit•À_ fr. 43,Fuoriuscita dalla sede stradale,Curva senza visuale libera,Una carreggiata a doppio senso,Asciutto,Asfaltata,Verticale ed orizzontale,Sereno,Normale,Insufficiente,Sufficiente,0,0,0,1,"1,244,872","4,190,434",True
2651907,8,12/1/16 17:00,,in prossimit•À_,del palo luce n.,VIA DEL FOSSO DI S. MAURA,,21,,Veicolo in marcia contro ostacolo accidentale,,,,,,,,,,0,0,0,3,,,False
2651883,8,12/1/16 17:10,Strada Urbana,in prossimit•À_,del civico n.,VIA SELLIA,,45,,Veicolo in marcia contro ostacolo accidentale,Rettilineo,Una carreggiata a doppio senso,Asciutto,Con buche,Orizzontale,Sereno,Normale,Buona,Ore Diurne,0,0,0,1,"1,268,709","4,187,155",True
2652056,6,12/1/16 17:15,Strada Urbana,da specificare,,VIA ANAGNI,,,fronte civico 1,Investimento di pedone,Rettilineo,Una carreggiata a senso unico di marcia,Asciutto,Asfaltata,Orizzontale,Sereno,Normale,Sufficiente,Sufficiente,1,0,0,1,"1,255,388","4,189,012",True
2659814,18,12/1/16 17:20,Strada Urbana,da specificare,,VIA DI CASAL DEL MARMO,,,pross. Monte del Marmo rotatoria GRA,Scontro laterale fra veicoli in marcia,Rotatoria,Una carreggiata a senso unico di marcia,Asciutto,Asfaltata,Verticale ed orizzontale,Sereno,Normale,Buona,Ore Diurne,0,0,0,5,"1,238,894","419,421",True
2651923,8,12/1/16 17:30,,in prossimit•À_,del palo luce n.,VIALE DI TORRE MAURA,,32,,Veicolo in marcia contro ostacolo accidentale,,,,,,,,,,0,0,0,1,,,False
2651932,11,12/1/16 17:30,Strada Urbana,all'intersezione con,VIALE DEL TINTORETTO,VIALE ALDO BALLARIN,VIALE DEL TINTORETTO,,,Scontro laterale fra veicoli in marcia,Intersezione stradale segnalata,Una carreggiata a doppio senso,Asciutto,Asfaltata,Verticale ed orizzontale,Sereno,Normale,Buona,Sufficiente,0,0,0,3,"1,249,594","4,183,383",True
2651454,7,12/1/16 17:30,Strada Urbana,all'intersezione con,VIA DELLE SUSINE,VIALE ALESSANDRINO,VIA DELLE SUSINE,,,Scontro frontale/laterale DX fra veicoli in marcia,Incrocio,Due carreggiate,Asciutto,Asfaltata,Orizzontale,Sereno,Intenso,Buona,Ore Diurne,1,0,0,2,"1,257,775","4,187,983",True
2651525,10,12/1/16 18:00,Strada Urbana,in prossimit•À_,del civico n.,VIA DEGLI OPIMIANI,,16/18,,Infortunio per sola frenata improvvisa,Rettilineo,Una carreggiata a doppio senso,Asciutto,Asfaltata,Verticale,Nuvoloso,Normale,Sufficiente,Sufficiente,1,0,0,0,,,False
2652203,17,12/1/16 18:25,Strada Urbana,all'intersezione semaforizzata con,PIAZZA COLONNA,LUNGOTEVERE DEI MELLINI,PIAZZA COLONNA,,,Veicolo in marcia contro ostacolo fisso,Intersezione semaforizzata,Una carreggiata a senso unico di marcia,Asciutto,Asfaltata,Verticale ed orizzontale,Sereno,Normale,Buona,Sufficiente,0,0,0,1,"1,247,315","4,190,715",True
2652012,7,12/1/16 18:30,Strada Urbana,da specificare,,VIA CASILINA,,,in prossimit•À_ di Viale della Primavera,Veicolo in marcia contro ostacolo accidentale,Rettilineo,Due carreggiate,Asciutto,Asfaltata,Orizzontale,Sereno,Normale,Buona,Sufficiente,0,0,0,2,"1,255,765","418,756",True
2651808,13,12/1/16 18:30,,in corrispondenza,del civico n.,VIA GIGI CHESSA,,390,,Veicolo in marcia contro veicoli in sosta,,,,,,,,,,0,0,0,1,"1,237,925","4,177,443",False
2652340,2,12/1/16 18:35,Strada Urbana,in prossimit•À_,del civico n.,VIA LIMA,,4,,Tamponamento,Rettilineo,Una carreggiata a senso unico di marcia,Asciutto,Asfaltata,Verticale ed orizzontale,Sereno,Normale,Buona,Sufficiente,0,0,0,2,"124,938","4,192,274",True
2652031,4,12/1/16 18:45,Statale entro l'abitato,da specificare,,VIA SALARIA,,,100 m dopo V. Castel Giubileo dir. rieti,Tamponamento,Rettilineo,Due carreggiate,Asciutto,Asfaltata,Verticale ed orizzontale,Nuvoloso,Intenso,Sufficiente,Sufficiente,2,0,0,3,,,False
2652279,4,12/1/16 18:45,Strada Urbana,all'intersezione con,VIADOTTO GIUSEPPE SARAGAT,VIA AMALIA BETTINI,VIADOTTO GIUSEPPE SARAGAT,,,Tamponamento,Intersezione stradale segnalata,Due carreggiate,Asciutto,Asfaltata,Verticale ed orizzontale,Sereno,Normale,Buona,Sufficiente,1,0,0,2,"1,252,804","419,645",True
2652207,4,12/1/16 19:10,Strada Urbana,da specificare,,VIA TERESA BOETTI VALVASSURA,,,in prossimit•À_ dell'intersezione con via Gino Cervi,Investimento di pedone,Rettilineo,Due carreggiate,Asciutto,Asfaltata,Verticale ed orizzontale,Sereno,Normale,Buona,Ore Diurne,0,1,0,1,"1,253,495","4,196,211",False
2652561,6,12/1/16 19:15,Strada Urbana,all'intersezione con,VIA CHERSO,VIA COLLATINA,VIA CHERSO,,,Scontro laterale fra veicoli in marcia,Incrocio,Una carreggiata a doppio senso,Asciutto,Asfaltata,Verticale ed orizzontale,Sereno,Normale,Sufficiente,Sufficiente,0,0,0,3,"1,256,273","4,189,635",True
2653682,12,12/1/16 19:20,Provinciale entro l'abitato,da specificare,,VIA PONTINA,,,"Km.11,500 dir. G.R.A",Tamponamento Multiplo,Rettilineo,Due carreggiate,Asciutto,Asfaltata,Verticale ed orizzontale,Sereno,Intenso,Buona,Ore Diurne,5,0,0,0,"1,245,798","4,180,971",False
2651968,20,12/1/16 19:45,Regionale entro l'abitato,all'intersezione con,VIA COLLEGIOVE,VIA CASSIA,VIA COLLEGIOVE,,,Scontro frontale/laterale DX fra veicoli in marcia,Intersezione non regolata/non segnalata,Una carreggiata a doppio senso,Asciutto,Asfaltata,Verticale ed orizzontale,Sereno,Normale,Sufficiente,Sufficiente,0,0,0,2,"1,243,529","4,197,053",True
2652934,16,12/1/16 19:45,Strada Urbana,all'intersezione con,VIA CAMILLO SERAFINI,VIA SILVESTRI,VIA CAMILLO SERAFINI,,,Scontro frontale/laterale DX fra veicoli in marcia,Incrocio,Una carreggiata a doppio senso,Asciutto,Asfaltata,Orizzontale,Sereno,Intenso,Buona,Sufficiente,0,0,0,2,"1,261,592","4,184,841",True
2653017,23,12/1/16 20:00,Strada Urbana,in prossimit•À_,del civico n.,VIA CAMILLO DA ALBINO,,3b,,Scontro laterale fra veicoli in marcia,Rettilineo,Una carreggiata a doppio senso,Asciutto,Asfaltata,Verticale ed orizzontale,Sereno,Scarso,Buona,Sufficiente,2,0,0,0,"1,235,156","4,178,268",True
2652260,1,12/1/16 20:00,Strada Urbana,in prossimit•À_,del civico n.,VIA EMANUELE FILIBERTO,,163,,Scontro frontale/laterale DX fra veicoli in marcia,Rettilineo,Una carreggiata a doppio senso,Asciutto,Asfaltata,Verticale ed orizzontale,Sereno,Intenso,Buona,Sufficiente,2,0,0,2,"1,250,664","4,189,013",True
2652342,2,12/1/16 21:00,Strada Urbana,all'intersezione con,VIA STIMIGLIANO,VIA MONTEBUONO,VIA STIMIGLIANO,,,Investimento di pedone,Incrocio,Una carreggiata a senso unico di marcia,Asciutto,Asfaltata,Verticale ed orizzontale,Sereno,Scarso,Sufficiente,Sufficiente,1,0,0,1,"1,251,305","4,193,397",False
2652952,16,12/1/16 21:45,Strada Urbana,all'intersezione con,VIA FLAVIO DOMIZIANO,VIA CRISTOFORO COLOMBO,VIA FLAVIO DOMIZIANO,,,Scontro frontale/laterale SX fra veicoli in marcia,Intersezione semaforizzata,Pi•À_ di due carreggiate,Asciutto,Asfaltata,Verticale ed orizzontale,Sereno,Normale,Buona,Sufficiente,1,0,0,1,"1,244,704","4,180,373",False