ID,Gruppo,_DataOraIncidente,_Localizzazione1,_Localizzazione2,Strada02,Strada1,Strada2,Chilometrica,DaSpecificare,_NaturaIncidente,_ParticolaritaStrade,_TipoStrada,_FondoStradale,_Pavimentazione,_Segnaletica,_CondizioneAtmosferica,_Traffico,_Visibilita,_Illuminazione,NUM_FERITI,_NUM_RISERVATA,_NUM_MORTI,_NUM_ILLESI,Longitudine,Latitudine,CONFERMATO
2654593,9,14/01/2016 15:30:00,Strada Urbana,da specificare,,PIAZZA DI PONTE LUNGO,,,fronte prossimit•À_ civico 4,Scontro laterale fra veicoli in marcia,Rettilineo,Pi•À_ di due carreggiate,Bagnato (pioggia),Asfaltata,Verticale ed orizzontale,Pioggia in atto,Normale,Buona,Ore Diurne,0,0,0,2,"1,251,895","4,187,741",True
2654592,9,14/01/2016 15:30:00,Strada Urbana,da specificare,,PIAZZA ZAMA,,,fronte VIA CONCORDIA,Scontro frontale/laterale DX fra veicoli in marcia,Rotatoria,Una carreggiata a senso unico di marcia,Bagnato (pioggia),Asfaltata,Orizzontale,Nuvoloso,Normale,Buona,Ore Diurne,0,0,0,2,"1,250,979","4,187,645",True
2655339,8,14/01/2016 15:30:00,Strada Urbana,in corrispondenza,del palo luce n.,VIALE DI TORRE MAURA,,12,,Veicolo in marcia contro ostacolo accidentale,Rettilineo,Una carreggiata a doppio senso,Bagnato (pioggia),Asfaltata,Verticale ed orizzontale,Pioggia in atto,Normale,Sufficiente,Ore Diurne,0,0,0,1,"1,259,217","4,186,022",True
2654918,15,14/01/2016 16:10:00,Strada Urbana,da specificare,,VIA FRANCESCO GRIMALDI,,,prox. Via dei Prati dei Papa,Veicolo in marcia contro ostacolo accidentale,Rettilineo,Due carreggiate,Bagnato (pioggia),Asfaltata,Verticale ed orizzontale,Pioggia in atto,Intenso,Buona,Sufficiente,0,0,0,1,"1,246,726","418,648",False
2654321,10,14/01/2016 16:10:00,Strada Urbana,all'intersezione con,VIA SESTIO CALVINO,VIA CAIO CANULEIO,VIA SESTIO CALVINO,,,Investimento di pedone,Intersezione stradale segnalata,Una carreggiata a senso unico di marcia,Bagnato (pioggia),Asfaltata,Verticale ed orizzontale,Pioggia in atto,Normale,Buona,Ore Diurne,1,0,0,1,"125,626","4,185,162",False
2654837,10,14/01/2016 16:20:00,Strada Urbana,all'intersezione con,VIA GIRIFALCO,VIA DEL CASALE FERRANTI,VIA GIRIFALCO,,,Scontro laterale fra veicoli in marcia,Intersezione stradale segnalata,Una carreggiata a doppio senso,Bagnato (pioggia),Asfaltata,Verticale,Pioggia in atto,Scarso,Buona,Ore Diurne,0,0,0,2,"1,258,534","4,183,192",True
2654561,2,14/01/2016 16:25:00,Strada Urbana,da specificare,,VIALE DELLA MOSCHEA,,,alt. Fermata Treno Campi Sportivi,Veicolo in marcia contro ostacolo fisso,Rettilineo,Una carreggiata a doppio senso,Bagnato (pioggia),Asfaltata,Verticale ed orizzontale,Pioggia in atto,Normale,Buona,Ore Diurne,2,0,0,0,"124,931","4,193,385",False
2663086,18,14/01/2016 16:30:00,Strada Urbana,in corrispondenza,del civico n.,CIRCONVALLAZIONE CORNELIA,,23,,Scontro laterale fra veicoli in marcia,Rettilineo,Due carreggiate,Bagnato (pioggia),Asfaltata,Verticale ed orizzontale,Pioggia in atto,Normale,Sufficiente,Sufficiente,0,0,0,2,"1,242,671","4,189,985",True
2654953,13,14/01/2016 16:45:00,Strada Urbana,in prossimit•À_,del civico n.,VIA GIOVANNI BOLDINI,,14,,Scontro frontale/laterale DX fra veicoli in marcia,Rettilineo,Una carreggiata a doppio senso,Asciutto,Asfaltata,Verticale ed orizzontale,Sereno,Normale,Buona,Sufficiente,1,0,0,2,"123,643","4,178,281",False
2655716,17,14/01/2016 16:45:00,Strada Urbana,in prossimit•À_,del civico n.,VIALE DELLO STADIO OLIMPICO,,16,,Scontro laterale fra veicoli in marcia,Curva a visuale libera,Una carreggiata a senso unico di marcia,Bagnato (pioggia),Asfaltata,Orizzontale,Sereno,Normale,Buona,Sufficiente,0,0,0,2,"1,245,417","419,299",True
2654538,6,14/01/2016 16:50:00,Strada Urbana,all'intersezione con,VIA CHECCO DURANTE,VIA DEI GORDIANI,VIA CHECCO DURANTE,,,Scontro frontale/laterale DX fra veicoli in marcia,Incrocio,Una carreggiata a doppio senso,Bagnato (pioggia),Asfaltata,Verticale ed orizzontale,Nuvoloso,Normale,Sufficiente,Sufficiente,0,0,0,2,"1,255,327","4,188,143",True
2655353,4,14/01/2016 17:15:00,Strada Urbana,all'intersezione con,VIA LUIGI BERTELLI,VIA JACOPO SANNAZZARO,VIA LUIGI BERTELLI,,,Scontro laterale fra veicoli in marcia,Incrocio,Due carreggiate,Bagnato (umidit•À_ in atto),Asfaltata,Verticale ed orizzontale,Pioggia in atto,Normale,Buona,Sufficiente,0,0,0,4,"1,254,104","4,193,966",True
2655969,1,14/01/2016 17:40:00,Strada Urbana,in corrispondenza,del civico n.,PIAZZA DI S. GIOVANNI IN LATERANO,,18,,Veicolo in marcia contro ostacolo fisso,Rettilineo,Una carreggiata a senso unico di marcia,Bagnato (pioggia),Asfaltata,Verticale ed orizzontale,Pioggia in atto,Normale,Buona,Sufficiente,1,0,0,0,,,False
2654948,5,14/01/2016 17:45:00,Strada Urbana,in prossimit•À_,del civico n.,VIA TIBURTINA,,1020,,Investimento di pedone,Rettilineo,Una carreggiata a senso unico di marcia,Bagnato (umidit•À_ in atto),Asfaltata,Verticale ed orizzontale,Pioggia in atto,Intenso,Insufficiente,Ore Diurne,1,0,0,1,"1,257,869","4,193,129",True
2654595,9,14/01/2016 17:50:00,,da specificare,,VIA ACAIA,,,altezza VIA SINUESSA,Scontro laterale fra veicoli in marcia,,,,,,,,,,1,0,0,1,"1,250,826","418,776",False
2655307,4,14/01/2016 18:00:00,Strada Urbana,in corrispondenza,del civico n.,VIA GARGANO,,38,,Investimento di pedone,Rettilineo,Una carreggiata a doppio senso,Bagnato (pioggia),Asfaltata,Verticale ed orizzontale,Pioggia in atto,Intenso,Buona,Sufficiente,1,0,0,1,,,False
2655981,1,14/01/2016 18:00:00,Strada Urbana,all'intersezione con,VIA PASTRENGO,VIA CERNAIA,VIA PASTRENGO,,,Investimento di pedone,Incrocio,Una carreggiata a senso unico di marcia,Bagnato (pioggia),Asfaltata,Verticale ed orizzontale,Pioggia in atto,Normale,Sufficiente,Sufficiente,1,0,0,1,"124,987","4,190,551",False
2655368,3,14/01/2016 18:05:00,,all'intersezione con,VIA DEI PICENI,VIA DEL VERANO,VIA DEI PICENI,,,Scontro frontale/laterale DX fra veicoli in marcia,,,,,,,,,,1,0,0,1,,,False
2655224,12,14/01/2016 18:15:00,Strada Urbana,all'intersezione con,VIA DEI SOMMOZZATORI,VIA LAURENTINA,VIA DEI SOMMOZZATORI,,,Investimento di pedone,Incrocio,Due carreggiate,Bagnato (pioggia),Asfaltata,Verticale ed orizzontale,Pioggia in atto,Normale,Sufficiente,Sufficiente,1,0,0,1,"1,248,031","4,182,179",True
2655400,4,14/01/2016 18:15:00,Strada Urbana,in prossimit•À_,del civico n.,VIA DEI PRATI FISCALI,,351,,Scontro laterale fra veicoli in marcia,Curva a visuale libera,Due carreggiate,Bagnato (pioggia),Asfaltata,Assente,Pioggia in atto,Intenso,Buona,Sufficiente,0,0,0,2,"1,251,327","4,194,458",False
2655296,4,14/01/2016 18:30:00,Strada Urbana,da specificare,,RAMPA USCITA G.R.A. CARREGGIATA INTERNA,,,immissione Nomentana / Fonte Nuova,Tamponamento,Curva a visuale libera,Una carreggiata a senso unico di marcia,Bagnato (pioggia),Asfaltata,Verticale ed orizzontale,Pioggia in atto,Intenso,Sufficiente,Sufficiente,0,0,0,2,"1,263,192","4,200,075",True
2656312,11,14/01/2016 18:30:00,Strada Urbana,all'intersezione con,VIA GIACINTO GIGANTE,VIA MEROPIA,VIA GIACINTO GIGANTE,,,Scontro frontale/laterale DX fra veicoli in marcia,Incrocio,Una carreggiata a doppio senso,Bagnato (pioggia),Asfaltata,Verticale ed orizzontale,Pioggia in atto,Normale,Sufficiente,Sufficiente,1,0,0,1,"1,250,895","4,185,544",False
2656431,1,14/01/2016 18:45:00,Strada Urbana,all'intersezione semaforizzata con,VIA EMANUELE FILIBERTO,VIALE MANZONI,VIA EMANUELE FILIBERTO,,,Investimento di pedone,Incrocio,Una carreggiata a doppio senso,Bagnato (pioggia),Asfaltata,Verticale ed orizzontale,Pioggia in atto,Intenso,Sufficiente,Sufficiente,1,0,0,1,"1,250,772","4,189,117",False
2655345,8,14/01/2016 18:50:00,Strada Urbana,in prossimit•À_,del civico n.,VIA CASTELVETRANO,,36,,Veicolo in marcia contro ostacolo accidentale,Rettilineo,Una carreggiata a senso unico di marcia,Bagnato (pioggia),Asfaltata,Verticale ed orizzontale,Pioggia in atto,Normale,Buona,Sufficiente,0,0,0,1,"1,266,949","4,185,905",True
2655355,8,14/01/2016 18:50:00,Strada Urbana,da specificare,,VIA COLLATINA,,,poco dopo rotatoria via Cicali dir. GRA,Veicolo in marcia contro ostacolo accidentale,Rettilineo,Una carreggiata a doppio senso,Bagnato (umidit•À_ in atto),Con buche,Verticale ed orizzontale,Pioggia in atto,Normale,Insufficiente,Insufficiente,0,0,0,2,"1,261,053","4,190,604",True
2655928,17,14/01/2016 18:55:00,Strada Urbana,in prossimit•À_,del civico n.,VIALE VATICANO,,100,,Scontro laterale fra veicoli in marcia,Rettilineo,Una carreggiata a doppio senso,Asciutto,Asfaltata,Verticale ed orizzontale,Nuvoloso,Normale,Buona,Ore Diurne,0,0,0,3,"1,245,333","4,190,706",False
2654841,10,14/01/2016 19:24:00,Strada Urbana,all'intersezione semaforizzata con,VIA VALERIO PUBLICOLA,VIALE SPARTACO,VIA VALERIO PUBLICOLA,,,Scontro frontale/laterale SX fra veicoli in marcia,Intersezione semaforizzata,Due carreggiate,Bagnato (umidit•À_ in atto),Asfaltata,Verticale ed orizzontale,Nebbia,Normale,Sufficiente,Sufficiente,2,0,0,2,"1,255,633","4,185,734",False
2662728,18,14/01/2016 19:30:00,Strada Urbana,da specificare,,VIA ANASTASIO II,,,ALTEZZA PONTE FERROVIA DIR. P.ZA PIO XI,Scontro laterale fra veicoli in marcia,Rettilineo,Due carreggiate,Bagnato (pioggia),Asfaltata,Verticale ed orizzontale,Pioggia in atto,Intenso,Sufficiente,Sufficiente,1,0,0,1,"1,244,247","4,189,998",True
2668088,23,14/01/2016 19:40:00,Strada Urbana,all'intersezione con,VIA MARCO AURELIO,VIA CLAUDIA,VIA MARCO AURELIO,,,Infortunio per sola frenata improvvisa,Incrocio,Una carreggiata a doppio senso,Bagnato (pioggia),Asfaltata,Assente,Pioggia in atto,Normale,Insufficiente,Insufficiente,1,0,0,1,"1,249,402","4,188,843",False
2655104,2,14/01/2016 20:00:00,Strada Urbana,in prossimit•À_,del civico n.,PIAZZA DELLA MARINA,,24,,Veicolo in marcia contro ostacolo fisso,Rettilineo,Due carreggiate,Bagnato (pioggia),Asfaltata,Orizzontale,Pioggia in atto,Scarso,Buona,Sufficiente,1,0,0,0,"1,247,404","4,191,595",False
2655357,8,14/01/2016 20:10:00,Strada Urbana,in prossimit•À_,del civico n.,VIALE DI TORRE MAURA,,72,,Veicolo in marcia contro ostacolo accidentale,Rettilineo,Due carreggiate,Bagnato (pioggia),Asfaltata,Verticale ed orizzontale,Pioggia in atto,Normale,Buona,Sufficiente,0,0,0,1,"1,259,278","4,186,087",True
2655988,1,14/01/2016 20:15:00,Strada Urbana,in corrispondenza,del civico n.,VIA DELLA VITE,,74,,Veicolo in marcia contro ostacolo accidentale,Rettilineo,Una carreggiata a senso unico di marcia,Viscido da liquidi oleosi,In cubetti di porfido,Verticale ed orizzontale,Pioggia in atto,Normale,Sufficiente,Sufficiente,0,0,0,1,,,False
2654931,20,14/01/2016 20:45:00,Strada Urbana,in corrispondenza,del civico n.,PIAZZA DELLA VISIONE,,19,,Investimento di pedone,Rettilineo,Una carreggiata a doppio senso,Bagnato (pioggia),Asfaltata,Verticale ed orizzontale,Nuvoloso,Normale,Sufficiente,Sufficiente,1,0,0,2,"1,238,265","4,200,307",False
2655370,3,14/01/2016 20:45:00,Strada Urbana,all'intersezione con,PIAZZA DEI VESPRI SICILIANI,PIAZZA DEI VESPRI SICILIANI,PIAZZA DEI VESPRI SICILIANI,,,Scontro frontale/laterale SX fra veicoli in marcia,Intersezione stradale segnalata,Una carreggiata a senso unico di marcia,Bagnato (pioggia),Asfaltata,Verticale ed orizzontale,Pioggia in atto,Normale,Buona,Sufficiente,0,0,0,2,"1,252,502","4,191,432",True
2656475,23,14/01/2016 20:50:00,,da specificare,,VIALE DELL'OCEANO INDIANO,,,50 m prima dell'int. semafor. con Via di Decima,Veicolo in marcia contro veicolo in sosta,,,,,,,,,,0,0,0,3,,,False
2655931,1,14/01/2016 20:55:00,Strada Urbana,in corrispondenza,del civico n.,VIA VITTORIO EMANUELE ORLANDO,,79,,Infortunio per caduta del veicolo,Rettilineo,Una carreggiata a senso unico di marcia,Bagnato (pioggia),In cubetti di porfido,Verticale ed orizzontale,Pioggia in atto,Normale,Sufficiente,Sufficiente,1,0,0,1,"1,249,515","4,190,352",True
2654955,5,14/01/2016 21:00:00,Strada Urbana,in corrispondenza,del civico n.,VIA DEI CASTANI,,209,,Investimento di pedone,Rettilineo,Una carreggiata a doppio senso,Bagnato (pioggia),Asfaltata,Verticale,Pioggia in atto,Scarso,Buona,Sufficiente,1,0,0,1,,,False
2658402,1,14/01/2016 21:05:00,Strada Urbana,in prossimit•À_,del civico n.,VIA FARINI,,64,,Veicolo in marcia contro veicolo in sosta,Rettilineo,Una carreggiata a doppio senso,Bagnato (pioggia),Asfaltata,Verticale ed orizzontale,Pioggia in atto,Scarso,Sufficiente,Sufficiente,0,0,0,2,"1,249,988","4,189,817",False
2655607,17,14/01/2016 21:15:00,Strada Urbana,all'intersezione con,PIAZZALE CARDINAL CONSALVI,LUNGOTEVERE SALVO D'ACQUISTO,PIAZZALE CARDINAL CONSALVI,,,Scontro frontale/laterale DX fra veicoli in marcia,Incrocio,Una carreggiata a doppio senso,Bagnato (pioggia),Asfaltata,Verticale ed orizzontale,Pioggia in atto,Scarso,Buona,Sufficiente,1,0,0,1,"1,246,968","4,193,506",False
2666128,23,14/01/2016 22:00:00,Strada Urbana,in corrispondenza,del civico n.,VIALE DELL'OCEANO INDIANO,,73,,Veicolo in marcia contro ostacolo fisso,Rettilineo,Una carreggiata a doppio senso,Bagnato (pioggia),Asfaltata,Verticale ed orizzontale,Pioggia in atto,Scarso,Sufficiente,Sufficiente,2,0,0,0,"1,244,417","418,212",False
2655367,8,14/01/2016 22:30:00,Strada Urbana,da specificare,,VIA GIOVANNI CASONI,,,10 mt prina VIA ACQUAVIVA D'ISERNIA,Veicolo in marcia contro ostacolo accidentale,Rettilineo,Una carreggiata a doppio senso,Bagnato (pioggia),Asfaltata,Assente,Pioggia in atto,Scarso,Sufficiente,Sufficiente,0,0,0,1,"126,688","4,191,866",True
2655371,8,14/01/2016 22:35:00,Strada Urbana,in prossimit•À_,del civico n.,VIA DI TOR VERGATA,,55,,Veicolo in marcia contro ostacolo accidentale,Rettilineo,Una carreggiata a doppio senso,Bagnato (pioggia),Con buche,Verticale ed orizzontale,Pioggia in atto,Normale,Buona,Sufficiente,0,0,0,2,"1,262,201","41,86",True
2655374,8,14/01/2016 22:36:00,Strada Urbana,in prossimit•À_,del civico n.,VIA DI TOR VERGATA,,55,,Veicolo in marcia contro ostacolo accidentale,Rettilineo,Una carreggiata a doppio senso,Bagnato (pioggia),Con buche,Orizzontale,Pioggia in atto,Scarso,Sufficiente,Sufficiente,0,0,0,2,"1,262,201","41,86",True
2654951,20,14/01/2016 23:00:00,Strada Urbana,in prossimit•À_,del civico n.,VIA DELLA CAMILLUCCIA,,fr.375,,Fuoriuscita dalla sede stradale,Rettilineo,Una carreggiata a doppio senso,Bagnato (pioggia),Asfaltata,Orizzontale,Pioggia in atto,Normale,Buona,Sufficiente,0,0,0,1,,,False
2655393,3,14/01/2016 23:40:00,Strada Urbana,da specificare,,VIA VITTORIO MONTIGLIO,,,S.N.C.,Veicolo in marcia contro ostacolo fisso,Rettilineo,Una carreggiata a doppio senso,Bagnato (pioggia),Asfaltata,Orizzontale,Pioggia in atto,Normale,Sufficiente,Sufficiente,0,0,0,1,"1,242,872","4,192,407",True
2655510,16,14/01/2016 23:50:00,Strada Urbana,da specificare,,VIADOTTO DELLA MAGLIANA,,,direzione Fiumicino altezza V.lo del CAPPELLACCIO,Scontro frontale/laterale SX fra veicoli in marcia,Curva senza visuale libera,Due carreggiate,Bagnato (pioggia),Asfaltata,Verticale ed orizzontale,Pioggia in atto,Scarso,Sufficiente,Sufficiente,0,0,0,2,"1,245,974","4,183,855",True
2654854,10,15/01/2016 00:15:00,Strada Urbana,all'intersezione con,VIA QUINTILIO VARO,VIALE GIULIO AGRICOLA,VIA QUINTILIO VARO,,,Scontro frontale/laterale SX fra veicoli in marcia,Incrocio,Due carreggiate,Bagnato (pioggia),Asfaltata,Verticale,Pioggia in atto,Scarso,Sufficiente,Sufficiente,0,0,0,2,"1,256,099","4,185,535",True
2656532,1,15/01/2016 00:30:00,Strada Urbana,in prossimit•À_,del civico n.,VIA DI S. MARIA MAGGIORE,,FC 12/B,,Veicolo in marcia contro ostacolo fisso,Curva a visuale libera,Una carreggiata a senso unico di marcia,Bagnato (pioggia),Asfaltata,Verticale ed orizzontale,Pioggia in atto,Normale,Sufficiente,Sufficiente,0,0,0,1,"1,249,944","4,189,752",False
2655338,3,15/01/2016 03:00:00,,da specificare,,PIAZZA OTTAVIANO VIMERCATI,,, pross.t•À_ Via Ateneo Salesiano,Veicolo in marcia contro ostacolo fisso,,,,,,,,,,0,0,0,0,,,False
2655609,1,15/01/2016 03:50:00,Strada Urbana,in corrispondenza,del civico n.,VIALE REGINA MARGHERITA,,176,,Veicolo in marcia contro veicolo in sosta,Rettilineo,Una carreggiata a doppio senso,Bagnato (pioggia),Asfaltata,Verticale ed orizzontale,Nuvoloso,Scarso,Sufficiente,Sufficiente,0,0,0,2,"1,250,648","4,191,299",True
2655585,17,15/01/2016 04:15:00,Strada Urbana,in prossimit•À_,del civico n.,VIALE DELLO STADIO OLIMPICO,,16,,Veicolo in marcia contro ostacolo fisso,Curva a visuale libera,Una carreggiata a senso unico di marcia,Bagnato (pioggia),Asfaltata,Verticale ed orizzontale,Nuvoloso,Scarso,Buona,Sufficiente,1,0,0,0,"1,245,417","419,299",False
2655153,12,15/01/2016 05:40:00,Strada Urbana,da specificare,,VIA CRISTOFORO COLOMBO,,,(dir. Roma) prossimit•À_ sottovia Pontina,Veicolo in marcia contro ostacolo fisso,Curva senza visuale libera,Una carreggiata a senso unico di marcia,Bagnato (pioggia),Asfaltata,Verticale ed orizzontale,Pioggia in atto,Scarso,Sufficiente,Sufficiente,1,0,0,0,"1,246,018","4,181,299",False
2656915,12,15/01/2016 06:45:00,Provinciale entro l'abitato,in prossimit•À_,del civico n.,VIA ARDEATINA,,1432/b,,Investimento di pedone,Rettilineo,Una carreggiata a doppio senso,Bagnato (pioggia),Asfaltata,Verticale ed orizzontale,Pioggia in atto,Normale,Sufficiente,Insufficiente,1,0,0,1,,,False
2656479,20,15/01/2016 06:55:00,Strada Urbana,in corrispondenza,del palo luce n.,VIA DEI DUE PONTI,,99,,Veicolo in marcia contro ostacolo accidentale,Curva a visuale libera,Una carreggiata a doppio senso,Bagnato (pioggia),Asfaltata,Orizzontale,Nuvoloso,Normale,Buona,Sufficiente,3,0,0,0,,,False
2658291,10,15/01/2016 07:00:00,Strada Urbana,da specificare,,VIA VITTORIO RAGUSA,,,fronte civico 100,Ribaltamento senza urto contro ostacolo fisso,Curva a visuale libera,Una carreggiata a senso unico di marcia,Asciutto,Asfaltata,Verticale ed orizzontale,Nuvoloso,Normale,Insufficiente,Insufficiente,1,0,0,0,"1,260,632","4,184,979",False
2656371,1,15/01/2016 07:05:00,Strada Urbana,all'intersezione semaforizzata con,PIAZZA DEL PORTO DI RIPETTA,PONTE CAVOUR,PIAZZA DEL PORTO DI RIPETTA,,,Scontro laterale fra veicoli in marcia,Intersezione semaforizzata,Una carreggiata a doppio senso,Bagnato (umidit•À_ in atto),In cubetti di porfido,Verticale ed orizzontale,Nuvoloso,Normale,Buona,Ore Diurne,1,0,0,6,"124,752","4,190,489",True
2656445,2,15/01/2016 07:20:00,Strada Urbana,da specificare,,CIRCONVALLAZIONE SALARIA,,,ALTEZZA  SVINCOLO  PER VIA SALARIA,Tamponamento,Rettilineo,Due carreggiate,Bagnato (pioggia),Asfaltata,Orizzontale,Pioggia in atto,Intenso,Buona,Ore Diurne,0,0,0,2,"1,251,061","4,193,839",True
2656375,8,15/01/2016 07:30:00,Statale entro l'abitato,in prossimit•À_,del civico n.,VIA CASILINA,,1966,,Veicolo in marcia contro ostacolo accidentale,Rettilineo,Una carreggiata a doppio senso,Bagnato (pioggia),Asfaltata,Orizzontale,Nuvoloso,Normale,Buona,Ore Diurne,0,0,0,1,"1,270,374","4,186,546",True
2658096,5,15/01/2016 07:35:00,Strada Urbana,da specificare,,NUOVA CIRCONVALLAZIONE INTERNA,,,direzione VIA SALARIA curva prima del tunnel,Veicolo in marcia contro ostacolo fisso,Curva a visuale libera,Due carreggiate,Bagnato (pioggia),Asfaltata,Orizzontale,Nuvoloso,Normale,Buona,Ore Diurne,1,0,0,1,,,False
2658529,17,15/01/2016 08:15:00,Strada Urbana,da specificare,,VIA CRESCENZIO,,,fronte civico 8,Scontro laterale fra veicoli in marcia,Rettilineo,Una carreggiata a doppio senso,Bagnato (umidit•À_ in atto),Acciotolata,Verticale ed orizzontale,Nuvoloso,Normale,Buona,Ore Diurne,0,0,0,2,"1,246,662","4,190,563",True
2655333,18,15/01/2016 08:20:00,Strada Urbana,in prossimit•À_,del civico n.,VIA PEVERAGNO,,103,,Ribaltamento senza urto contro ostacolo fisso,Pendenza,Una carreggiata a doppio senso,Viscido da liquidi oleosi,Asfaltata,Assente,Nuvoloso,Scarso,Buona,Ore Diurne,2,0,0,0,"1,240,981","419,026",True
2655028,7,15/01/2016 08:20:00,Strada Urbana,da specificare,,VIALE PALMIRO TOGLIATTI,,,in prossimit•À_ di Via Perlasca,Veicolo in marcia contro ostacolo accidentale,Rettilineo,Due carreggiate,Bagnato (umidit•À_ in atto),Asfaltata,Orizzontale,Nuvoloso,Normale,Buona,Ore Diurne,0,0,0,1,"1,257,339","4,188,769",True
2658099,5,15/01/2016 08:30:00,Strada Urbana,da specificare,,VIA GIUSEPPE ANTONIO ANDRIULLI,,,alt. svin. inv. marcia via FILIPPO FIORENTINI ,Tamponamento,Rettilineo,Due carreggiate,Asciutto,Asfaltata,Verticale ed orizzontale,Sereno,Normale,Buona,Ore Diurne,0,0,0,3,"1,255,694","4,190,315",True
2656304,11,15/01/2016 08:30:00,Strada Urbana,da specificare,,VIA CRISTOFORO COLOMBO,,,100 mt dopo via grotta perfetta,Tamponamento,Rettilineo,Pi•À_ di due carreggiate,Bagnato (pioggia),Asfaltata,Verticale ed orizzontale,Nuvoloso,Normale,Buona,Ore Diurne,0,0,0,2,"1,248,443","4,185,009",True
2656377,8,15/01/2016 08:30:00,Strada Urbana,in prossimit•À_,del civico n.,VIA DI TORRE SPACCATA,,238a,,Investimento di pedone,Rettilineo,Una carreggiata a doppio senso,Bagnato (pioggia),Asfaltata,Verticale ed orizzontale,Nuvoloso,Normale,Buona,Ore Diurne,1,0,0,1,"1,258,687","418,673",False
2659830,23,15/01/2016 08:30:00,Strada Urbana,all'intersezione con,VIA DEI FRENTANI,VIALE PRETORIANO,VIA DEI FRENTANI,,,Scontro frontale/laterale SX fra veicoli in marcia,Incrocio,Una carreggiata a doppio senso,Bagnato (pioggia),Asfaltata,Verticale ed orizzontale,Pioggia in atto,Intenso,Buona,Ore Diurne,1,0,0,4,"1,250,825","4,190,048",True
2655454,19,15/01/2016 08:35:00,Strada Urbana,all'intersezione con,VIA FLAUBERT,VIA ANDERSEN,VIA FLAUBERT,,,Scontro frontale fra veicoli in marcia,Incrocio,Una carreggiata a doppio senso,Asciutto,Asfaltata,Verticale ed orizzontale,Nuvoloso,Normale,Buona,Ore Diurne,1,0,0,1,"1,239,937","4,192,267",True
2656398,2,15/01/2016 08:45:00,Strada Urbana,all'intersezione con,VIA ARNO,VIA TAGLIAMENTO,VIA ARNO,,,Ribaltamento senza urto contro ostacolo fisso,Intersezione stradale segnalata,Una carreggiata a doppio senso,Bagnato (pioggia),Asfaltata,Orizzontale,Nuvoloso,Intenso,Buona,Ore Diurne,1,0,0,1,"1,250,098","4,191,865",False
2663213,18,15/01/2016 08:45:00,Strada Urbana,in prossimit•À_,del civico n.,VIA GREGORIO XI,,102,,Veicolo in marcia contro ostacolo accidentale,Curva a visuale libera,Una carreggiata a doppio senso,Viscido da liquidi oleosi,Asfaltata,Verticale ed orizzontale,Nuvoloso,Intenso,Buona,Ore Diurne,0,0,0,2,"1,242,034","4,190,083",True
2656005,9,15/01/2016 08:50:00,,da specificare,,LARGO VOLUMNIA,,,fronteVIA ALBANO,Scontro laterale fra veicoli in marcia,,,,,,,,,,1,0,0,1,"1,253,362","4,187,188",False
2659820,23,15/01/2016 08:54:00,Comunale extraurbana,in prossimit•À_,della chilometrica,VIA CRISTOFORO COLOMBO,,16.6,,Infortunio per caduta del veicolo,Curva a visuale libera,Due carreggiate,Bagnato (umidit•À_ in atto),Asfaltata,Verticale ed orizzontale,Nuvoloso,Intenso,Buona,Ore Diurne,0,0,0,1,"1,244,704","4,180,373",True
2655620,15,15/01/2016 08:55:00,Strada Urbana,in corrispondenza,del civico n.,VIA ANTONIO PACINOTTI,,6/B,,Scontro laterale fra veicoli in marcia,Rettilineo,Una carreggiata a doppio senso,Bagnato (umidit•À_ in atto),Asfaltata,Verticale ed orizzontale,Nuvoloso,Intenso,Buona,Ore Diurne,1,0,0,2,"1,246,774","418,708",True
2657569,16,15/01/2016 09:00:00,Strada Urbana,in prossimit•À_,del civico n.,VIA VITELLIA,,97,,Scontro laterale fra veicoli in marcia,Rettilineo,Una carreggiata a doppio senso,Bagnato (umidit•À_ in atto),Asfaltata,Verticale ed orizzontale,Nuvoloso,Normale,Sufficiente,Ore Diurne,0,0,0,2,"1,244,183","418,798",True
2656305,11,15/01/2016 09:30:00,Strada Urbana,all'intersezione con,VIALE LEONARDO DA VINCI,VIA SILVIO D'AMICO,VIALE LEONARDO DA VINCI,,,Scontro frontale/laterale DX fra veicoli in marcia,Incrocio,Due carreggiate,Bagnato (pioggia),Asfaltata,Verticale ed orizzontale,Nuvoloso,Normale,Buona,Ore Diurne,1,0,0,1,"1,247,997","4,185,101",False
2658302,19,15/01/2016 09:30:00,Strada Urbana,all'intersezione con,VIA STEFANO BORGIA,VIA PIETRO MAFFI,VIA STEFANO BORGIA,,,Scontro laterale fra veicoli in marcia,Incrocio,Una carreggiata a doppio senso,Asciutto,Asfaltata,Assente,Sereno,Normale,Buona,Ore Diurne,0,0,0,2,"1,241,864","4,192,438",True