ID,Gruppo,_DataOraIncidente,_Localizzazione1,_Localizzazione2,Strada02,Strada1,Strada2,Chilometrica,DaSpecificare,_NaturaIncidente,_ParticolaritaStrade,_TipoStrada,_FondoStradale,_Pavimentazione,_Segnaletica,_CondizioneAtmosferica,_Traffico,_Visibilita,_Illuminazione,NUM_FERITI,_NUM_RISERVATA,_NUM_MORTI,_NUM_ILLESI,Longitudine,Latitudine,CONFERMATO
2658332,19,16/01/2016 14:10:00,Strada Urbana,all'intersezione con,VIA DELLA VALLE DEI FONTANILI,VIA ANDERSEN,VIA DELLA VALLE DEI FONTANILI,,,Tamponamento,Incrocio,Una carreggiata a doppio senso,Asciutto,Asfaltata,Verticale ed orizzontale,Sereno,Scarso,Buona,Ore Diurne,1,0,0,2,"1,239,937","4,192,267",True
2656889,12,16/01/2016 14:15:00,Strada Urbana,in prossimit•À_,del civico n.,VIALE BARTOLOMEO CAVACEPPI,,18,,Veicolo in marcia contro veicolo fermo,Rettilineo,Due carreggiate,Asciutto,Asfaltata,Orizzontale,Sereno,Scarso,Buona,Ore Diurne,0,0,0,3,"1,243,114","4,179,677",True
2658267,7,16/01/2016 15:30:00,Strada Urbana,da specificare,,VIA DI TOR TRE TESTE,,,all'interno del parcheggio Penny,Scontro frontale/laterale SX fra veicoli in marcia,Rettilineo,Una carreggiata a doppio senso,Asciutto,Asfaltata,Verticale,Sereno,Normale,Sufficiente,Ore Diurne,0,0,0,2,"1,259,147","4,189,347",True
2664543,18,16/01/2016 16:30:00,Strada Urbana,all'intersezione semaforizzata con,PIAZZA DI VILLA CARPEGNA,CIRCONVALLAZIONE AURELIA,PIAZZA DI VILLA CARPEGNA,,,Scontro laterale fra veicoli in marcia,Intersezione semaforizzata,Due carreggiate,Asciutto,Asfaltata,Verticale ed orizzontale,Nuvoloso,Normale,Buona,Ore Diurne,0,0,0,3,"1,242,923","4,189,517",True
2662317,13,16/01/2016 16:30:00,,all'intersezione con,VIA CHILONE,VIALE PRASSILLA,VIA CHILONE,,,Scontro laterale fra veicoli in marcia,,,,,,,,,,0,0,0,2,"1,235,714","4,175,186",False
2658193,8,16/01/2016 17:15:00,Strada Urbana,da specificare,,VIA GIORGIO GRAPPELLI,,,fr. centro commerciale ROMA EST,Scontro frontale/laterale DX fra veicoli in marcia,Rettilineo,Una carreggiata a senso unico alternato,Asciutto,Asfaltata,Verticale ed orizzontale,Sereno,Normale,Buona,Ore Diurne,0,0,0,3,"1,266,026","419,121",True
2658587,1,16/01/2016 17:20:00,Strada Urbana,in corrispondenza,del palo luce n.,CLIVO DEI PUBLICII,,1,,Tamponamento,Rettilineo,Una carreggiata a senso unico di marcia,Asciutto,Asfaltata,Verticale ed orizzontale,Sereno,Normale,Sufficiente,Sufficiente,0,0,0,3,"1,248,293","418,858",True
2658201,5,16/01/2016 17:30:00,Strada Urbana,in prossimit•À_,del civico n.,VIA TIBURTINA,,1144,,Tamponamento Multiplo,Rettilineo,Due carreggiate,Asciutto,Asfaltata,Verticale ed orizzontale,Sereno,Normale,Buona,Sufficiente,0,0,0,3,"1,259,461","4,193,267",True
2658207,5,16/01/2016 17:40:00,Strada Urbana,all'intersezione semaforizzata con,VIA FRATELLI MARISTI,VIA NOMENTANA,VIA FRATELLI MARISTI,,,Scontro frontale/laterale SX fra veicoli in marcia,Intersezione semaforizzata,Una carreggiata a doppio senso,Asciutto,Asfaltata,Verticale ed orizzontale,Nuvoloso,Normale,Buona,Sufficiente,0,0,0,2,"1,260,614","4,196,909",True
2658279,10,16/01/2016 18:00:00,Strada Urbana,all'intersezione con,VIA DEL FOSSO DI S. ANDREA,VIA DI ACQUA ACETOSA ANAGNINA,VIA DEL FOSSO DI S. ANDREA,,,Scontro frontale/laterale DX fra veicoli in marcia,Intersezione stradale segnalata,Una carreggiata a doppio senso,Asciutto,Asfaltata,Verticale ed orizzontale,Nuvoloso,Scarso,Sufficiente,Inesistente,1,0,0,1,"1,262,493","4,181,789",True
2658268,10,16/01/2016 18:00:00,Strada Urbana,da specificare,,VIA UMBERTO QUINTAVALLE,,,area parcheggio,Veicolo in marcia contro veicolo in sosta,Rettilineo,Una carreggiata a doppio senso,Asciutto,Lastricata,Assente,Sereno,Scarso,Sufficiente,Sufficiente,0,0,0,1,"125,726","4,185,425",True
2658184,8,16/01/2016 18:20:00,Strada Urbana,in prossimit•À_,del palo luce n.,VIALE DI TORRE MAURA,,32,,Veicolo in marcia contro ostacolo accidentale,Curva a visuale libera,Due carreggiate,Asciutto,Asfaltata,Verticale ed orizzontale,Sereno,Normale,Sufficiente,Sufficiente,0,0,0,1,,,False
2657291,13,16/01/2016 18:45:00,Strada Urbana,in corrispondenza,del civico n.,VIA DELLE BALENIERE,,91,,Scontro frontale/laterale DX fra veicoli in marcia,Rettilineo,Una carreggiata a doppio senso,Asciutto,Asfaltata,Verticale ed orizzontale,Nuvoloso,Normale,Buona,Sufficiente,0,0,0,3,"1,227,847","4,173,673",True
2657642,20,16/01/2016 18:50:00,Statale,in prossimit•À_,della chilometrica,VIA FLAMINIA,,15.5,,Veicolo in marcia contro ostacolo fisso,Rettilineo,Una carreggiata a senso unico di marcia,Asciutto,Asfaltata,Verticale ed orizzontale,Sereno,Normale,Buona,Inesistente,0,0,0,1,,,False
2658258,2,16/01/2016 19:00:00,,in corrispondenza,del civico n.,VIA DI VILLA S. FILIPPO,,34,,Veicolo in marcia contro veicoli in sosta,,,,,,,,,,0,0,0,2,,,False
2658549,1,16/01/2016 19:00:00,Strada Urbana,all'intersezione semaforizzata con,PIAZZA DI S. GIOVANNI IN LATERANO,VIA MERULANA,PIAZZA DI S. GIOVANNI IN LATERANO,,,Scontro laterale fra veicoli in marcia,Incrocio,Una carreggiata a doppio senso,Asciutto,Asfaltata,Verticale ed orizzontale,Sereno,Normale,Sufficiente,Sufficiente,0,0,0,2,"1,250,187","4,189,213",True
2658203,8,16/01/2016 19:15:00,,in prossimit•À_,del civico n.,VIA CASTELVETRANO,,36,,Veicolo in marcia contro ostacolo accidentale,,,,,,,,,,1,0,0,0,,,False
2659270,3,16/01/2016 19:20:00,,da specificare,,CIRCONVALLAZIONE TIBURTINA,,,DIR. S.GIOVANNI FRONTE LOCALI EASY BOX,Tamponamento,,,,,,,,,,1,0,0,2,,,False
2658699,12,16/01/2016 20:00:00,Strada Urbana,in corrispondenza,del civico n.,VIA ERSILIA MAINO BRONZINI,,51,,Veicolo in marcia contro ostacolo accidentale,Rettilineo,Una carreggiata a senso unico di marcia,Asciutto,Asfaltata,Verticale ed orizzontale,Sereno,Scarso,Sufficiente,Sufficiente,0,0,0,1,"1,250,758","4,181,547",True
2657062,19,16/01/2016 20:30:00,Strada Urbana,in corrispondenza,del civico n.,VIA DELLA PINETA SACCHETTI,,229 Y,,Tamponamento,Rettilineo,Una carreggiata a senso unico di marcia,Asciutto,Asfaltata,Verticale ed orizzontale,Sereno,Scarso,Buona,Sufficiente,0,0,0,2,"1,242,598","4,193,036",True
2658660,4,16/01/2016 20:30:00,Strada Urbana,da specificare,,VIA GIOVANNI CONTI,,,altezza Via delle Vigne Nuove,Scontro laterale fra veicoli in marcia,Curva a visuale libera,Due carreggiate,Asciutto,Asfaltata,Orizzontale,Sereno,Scarso,Buona,Sufficiente,0,0,0,2,"1,253,109","4,195,456",True
2659020,12,16/01/2016 20:40:00,Strada Urbana,all'intersezione con,VIALE DELL'UMANESIMO,VIA CRISTOFORO COLOMBO,VIALE DELL'UMANESIMO,,,Scontro laterale fra veicoli in marcia,Incrocio,Una carreggiata a senso unico di marcia,Asciutto,Asfaltata,Verticale ed orizzontale,Sereno,Normale,Buona,Sufficiente,0,0,0,4,"1,246,464","4,182,427",True
2659036,17,16/01/2016 20:44:00,Strada Urbana,all'intersezione con,VIA DEGLI SCIPIONI,VIA SILLA,VIA DEGLI SCIPIONI,,,Scontro frontale/laterale SX fra veicoli in marcia,Incrocio,Una carreggiata a senso unico di marcia,Asciutto,Asfaltata,Verticale ed orizzontale,Sereno,Scarso,Sufficiente,Sufficiente,0,0,0,3,"124,594","4,190,891",False
2657651,16,16/01/2016 20:45:00,Strada Urbana,in corrispondenza,del civico n.,VIA S. CALEPODIO,,9,,Veicolo in marcia contro veicolo in sosta,Rettilineo,Una carreggiata a senso unico di marcia,Asciutto,In cubetti di porfido,Assente,Sereno,Scarso,Sufficiente,Sufficiente,0,0,0,1,"1,245,765","4,187,905",True
2658673,1,16/01/2016 21:10:00,Strada Urbana,all'intersezione semaforizzata con,VIA ALVISE CADAMOSTO,VIALE MARCO POLO,VIA ALVISE CADAMOSTO,,,Scontro frontale/laterale SX fra veicoli in marcia,Incrocio,Una carreggiata a doppio senso,Asciutto,Asfaltata,Verticale ed orizzontale,Sereno,Normale,Sufficiente,Sufficiente,0,0,0,4,,,False
2658142,9,16/01/2016 21:40:00,,da specificare,,PIAZZA CESARE CANTU',,,fronte VIA BOTERO,Veicolo in marcia contro veicoli in sosta,,,,,,,,,,0,0,0,0,"1,252,721","4,187,128",False
2658284,10,16/01/2016 21:55:00,Strada Urbana,all'intersezione con,VIA APPIA NUOVA,PIAZZA DEI RE DI ROMA,VIA APPIA NUOVA,,,Tamponamento,Rotatoria,Una carreggiata a senso unico di marcia,Asciutto,Asfaltata,Verticale ed orizzontale,Sereno,Normale,Buona,Sufficiente,0,0,0,5,"1,251,485","4,188,137",True
2658133,11,16/01/2016 22:30:00,Strada Urbana,da specificare,,VIA SALVATORE QUASIMODO,,,in prossimit•À_ del fronte civico 145,Veicolo in marcia contro ostacolo fisso,,Una carreggiata a doppio senso,Asciutto,Asfaltata,Orizzontale,Sereno,Scarso,Buona,Sufficiente,1,0,0,0,"124,667","4,181,479",False
2657152,2,17/01/2016 00:40:00,Strada Urbana,in corrispondenza,del civico n.,VIA BRUXELLES,,51,,Veicolo in marcia contro veicoli in sosta,Rettilineo,Una carreggiata a senso unico di marcia,Asciutto,Asfaltata,Verticale ed orizzontale,Nuvoloso,Scarso,Buona,Sufficiente,0,0,0,1,"1,249,921","4,192,369",True
2657656,20,17/01/2016 01:05:00,Strada Urbana,all'intersezione con,VIA CORCHIANO,VIA VIBIO MARIANO,VIA CORCHIANO,,,Scontro laterale fra veicoli in marcia,Incrocio,Una carreggiata a doppio senso,Asciutto,Asfaltata,Verticale,Nuvoloso,Scarso,Sufficiente,Sufficiente,1,0,0,1,,,False
2659282,3,17/01/2016 01:15:00,Strada Urbana,all'intersezione con,VIA VAL DI SANGRO,VIA VAL DI LANZO,VIA VAL DI SANGRO,,,Scontro frontale/laterale DX fra veicoli in marcia,Incrocio,Una carreggiata a doppio senso,Asciutto,Asfaltata,Orizzontale,Sereno,Scarso,Buona,Sufficiente,1,0,0,4,"1,252,222","4,194,489",False
2657791,6,17/01/2016 01:30:00,Strada Urbana,all'intersezione con,VIA FEDERICO DELPINO,VIA DEI CICLAMINI,VIA FEDERICO DELPINO,,,Scontro frontale/laterale SX fra veicoli in marcia,Incrocio,Una carreggiata a doppio senso,Asciutto,Asfaltata,Verticale ed orizzontale,Sereno,Scarso,Sufficiente,Sufficiente,0,0,0,3,"1,256,617","4,189,184",True
2657638,16,17/01/2016 02:00:00,Strada Urbana,all'intersezione con,VICOLO DEGLI ORTI PORTUENSI,VIA PORTUENSE,VICOLO DEGLI ORTI PORTUENSI,,,Scontro frontale/laterale SX fra veicoli in marcia,Intersezione stradale segnalata,Una carreggiata a doppio senso,Asciutto,Asfaltata,Verticale ed orizzontale,Sereno,Scarso,Buona,Sufficiente,0,0,0,4,"1,240,939","4,184,342",True
2659905,23,17/01/2016 02:00:00,Strada Urbana,in prossimit•À_,della chilometrica,VIA CRISTOFORO COLOMBO,,14.75,,Veicolo in marcia contro ostacolo accidentale,Rettilineo,Pi•À_ di due carreggiate,Asciutto,Asfaltata,Verticale ed orizzontale,Sereno,Scarso,Buona,Inesistente,1,0,0,2,"1,240,619","41,783",False
2658429,10,17/01/2016 02:45:00,Statale entro l'abitato,in prossimit•À_,del civico n.,VIA PRENESTINA,,1188,,Veicolo in marcia contro ostacolo accidentale,Rettilineo,Una carreggiata a doppio senso,Asciutto,Con buche,Assente,Sereno,Normale,Buona,Sufficiente,0,0,0,1,"1,262,729","4,189,267",True
2659687,1,17/01/2016 03:00:00,Strada Urbana,all'intersezione semaforizzata con,PIAZZA GIUSEPPE GIOACHINO BELLI,PONTE GARIBALDI,PIAZZA GIUSEPPE GIOACHINO BELLI,,,Investimento di pedone,Intersezione semaforizzata,Una carreggiata a doppio senso,Asciutto,Asfaltata,Verticale ed orizzontale,Sereno,Normale,Sufficiente,Sufficiente,0,0,0,4,,,False
2658227,5,17/01/2016 03:30:00,Strada Urbana,da specificare,,NUOVA CIRCONVALLAZIONE INTERNA,,,DIREZIONE SAN GIOVANNI,Veicolo in marcia contro ostacolo fisso,Rettilineo,Due carreggiate,Asciutto,Asfaltata,Verticale ed orizzontale,Sereno,Scarso,Sufficiente,Sufficiente,1,0,0,0,"1,253,006","4,191,545",True
2659670,1,17/01/2016 03:45:00,Strada Urbana,in prossimit•À_,del civico n.,VIA LUDOVICO MURATORI,,7,,Veicolo in marcia contro veicolo in sosta,Rettilineo,Una carreggiata a senso unico di marcia,Asciutto,Asfaltata,Verticale ed orizzontale,Sereno,Scarso,Buona,Sufficiente,0,0,0,0,,,False
2658260,2,17/01/2016 04:05:00,Strada Urbana,in corrispondenza,del civico n.,VIA SALARIA,,334,,Veicolo in marcia contro ostacolo fisso,Rettilineo,Una carreggiata a doppio senso,Asciutto,Asfaltata,Verticale ed orizzontale,Sereno,Scarso,Buona,Sufficiente,2,0,0,0,"1,250,325","41,924",True
2659945,23,17/01/2016 04:40:00,Comunale extraurbana,in prossimit•À_,della chilometrica,VIA CRISTOFORO COLOMBO,,15.5,,Veicolo in marcia contro ostacolo fisso,Curva senza visuale libera,Una carreggiata a senso unico di marcia,Asciutto,Asfaltata,Verticale ed orizzontale,Sereno,Scarso,Sufficiente,Inesistente,0,0,0,1,"1,244,704","4,180,373",True
2658140,11,17/01/2016 04:45:00,Strada Urbana,all'intersezione con,VIA GINORI,VIA ALDO MANUZIO,VIA GINORI,,,Scontro frontale/laterale SX fra veicoli in marcia,Incrocio,Due carreggiate,Asciutto,Asfaltata,Verticale ed orizzontale,Sereno,Scarso,Sufficiente,Sufficiente,0,0,0,4,"1,247,601","4,187,881",True
2657812,6,17/01/2016 05:00:00,Strada Urbana,in corrispondenza,del civico n.,VIA VINCENZO MONAMI',,20,,Veicolo in marcia contro veicolo in sosta,Rettilineo,Una carreggiata a senso unico di marcia,Asciutto,Asfaltata,Assente,Sereno,Scarso,Sufficiente,Sufficiente,0,0,0,1,"126,461","4,186,541",True
2665011,18,17/01/2016 05:00:00,Statale,in prossimit•À_,della chilometrica,VIA AURELIA,,19.6,,Veicolo in marcia contro ostacolo fisso,Curva a visuale libera,Due carreggiate,Asciutto,Asfaltata,Verticale ed orizzontale,Nuvoloso,Scarso,Insufficiente,Inesistente,0,0,0,1,"1,226,737","4,190,598",True
2658815,1,17/01/2016 05:45:00,Strada Urbana,in prossimit•À_,del palo luce n.,LUNGOTEVERE GIANICOLENSE,,9,,Veicolo in marcia contro veicolo in sosta,Rettilineo,Una carreggiata a senso unico di marcia,Asciutto,Asfaltata,Verticale ed orizzontale,Sereno,Scarso,Sufficiente,Sufficiente,0,0,0,5,"1,246,411","4,189,718",True
2658370,19,17/01/2016 06:00:00,Strada Urbana,in prossimit•À_,del civico n.,VIA DELLA PINETA SACCHETTI,,225,,Veicolo in marcia contro ostacolo fisso,Rettilineo,Una carreggiata a senso unico di marcia,Asciutto,Asfaltata,Orizzontale,Sereno,Scarso,Buona,Sufficiente,1,0,0,0,"1,242,737","4,192,971",True
2658454,10,17/01/2016 06:51:00,Strada Urbana,in prossimit•À_,del civico n.,VIA TUSCOLANA,,1866,,Veicolo in marcia contro ostacolo fisso,Rettilineo,Una carreggiata a senso unico di marcia,Asciutto,Asfaltata,Orizzontale,Sereno,Scarso,Insufficiente,Inesistente,1,0,0,0,"1,258,709","4,184,032",False
2658188,15,17/01/2016 08:00:00,Strada Urbana,in corrispondenza,del civico n.,VIA PORTUENSE,,473,,Veicolo in marcia contro veicolo in sosta,Rettilineo,Una carreggiata a doppio senso,Asciutto,Asfaltata,Verticale ed orizzontale,Sereno,Normale,Buona,Ore Diurne,0,0,0,1,"1,245,235","4,186,145",True
2664828,18,17/01/2016 09:20:00,Strada Urbana,all'intersezione con,VIA DI TORRE ROSSA,VIA AURELIA ANTICA,VIA DI TORRE ROSSA,,,Scontro frontale/laterale DX fra veicoli in marcia,Intersezione stradale segnalata,Una carreggiata a doppio senso,Asciutto,Asfaltata,Verticale ed orizzontale,Sereno,Normale,Buona,Ore Diurne,0,0,0,2,"1,242,019","418,884",True
2658801,2,17/01/2016 10:30:00,Strada Urbana,all'intersezione con,VIA SCIRE',PIAZZA AMBA ALAGI,VIA SCIRE',,,Veicolo in marcia contro veicolo in sosta,Incrocio,Una carreggiata a senso unico di marcia,Asciutto,Asfaltata,Orizzontale,Sereno,Scarso,Buona,Ore Diurne,0,0,0,0,"1,252,418","4,192,995",True
2658195,15,17/01/2016 10:30:00,Strada Urbana,in prossimit•À_,del civico n.,VIALE GUGLIELMO MARCONI,,54,,Investimento di pedone,Rettilineo,Due carreggiate,Asciutto,Asfaltata,Orizzontale,Sereno,Normale,Buona,Ore Diurne,1,0,0,1,"1,246,781","4,186,842",False
2658181,11,17/01/2016 10:40:00,Strada Urbana,in corrispondenza,del civico n.,VIA ARISTIDE LEONORI,,27,,Veicolo in marcia contro veicolo in sosta,Rettilineo,Una carreggiata a senso unico di marcia,Asciutto,Asfaltata,Verticale ed orizzontale,Sereno,Normale,Buona,Ore Diurne,0,0,0,1,"1,248,781","4,184,949",True
2658251,8,17/01/2016 10:45:00,,da specificare,,VIA SELLIA,,,pross. Via Gadurso,Veicolo in marcia contro ostacolo accidentale,,,,,,,,,,0,0,0,1,,,False
2658432,7,17/01/2016 11:00:00,Strada Urbana,da specificare,,VIALE PALMIRO TOGLIATTI,,,altezza via perlasca,Veicolo in marcia contro ostacolo accidentale,Rettilineo,Una carreggiata a senso unico di marcia,Asciutto,Asfaltata,Assente,Sereno,Normale,Buona,Ore Diurne,0,0,0,2,"1,257,399","4,190,069",True
2658347,19,17/01/2016 11:00:00,Strada Urbana,da specificare,,VIA DOMENICO MONTAGNANA,,,pross. Via della Storta,Scontro frontale/laterale DX fra veicoli in marcia,Curva a visuale libera,Una carreggiata a doppio senso,Asciutto,Asfaltata,Assente,Sereno,Scarso,Buona,Ore Diurne,0,0,0,2,"1,236,579","4,194,589",True
2657891,6,17/01/2016 11:45:00,Strada Urbana,all'intersezione con,VIA ROBERTO MALATESTA,VIA DI ACQUA BULLICANTE,VIA ROBERTO MALATESTA,,,Investimento di pedone,Incrocio,Una carreggiata a doppio senso,Asciutto,Asfaltata,Verticale ed orizzontale,Sereno,Normale,Buona,Ore Diurne,1,0,0,1,"1,254,332","4,188,103",False
2658711,1,17/01/2016 12:00:00,Strada Urbana,all'intersezione semaforizzata con,VIA DI S. PRISCA,VIALE AVENTINO,VIA DI S. PRISCA,,,Scontro laterale fra veicoli in marcia,Incrocio,Pi•À_ di due carreggiate,Asciutto,In cubetti di porfido,Verticale ed orizzontale,Sereno,Normale,Buona,Ore Diurne,0,0,0,4,"1,248,441","4,188,082",True
2658205,15,17/01/2016 12:00:00,Strada Urbana,in prossimit•À_,del civico n.,VICOLO DEL CONTE,,2,,Investimento di pedone,Rettilineo,Una carreggiata a doppio senso,Asciutto,Asfaltata,Verticale,Sereno,Scarso,Buona,Ore Diurne,0,0,0,2,"1,242,351","4,186,553",True
2658388,19,17/01/2016 12:15:00,Strada Urbana,in prossimit•À_,del civico n.,VIA IGEA,,7,,Veicolo in marcia contro veicolo in sosta,Rettilineo,Una carreggiata a doppio senso,Asciutto,Asfaltata,Orizzontale,Sereno,Normale,Buona,Ore Diurne,0,0,0,2,"1,244,019","4,193,417",True
2658410,10,17/01/2016 12:30:00,Strada Urbana,all'intersezione con,VIA CROPANI,VIA GASPERINA,VIA CROPANI,,,Scontro frontale/laterale DX fra veicoli in marcia,Incrocio,Una carreggiata a doppio senso,Asciutto,Asfaltata,Verticale ed orizzontale,Sereno,Scarso,Buona,Ore Diurne,0,0,0,5,"1,259,946","418,326",True
2658679,4,17/01/2016 13:30:00,Strada Urbana,all'intersezione con,VIA MONTE CROCE,VIA MONTE ROCCHETTA,VIA MONTE CROCE,,,Veicolo in marcia contro ostacolo accidentale,Incrocio,Una carreggiata a doppio senso,Asciutto,Asfaltata,Verticale ed orizzontale,Sereno,Scarso,Buona,Ore Diurne,0,0,0,1,"1,253,174","4,194,734",True
2658221,8,17/01/2016 13:30:00,,in prossimit•À_,del civico n.,VIA DEL PONTE DI NONA,,51,,Veicolo in marcia contro ostacolo accidentale,,,,,,,,,,0,0,0,1,,,False
2659299,3,17/01/2016 13:35:00,Strada Urbana,da specificare,,Tang Est dir San Giovanni,,,ALTEZZA SACRARIO MILITARE,Scontro laterale fra veicoli in marcia,Rettilineo,Una carreggiata a senso unico di marcia,Asciutto,Asfaltata,Verticale ed orizzontale,Sereno,Normale,Buona,Ore Diurne,0,0,0,3,"1,253,074","4,190,804",True
2659135,17,17/01/2016 13:45:00,Strada Urbana,in corrispondenza,del civico n.,VIA CRESCENZIO,,14a,,Scontro frontale/laterale DX fra veicoli in marcia,Rettilineo,Una carreggiata a doppio senso,Asciutto,Acciotolata,Verticale ed orizzontale,Sereno,Scarso,Buona,Ore Diurne,1,0,0,2,"124,657","4,190,574",False
2659310,3,17/01/2016 13:50:00,Strada Urbana,da specificare,,VIA RODOLFO LANCIANI,,,FRONTE CIVICO 7,Ribaltamento senza urto contro ostacolo fisso,Rettilineo,Una carreggiata a senso unico di marcia,Asciutto,Asfaltata,Verticale ed orizzontale,Sereno,Scarso,Buona,Ore Diurne,0,0,0,2,"1,252,127","4,192,113",True
2657903,6,17/01/2016 14:30:00,Strada Urbana,da specificare,,VIA CASILINA,,,ALTEZZA CIVICO 109/A,Scontro laterale fra veicoli in marcia,Rettilineo,Una carreggiata a doppio senso,Asciutto,Asfaltata,Orizzontale,Sereno,Scarso,Buona,Ore Diurne,1,0,0,1,"1,252,232","418,887",False
2658411,7,17/01/2016 14:55:00,Strada Urbana,da specificare,,VIALE PALMIRO TOGLIATTI,,,altezza via Perlasca,Veicolo in marcia contro ostacolo accidentale,Rettilineo,Una carreggiata a senso unico di marcia,Asciutto,Asfaltata,Assente,Sereno,Normale,Buona,Ore Diurne,0,0,0,2,"1,257,412","4,190,057",True
2658237,8,17/01/2016 15:20:00,Strada Urbana,in corrispondenza,del civico n.,VIA SAN BIAGIO PLATANI,,74,,Veicolo in marcia contro ostacolo accidentale,Rettilineo,Una carreggiata a doppio senso,Asciutto,Strada pavimentata dissestata,Orizzontale,Sereno,Scarso,Buona,Ore Diurne,0,0,0,1,"1,265,126","4,186,974",True
2659965,23,17/01/2016 15:30:00,Strada Urbana,in prossimit•À_,del civico n.,VIA CRISTOFORO COLOMBO,,2224,,Veicolo in marcia contro ostacolo accidentale,Rettilineo,Pi•À_ di due carreggiate,Asciutto,Asfaltata,Orizzontale,Nuvoloso,Scarso,Buona,Ore Diurne,0,0,0,2,"1,236,503","4,175,159",False
2658155,20,17/01/2016 16:15:00,Strada Urbana,in prossimit•À_,del civico n.,VIALE DI TOR DI QUINTO,,33,,Veicolo in marcia contro veicoli in sosta,Rettilineo,Una carreggiata a doppio senso,Asciutto,Asfaltata,Verticale ed orizzontale,Sereno,Normale,Buona,Ore Diurne,0,0,0,1,"1,246,846","4,193,731",True
2658471,19,17/01/2016 17:00:00,Strada Urbana,in corrispondenza,del civico n.,VIA DELLA BALDUINA,,227,,Scontro frontale/laterale DX fra veicoli in marcia,Rettilineo,Una carreggiata a doppio senso,Asciutto,Asfaltata,Orizzontale,Sereno,Scarso,Buona,Ore Diurne,1,0,0,1,"1,243,874","4,192,322",True
2658202,13,17/01/2016 17:10:00,Strada Urbana,da specificare,,VIALE CHARLES LENORMANT,,,altezza McDonald,Tamponamento,Rotatoria,Due carreggiate,Asciutto,Asfaltata,Verticale ed orizzontale,Nuvoloso,Normale,Buona,Sufficiente,0,0,0,4,"1,232,929","4,177,281",True
2659742,1,17/01/2016 17:10:00,Strada Urbana,all'intersezione con,VIA SARDEGNA,VIA PIEMONTE,VIA SARDEGNA,,,Scontro frontale/laterale DX fra veicoli in marcia,Incrocio,Una carreggiata a senso unico di marcia,Asciutto,Asfaltata,Verticale ed orizzontale,Nuvoloso,Normale,Sufficiente,Sufficiente,0,0,0,3,,,False
2659080,17,17/01/2016 17:15:00,Strada Urbana,da specificare,,LUNGOTEVERE DEI MELLINI,,,fronte civ. 7b,Scontro laterale fra veicoli in marcia,Rettilineo,Pi•À_ di due carreggiate,Asciutto,Asfaltata,Verticale ed orizzontale,Sereno,Normale,Buona,Ore Diurne,0,0,0,3,"1,247,315","4,190,715",True
2658244,5,17/01/2016 17:35:00,Strada Urbana,all'intersezione con,VIA GIOVANNI PITTALUGA,VIA DOMENICO CUCCHIARI,VIA GIOVANNI PITTALUGA,,,Scontro frontale/laterale DX fra veicoli in marcia,Incrocio,Una carreggiata a doppio senso,Asciutto,Asfaltata,Verticale ed orizzontale,Sereno,Scarso,Buona,Sufficiente,0,0,0,3,"125,369","4,189,981",True
2658246,8,17/01/2016 17:50:00,,da specificare,,VIA DI LUNGHEZZINA,,,400 m prima inters. Via Polense,Veicolo in marcia contro ostacolo accidentale,,,,,,,,,,0,0,0,2,,,False
2658192,20,17/01/2016 18:00:00,Strada Urbana,da specificare,,VIA FLAMINIA,,,prossimit•À_ Via Achille Loria,Scontro laterale fra veicoli in marcia,Rettilineo,Una carreggiata a doppio senso,Asciutto,Asfaltata,Verticale ed orizzontale,Sereno,Normale,Sufficiente,Sufficiente,1,0,0,0,,,False
2658153,9,17/01/2016 18:00:00,,in prossimit•À_,del civico n.,VIA POMEZIA,,44,,Veicolo in marcia contro veicolo in sosta,,,,,,,,,,0,0,0,1,,,False
2658242,8,17/01/2016 18:40:00,,da specificare,,VIA DI LUNGHEZZINA,,,400 m prima inters. Via Polense,Veicolo in marcia contro ostacolo accidentale,,,,,,,,,,0,0,0,3,,,False
2658695,4,17/01/2016 19:30:00,Statale entro l'abitato,in prossimit•À_,del civico n.,VIA SALARIA,,1223,,Scontro laterale fra veicoli in marcia,Rettilineo,Due carreggiate,Asciutto,Asfaltata,Verticale ed orizzontale,Sereno,Normale,Buona,Insufficiente,0,0,0,3,"1,251,111","419,877",True
2657974,12,17/01/2016 20:25:00,Strada Urbana,in prossimit•À_,del palo luce n.,VIA CESARE FRUGONI,,7,,Scontro frontale/laterale SX fra veicoli in marcia,Curva senza visuale libera,Una carreggiata a doppio senso,Asciutto,Asfaltata,Orizzontale,Sereno,Scarso,Buona,Sufficiente,1,0,0,1,"1,246,695","4,184,107",False
2658249,5,17/01/2016 21:05:00,Strada Urbana,all'intersezione con,VIA AOSTA,VIA TARANTO,VIA AOSTA,,,Scontro frontale/laterale DX fra veicoli in marcia,Intersezione semaforizzata,Una carreggiata a doppio senso,Asciutto,Asfaltata,Verticale ed orizzontale,Sereno,Normale,Sufficiente,Sufficiente,1,0,0,1,"1,251,498","4,188,456",True
2659639,13,17/01/2016 22:00:00,Strada Urbana,in corrispondenza,del civico n.,VIA DELL'APPAGLIATORE,,5,,Veicolo in marcia contro veicoli in sosta,Rettilineo,Una carreggiata a doppio senso,Asciutto,Asfaltata,Orizzontale,Sereno,Normale,Buona,Sufficiente,0,0,0,1,"1,226,475","417,372",True