ID,Gruppo,_DataOraIncidente,_Localizzazione1,_Localizzazione2,Strada02,Strada1,Strada2,Chilometrica,DaSpecificare,_NaturaIncidente,_ParticolaritaStrade,_TipoStrada,_FondoStradale,_Pavimentazione,_Segnaletica,_CondizioneAtmosferica,_Traffico,_Visibilita,_Illuminazione,NUM_FERITI,_NUM_RISERVATA,_NUM_MORTI,_NUM_ILLESI,Longitudine,Latitudine,CONFERMATO
2667448,18,21/01/2016 12:25:00,Strada Urbana,all'intersezione con,VIA DELLE FORNACI,VIA ALCIDE DE GASPERI,VIA DELLE FORNACI,,,Veicolo in marcia contro veicolo in sosta,Incrocio,Una carreggiata a senso unico di marcia,Asciutto,Acciotolata,Orizzontale,Sereno,Scarso,Buona,Ore Diurne,0,0,0,1,"1,245,543","4,189,884",True
2663744,13,21/01/2016 12:45:00,,all'intersezione con,VIA DELLA PARANZELLA,VIA DEI BRAGOZZI,VIA DELLA PARANZELLA,,,Scontro laterale fra veicoli in marcia,,,,,,,,,,0,0,0,1,,,False
2664703,18,21/01/2016 12:50:00,,in prossimit•À_,del civico n.,VIA AURELIA,,417,,Veicolo in marcia contro veicolo in sosta,,,,,,,,,,0,0,0,1,,,False
2664289,16,21/01/2016 12:50:00,Strada Urbana,in corrispondenza,del civico n.,VIA VITELLIA,,57,,Infortunio per caduta del veicolo,Rettilineo,Una carreggiata a senso unico di marcia,Asciutto,Asfaltata,Assente,Sereno,Normale,Buona,Ore Diurne,1,0,0,1,"1,244,698","4,187,969",False
2663807,12,21/01/2016 12:55:00,Strada Urbana,da specificare,,VIALE GIORGIO RIBOTTA,,,altezza rotatoria Delogu/Stefanini,Veicolo in marcia contro ostacolo fisso,Curva a visuale libera,Una carreggiata a senso unico di marcia,Asciutto,Asfaltata,Verticale ed orizzontale,Sereno,Scarso,Buona,Ore Diurne,1,0,0,0,"1,245,446","4,181,716",False
2664200,5,21/01/2016 13:00:00,Strada Urbana,da specificare,,NUOVA CIRCONVALLAZIONE INTERNA,,,dir. S. Giovanni prox. uscita Monti Tiburtini,Veicolo in marcia contro ostacolo fisso,Rettilineo,Una carreggiata a senso unico di marcia,Asciutto,Asfaltata,Orizzontale,Sereno,Normale,Buona,Ore Diurne,1,0,0,0,,,False
2664171,18,21/01/2016 13:10:00,Strada Urbana,all'intersezione semaforizzata con,PIAZZA DI VILLA CARPEGNA,CIRCONVALLAZIONE AURELIA,PIAZZA DI VILLA CARPEGNA,,,Tamponamento,Intersezione semaforizzata,Due carreggiate,Asciutto,Asfaltata,Verticale ed orizzontale,Sereno,Normale,Buona,Ore Diurne,1,0,0,1,"124,289","4,189,575",False
2664352,4,21/01/2016 13:10:00,Strada Urbana,all'intersezione con,VIA ETTORE ROMAGNOLI,VIA CLELIA BERTINI ATTILJ,VIA ETTORE ROMAGNOLI,,,Investimento di pedone,Incrocio,Una carreggiata a senso unico di marcia,Bagnato (umidit•À_ in atto),Asfaltata,Verticale ed orizzontale,Sereno,Normale,Buona,Ore Diurne,1,0,0,1,"1,254,471","4,194,047",False
2667398,12,21/01/2016 13:20:00,Strada Urbana,all'intersezione con,VIA MATTEO BARTOLI,VIA DELLA DIVISIONE TORINO,VIA MATTEO BARTOLI,,,Scontro frontale/laterale DX fra veicoli in marcia,Intersezione stradale segnalata,Due carreggiate,Asciutto,Asfaltata,Verticale ed orizzontale,Sereno,Normale,Buona,Ore Diurne,0,0,0,2,"1,248,639","4,182,147",True
2664349,2,21/01/2016 13:32:00,Strada Urbana,in corrispondenza,del civico n.,VIA GIAMBATTISTA VICO,,44/e,,Veicolo in marcia contro veicolo fermo,Rettilineo,Una carreggiata a doppio senso,Asciutto,Asfaltata,Verticale ed orizzontale,Sereno,Intenso,Buona,Ore Diurne,0,0,0,2,"1,247,431","4,191,333",True
2663581,9,21/01/2016 14:00:00,Strada Urbana,da specificare,,VIA TOMMASO FORTIFIOCCA,,,PROSSIMITA' VIA DI VIGNA FABBRI (DIR. C. BARONIO),Scontro laterale fra veicoli in marcia,Rettilineo,Una carreggiata a doppio senso,Asciutto,Asfaltata,Verticale ed orizzontale,Sereno,Normale,Buona,Ore Diurne,0,0,0,2,"1,252,233","418,711",True
2663702,15,21/01/2016 14:05:00,Strada Urbana,in prossimit•À_,del palo luce n.,VIA DELLA PISANA,,168,,Veicolo in marcia contro ostacolo accidentale,Curva senza visuale libera,Una carreggiata a doppio senso,Asciutto,Asfaltata,Orizzontale,Sereno,Normale,Buona,Ore Diurne,0,0,0,1,"1,239,764","4,185,757",True
2663919,12,21/01/2016 14:10:00,Strada Urbana,all'intersezione semaforizzata con,VIA DEI CORAZZIERI,VIA LAURENTINA,VIA DEI CORAZZIERI,,,Investimento di pedone,Intersezione semaforizzata,Due carreggiate,Asciutto,Asfaltata,Verticale ed orizzontale,Sereno,Normale,Buona,Ore Diurne,1,0,0,3,"1,247,982","4,182,221",False
2663488,10,21/01/2016 14:25:00,Statale entro l'abitato,da specificare,,VIA TUSCOLANA,,,direzione Roma prossimit•À_ via Delitala,Scontro laterale fra veicoli in marcia,Rettilineo,Una carreggiata a senso unico di marcia,Asciutto,Asfaltata,Verticale,Sereno,Normale,Buona,Ore Diurne,0,0,0,3,"125,887","4,184,034",True
2667657,18,21/01/2016 14:30:00,Statale,da specificare,,VIA AURELIA,,,"in prossimit•À_ del civ. 12,500 direzione centro",Tamponamento,Curva a visuale libera,Una carreggiata a senso unico di marcia,Asciutto,Asfaltata,Verticale ed orizzontale,Sereno,Normale,Buona,Ore Diurne,1,0,0,2,"1,236,281","4,188,605",True
2664072,11,21/01/2016 14:30:00,Strada Urbana,in prossimit•À_,del civico n.,VIA DEL COMMERCIO,,27,,Scontro frontale fra veicoli in marcia,Rettilineo,Una carreggiata a doppio senso,Asciutto,Asfaltata,Verticale ed orizzontale,Sereno,Normale,Buona,Ore Diurne,0,0,0,3,"1,247,527","4,187,196",True
2664087,15,21/01/2016 14:40:00,Strada Urbana,da specificare,,VIA PORTUENSE,,,fronte Via di Pietrasanta,Veicolo in marcia contro ostacolo accidentale,Rettilineo,Una carreggiata a doppio senso,Asciutto,Asfaltata,Verticale ed orizzontale,Sereno,Normale,Insufficiente,Ore Diurne,0,0,0,1,"1,240,939","4,184,342",True
2664345,16,21/01/2016 14:50:00,Strada Urbana,in prossimit•À_,del civico n.,VIALE DEI QUATTRO VENTI,,186,,Scontro frontale/laterale SX fra veicoli in marcia,Rettilineo,Una carreggiata a doppio senso,Asciutto,Asfaltata,Orizzontale,Sereno,Normale,Buona,Ore Diurne,2,0,0,1,"1,245,821","418,772",False
2663709,2,21/01/2016 15:00:00,Strada Urbana,in prossimit•À_,del civico n.,PIAZZA EUCLIDE,,fr. 46,,Veicolo in marcia contro ostacolo accidentale,Curva a visuale libera,Una carreggiata a senso unico di marcia,Asciutto,Asfaltata,Verticale ed orizzontale,Sereno,Normale,Buona,Ore Diurne,1,0,0,1,"124,817","4,192,691",False
2664287,20,21/01/2016 15:00:00,Strada Urbana,all'intersezione con,VIA VALLE CORAZZA,VIA DI PONTE TRAVE,VIA VALLE CORAZZA,,,Scontro frontale fra veicoli in marcia,Incrocio,Una carreggiata a doppio senso,Bagnato (umidit•À_ in atto),Asfaltata,Orizzontale,Sereno,Scarso,Buona,Ore Diurne,1,0,0,2,,,False
2667389,12,21/01/2016 15:25:00,Strada Urbana,all'intersezione con,VIALE IGNAZIO SILONE,PIAZZALE ELSA MORANTE,VIALE IGNAZIO SILONE,,,Tamponamento,Incrocio,Una carreggiata a doppio senso,Asciutto,Asfaltata,Verticale ed orizzontale,Sereno,Normale,Buona,Ore Diurne,1,0,0,1,"124,673","4,181,338",False
2663923,12,21/01/2016 15:30:00,Statale entro l'abitato,da specificare,,VIA PONTINA NUOVA,,,"altezza Km. 12,000 (Direzione Pomezia)",Tamponamento,Rettilineo,Due carreggiate,Asciutto,Asfaltata,Verticale ed orizzontale,Sereno,Intenso,Buona,Ore Diurne,1,0,0,1,"1,245,311","4,179,512",False
2663569,6,21/01/2016 15:40:00,Strada Urbana,in corrispondenza,del civico n.,VIA PIETRO ROVETTI,,61,,Scontro laterale fra veicoli in marcia,Rettilineo,Una carreggiata a senso unico di marcia,Asciutto,Asfaltata,Orizzontale,Sereno,Normale,Buona,Ore Diurne,0,0,0,3,"1,254,424","4,187,785",True
2664468,16,21/01/2016 15:45:00,Strada Urbana,all'intersezione con,LARGO ALBERTO MISSIROLI,VIALE DEI COLLI PORTUENSI,LARGO ALBERTO MISSIROLI,,,Scontro laterale fra veicoli in marcia,Intersezione semaforizzata,Due carreggiate,Asciutto,Asfaltata,Verticale ed orizzontale,Sereno,Normale,Buona,Ore Diurne,0,0,0,3,"1,244,402","4,186,649",True
2664388,1,21/01/2016 15:55:00,Strada Urbana,da specificare,,VIA MARSALA,,,altezza SOTTOVIA CAPPELLINI,Tamponamento,Rettilineo,Una carreggiata a senso unico di marcia,Asciutto,In cubetti di porfido,Orizzontale,Sereno,Intenso,Buona,Ore Diurne,0,0,0,8,"1,250,704","4,189,936",True
2663609,10,21/01/2016 16:00:00,Strada Urbana,in prossimit•À_,del civico n.,VIA ANAGNINA,,3,,Tamponamento,Pendenza,Una carreggiata a senso unico di marcia,Asciutto,Asfaltata,Orizzontale,Sereno,Normale,Buona,Ore Diurne,1,0,0,1,"1,258,832","4,183,961",False
2664191,20,21/01/2016 16:10:00,Strada Urbana,da specificare,,CORSO DI FRANCIA,,,civico 247 carr.ta dir. Parioli,Scontro laterale fra veicoli in marcia,Rettilineo,Pi•À_ di due carreggiate,Asciutto,Asfaltata,Verticale ed orizzontale,Sereno,Intenso,Buona,Ore Diurne,1,0,0,2,,,False
2664292,4,21/01/2016 16:20:00,Strada Urbana,in corrispondenza,del civico n.,VIA DELLO SCALO DI SETTEBAGNI,,51,,Veicolo in marcia contro ostacolo accidentale,Rettilineo,Una carreggiata a doppio senso,Asciutto,Con buche,Assente,Nebbia,Intenso,Buona,Ore Diurne,0,0,0,1,"1,252,034","42,006",True
2664133,20,21/01/2016 16:25:00,Provinciale entro l'abitato,da specificare,,VIA CASSIA,,,altezza via Tomba di Nerone,Tamponamento,Rettilineo,Una carreggiata a doppio senso,Asciutto,Asfaltata,Verticale ed orizzontale,Nuvoloso,Normale,Buona,Ore Diurne,1,0,0,0,,,False
2664062,1,21/01/2016 16:25:00,Strada Urbana,in prossimit•À_,del civico n.,VIA NICOLA ZABAGLIA,,27/c,,Scontro frontale/laterale SX fra veicoli in marcia,Rettilineo,Una carreggiata a doppio senso,Asciutto,Asfaltata,Orizzontale,Sereno,Normale,Buona,Ore Diurne,1,0,0,1,"1,247,646","418,769",True
2664185,5,21/01/2016 16:30:00,,in prossimit•À_,del civico n.,VIA DI PORTONACCIO,,21 F,,Scontro laterale fra veicoli in marcia,,,,,,,,,,1,0,0,0,,,False
2664179,5,21/01/2016 16:30:00,Strada Urbana,da specificare,,VIA TIBURTINA,,,PONTE F.S.,Scontro laterale fra veicoli in marcia,Rettilineo,Una carreggiata a doppio senso,Asciutto,Asfaltata,Verticale ed orizzontale,Sereno,Normale,Buona,Ore Diurne,0,0,0,4,"1,253,344","419,082",True
2663884,13,21/01/2016 16:30:00,Strada Urbana,all'intersezione con,VIA ALBERICO CRESCITELLI,VIA PADRE MASSARUTI,VIA ALBERICO CRESCITELLI,,,Scontro frontale/laterale SX fra veicoli in marcia,Rotatoria,Una carreggiata a senso unico di marcia,Asciutto,Asfaltata,Assente,Nebbia,Intenso,Buona,Ore Diurne,1,0,0,4,"1,235,381","4,176,281",False
2663729,6,21/01/2016 16:40:00,Strada Urbana,all'intersezione con,VIA ROBERTO MALATESTA,PIAZZA DEI CONDOTTIERI,VIA ROBERTO MALATESTA,,,Scontro laterale fra veicoli in marcia,Intersezione stradale segnalata,Una carreggiata a doppio senso,Asciutto,Asfaltata,Orizzontale,Sereno,Normale,Buona,Ore Diurne,0,0,0,2,"1,253,487","4,188,765",True
2664073,8,21/01/2016 16:50:00,Provinciale,all'intersezione con,VIA DELL'ACQUA VERGINE,VIA COLLATINA,VIA DELL'ACQUA VERGINE,,,Scontro frontale/laterale SX fra veicoli in marcia,Intersezione stradale segnalata,Una carreggiata a doppio senso,Asciutto,Asfaltata,Verticale ed orizzontale,Sereno,Intenso,Buona,Ore Diurne,1,0,0,3,"1,262,703","4,190,795",True
2664042,9,21/01/2016 17:00:00,Strada Urbana,all'intersezione semaforizzata con,CIRCONVALLAZIONE APPIA,VIA SIRIA,CIRCONVALLAZIONE APPIA,,,Scontro frontale fra veicoli in marcia,Intersezione semaforizzata,Una carreggiata a doppio senso,Asciutto,Asfaltata,Verticale ed orizzontale,Sereno,Normale,Buona,Ore Diurne,1,0,0,1,"1,251,156","4,187,439",True
2664306,4,21/01/2016 17:00:00,Strada Urbana,all'intersezione con,VIA SCARPANTO,PIAZZALE JONIO,VIA SCARPANTO,,,Scontro frontale/laterale DX fra veicoli in marcia,Incrocio,Due carreggiate,Asciutto,Asfaltata,Verticale ed orizzontale,Sereno,Normale,Buona,Ore Diurne,0,0,0,4,"1,252,694","4,194,627",True
2665189,3,21/01/2016 17:10:00,Strada Urbana,da specificare,,PIAZZA BOLOGNA,,,FRONTE CIVICO 39,Scontro laterale fra veicoli in marcia,Rettilineo,Una carreggiata a senso unico di marcia,Asciutto,Asfaltata,Verticale ed orizzontale,Sereno,Normale,Sufficiente,Sufficiente,0,0,0,3,"1,252,113","4,191,336",True
2664176,8,21/01/2016 17:15:00,Strada Urbana,in corrispondenza,del civico n.,VIA ATANASIO SOLDATI,,80,,Veicolo in marcia contro ostacolo accidentale,Rettilineo,Una carreggiata a senso unico di marcia,Asciutto,Asfaltata,Verticale ed orizzontale,Sereno,Normale,Buona,Inesistente,0,0,0,2,"1,261,679","4,191,009",True
2663764,10,21/01/2016 17:25:00,Strada Urbana,in prossimit•À_,del civico n.,VIA TUSCOLANA,,1820,,Veicolo in marcia contro veicolo in sosta,Rettilineo,Una carreggiata a senso unico di marcia,Asciutto,Asfaltata,Assente,Sereno,Scarso,Buona,Sufficiente,0,0,0,1,"1,258,543","4,184,152",True
2664112,13,21/01/2016 17:25:00,,all'intersezione con,VIA ISOLE DEL CAPO VERDE,VIA DELLE BALENIERE,VIA ISOLE DEL CAPO VERDE,,,Scontro frontale/laterale SX fra veicoli in marcia,,,,,,,,,,0,0,0,2,"1,227,948","4,173,814",False
2664138,20,21/01/2016 17:30:00,Strada Urbana,da specificare,,CORSO DI FRANCIA,,,civico 235 (laterale),Veicolo in marcia contro veicolo fermo,Rettilineo,Pi•À_ di due carreggiate,Asciutto,Asfaltata,Verticale ed orizzontale,Sereno,Intenso,Buona,Ore Diurne,1,0,0,4,,,False
2664068,8,21/01/2016 17:30:00,Statale entro l'abitato,in prossimit•À_,del civico n.,VIA CASILINA,,1789/B,,Tamponamento,Rettilineo,Una carreggiata a doppio senso,Asciutto,Asfaltata,Verticale ed orizzontale,Sereno,Intenso,Buona,Sufficiente,0,0,0,2,"1,268,029","4,186,298",True
2664239,1,21/01/2016 17:55:00,Strada Urbana,in prossimit•À_,del palo luce n.,VIALE DELLE TERME DI CARACALLA,,85,,Scontro laterale fra veicoli in marcia,Rettilineo,Una carreggiata a doppio senso,Asciutto,Asfaltata,Verticale ed orizzontale,Sereno,Intenso,Buona,Sufficiente,1,0,0,1,,,False
2664221,5,21/01/2016 18:00:00,Strada Urbana,in corrispondenza,del civico n.,VIA TIBURTINA,,584,,Tamponamento,Rettilineo,Due carreggiate,Asciutto,Asfaltata,Verticale ed orizzontale,Sereno,Normale,Buona,Sufficiente,0,0,0,1,,,False
2664074,9,21/01/2016 18:15:00,Strada Urbana,da specificare,,VIA TUSCOLANA,,,fr.555,Scontro laterale fra veicoli in marcia,Rettilineo,Due carreggiate,Asciutto,Asfaltata,Orizzontale,Sereno,Intenso,Buona,Ore Diurne,1,0,0,1,,,False
2664106,7,21/01/2016 18:20:00,Strada Urbana,in corrispondenza,del civico n.,VIA DEI PIOPPI,,6,,Veicolo in marcia contro veicolo in sosta,Rettilineo,Una carreggiata a senso unico di marcia,Asciutto,Asfaltata,Assente,Sereno,Normale,Buona,Sufficiente,0,0,0,1,"1,256,739","418,773",True
2664238,19,21/01/2016 18:30:00,Strada Urbana,all'intersezione con,VIA MATTIA BATTISTINI,VIA DEL FORTE BRASCHI,VIA MATTIA BATTISTINI,,,Scontro frontale/laterale DX fra veicoli in marcia,Incrocio,Una carreggiata a doppio senso,Asciutto,Asfaltata,Verticale ed orizzontale,Sereno,Intenso,Buona,Sufficiente,0,0,0,4,"1,242,092","4,191,438",True
2665949,23,21/01/2016 18:40:00,Strada Urbana,all'intersezione semaforizzata con,VIA AOSTA,VIA TARANTO,VIA AOSTA,,,Scontro frontale/laterale SX fra veicoli in marcia,Intersezione semaforizzata,Una carreggiata a doppio senso,Asciutto,Asfaltata,Verticale ed orizzontale,Sereno,Normale,Buona,Sufficiente,0,0,0,2,"1,251,721","41,884",True
2664139,8,21/01/2016 18:40:00,Strada Urbana,da specificare,,VIA COLLATINA,,,50 m prima Via Rosatelli dir. Via Cerquete,Veicolo in marcia contro ostacolo accidentale,Rettilineo,Una carreggiata a doppio senso,Asciutto,Con buche,Verticale ed orizzontale,Sereno,Normale,Insufficiente,Insufficiente,0,0,0,1,"1,265,225","4,191,856",True
2664032,11,21/01/2016 18:40:00,Strada Urbana,da specificare,,VIA CRISTOFORO COLOMBO,,,prossimit•À_ Via Genocchi,Tamponamento,Rettilineo,Pi•À_ di due carreggiate,Asciutto,Asfaltata,Verticale ed orizzontale,Sereno,Intenso,Buona,Sufficiente,1,0,0,1,"1,249,609","4,185,892",True
2664243,19,21/01/2016 18:45:00,Strada Urbana,in corrispondenza,del civico n.,VIA DI TORREVECCHIA,,497,,Scontro frontale/laterale SX fra veicoli in marcia,Rettilineo,Una carreggiata a doppio senso,Asciutto,Asfaltata,Verticale ed orizzontale,Sereno,Intenso,Buona,Sufficiente,1,0,0,1,"1,241,327","4,192,431",True
2663932,12,21/01/2016 18:50:00,Statale entro l'abitato,da specificare,,VIA PONTINA NUOVA,,,altezza uscita Tor d•À_ Cenci (Direzione Centro),Scontro laterale fra veicoli in marcia,Pendenza,Due carreggiate,Asciutto,Asfaltata,Verticale ed orizzontale,Sereno,Normale,Insufficiente,Insufficiente,0,0,0,3,"1,244,433","4,177,316",True
2664340,20,21/01/2016 19:15:00,Strada Urbana,in prossimit•À_,del civico n.,VIALE JONIO,,330,,Investimento di pedone,Rettilineo,Due carreggiate,Asciutto,Asfaltata,Verticale ed orizzontale,Nuvoloso,Scarso,Buona,Sufficiente,1,0,0,0,,,False
2665179,3,21/01/2016 19:15:00,Strada Urbana,all'intersezione con,VIA GIOVANNI SEVERANO,VIALE VENTUNO APRILE,VIA GIOVANNI SEVERANO,,,Scontro frontale/laterale DX fra veicoli in marcia,Intersezione non regolata/non segnalata,Una carreggiata a doppio senso,Asciutto,Asfaltata,Verticale ed orizzontale,Sereno,Normale,Buona,Sufficiente,1,0,0,2,"1,252,048","4,191,441",True
2664080,8,21/01/2016 19:30:00,,da specificare,,VIA TORRE DI MEZZAVIA,,,INTERSEZIONE VIA CESARE PALOCCO,Scontro laterale fra veicoli in marcia,,,,,,,,,,2,0,0,1,"1,259,528","4,183,753",False
2664192,5,21/01/2016 20:00:00,Strada Urbana,da specificare,,VIA TIBURTINA,,,direzione Centro altezza uscita N.C.I.,Veicolo in marcia contro ostacolo accidentale,Rettilineo,Una carreggiata a doppio senso,Asciutto,Asfaltata,Verticale ed orizzontale,Sereno,Normale,Sufficiente,Sufficiente,0,0,0,1,"1,247,064","41,925",True
2664343,2,21/01/2016 20:15:00,Strada Urbana,in prossimit•À_,del civico n.,VIALE PARIOLI,,103c,,Veicolo in marcia contro veicolo in sosta,Curva a visuale libera,Una carreggiata a doppio senso,Asciutto,Asfaltata,Verticale ed orizzontale,Sereno,Intenso,Buona,Sufficiente,0,0,0,3,"1,248,544","4,192,946",True
2664324,1,21/01/2016 20:40:00,Strada Urbana,in prossimit•À_,del civico n.,PIAZZA VITTORIO EMANUELE II,,121,,Scontro laterale fra veicoli in marcia,Rettilineo,Una carreggiata a doppio senso,Asciutto,Asfaltata,Verticale ed orizzontale,Sereno,Normale,Sufficiente,Sufficiente,0,0,0,3,,,False
2664258,19,21/01/2016 21:00:00,Strada Urbana,in corrispondenza,del civico n.,VIA TEODOLFO MERTEL,,38,,Investimento di pedone,Rettilineo,Una carreggiata a senso unico di marcia,Asciutto,Asfaltata,Assente,Sereno,Scarso,Buona,Sufficiente,1,0,0,1,"1,241,994","4,190,222",True
2664346,2,21/01/2016 21:00:00,,da specificare,,VIALE DEL FORO ITALICO,,,pross. rampa uscita VIA DEI CAMPI SPORTIVI,Tamponamento Multiplo,,,,,,,,,,1,0,0,2,,,False
2664209,19,21/01/2016 21:30:00,Strada Urbana,in corrispondenza,del civico n.,VIA FILIPPO NICOLAI,,18 B,,Veicolo in marcia contro veicolo in sosta,Rettilineo,Una carreggiata a senso unico di marcia,Asciutto,Asfaltata,Orizzontale,Sereno,Scarso,Buona,Sufficiente,0,0,0,1,"1,244,111","4,191,449",True
2668806,13,21/01/2016 22:30:00,,all'intersezione con,VIA DEL CANALE DELLA LINGUA,VIA CRISTOFORO COLOMBO,VIA DEL CANALE DELLA LINGUA,,,Scontro laterale fra veicoli in marcia,,,,,,,,,,0,0,0,1,,,False
2665095,9,22/01/2016 00:25:00,,all'intersezione semaforizzata con,VIA LICIA,VIA GALLIA,VIA LICIA,,,Scontro laterale fra veicoli in marcia,,,,,,,,,,0,0,0,2,"1,250,286","4,188,119",False
2665544,17,22/01/2016 01:00:00,Statale,in corrispondenza,della chilometrica,VIA AURELIA,,9.7,,Veicolo in marcia contro ostacolo fisso,Pendenza,Due carreggiate,Bagnato (umidit•À_ in atto),Asfaltata,Verticale ed orizzontale,Nuvoloso,Scarso,Insufficiente,Inesistente,1,0,0,0,"124,138","4,189,218",True
2664427,4,22/01/2016 02:00:00,Strada Urbana,in prossimit•À_,del civico n.,PIAZZA CAPRI,,31,,Veicolo in marcia contro veicoli in sosta,Rettilineo,Due carreggiate,Asciutto,Asfaltata,Verticale ed orizzontale,Sereno,Scarso,Buona,Ore Diurne,0,0,0,1,"9,644","45,397",True
2665905,2,22/01/2016 03:30:00,Strada Urbana,in corrispondenza,del civico n.,PIAZZA DALMAZIA,,10,,Veicolo in marcia contro veicoli in sosta,Rotatoria,Una carreggiata a doppio senso,Asciutto,Asfaltata,Verticale ed orizzontale,Sereno,Scarso,Buona,Sufficiente,0,0,0,0,"1,250,536","4,191,554",True
2665110,9,22/01/2016 04:30:00,Strada Urbana,da specificare,,VIA ELENIANA,,,PROSSIMITA' P.ZA S. CROCE IN GERUSALEMME,Veicolo in marcia contro veicolo in sosta,Rettilineo,Due carreggiate,Asciutto,Asfaltata,Verticale ed orizzontale,Sereno,Scarso,Buona,Sufficiente,0,0,0,1,"1,251,518","418,896",True
2667770,3,22/01/2016 04:30:00,Strada Urbana,all'intersezione semaforizzata con,VIALE DELL'UNIVERSITA',VIALE DELLE SCIENZE,VIALE DELL'UNIVERSITA',,,Veicolo in marcia contro ostacolo fisso,Intersezione semaforizzata,Due carreggiate,Asciutto,Asfaltata,Verticale ed orizzontale,Sereno,Normale,Buona,Sufficiente,0,0,0,1,"1,251,092","4,190,396",True
2667406,5,22/01/2016 05:35:00,Strada Urbana,da specificare,,VIA DELLE CASE ROSSE,,,PROSSIMITA' VIA DI SALONE,Scontro frontale/laterale SX fra veicoli in marcia,Rettilineo,Una carreggiata a doppio senso,Asciutto,Asfaltata,Verticale ed orizzontale,Sereno,Normale,Buona,Sufficiente,1,0,0,1,"1,263,027","4,192,577",False
2664438,1,22/01/2016 07:05:00,Strada Urbana,all'intersezione con,VIA ANNIA,VIA OSTILIA,VIA ANNIA,,,Investimento di pedone,Intersezione stradale segnalata,Una carreggiata a senso unico di marcia,Asciutto,Asfaltata,Verticale,Sereno,Scarso,Buona,Ore Diurne,1,0,0,1,"1,249,479","4,188,781",True
2664244,6,22/01/2016 07:40:00,Statale entro l'abitato,all'intersezione con,VIA DI VILLA SERVENTI,VIA CASILINA,VIA DI VILLA SERVENTI,,,Scontro frontale fra veicoli in marcia,Incrocio,Una carreggiata a doppio senso,Asciutto,Asfaltata,Orizzontale,Sereno,Normale,Buona,Ore Diurne,1,0,0,1,"1,253,014","4,188,483",True
2665467,8,22/01/2016 08:00:00,Strada Urbana,in prossimit•À_,del civico n.,VIA PIETRASECCA,,4,,Scontro laterale fra veicoli in marcia,Rettilineo,Una carreggiata a senso unico di marcia,Asciutto,Asfaltata,Verticale ed orizzontale,Sereno,Normale,Buona,Ore Diurne,0,0,0,2,"1,268,804","4,191,138",True
2664739,12,22/01/2016 08:00:00,Strada Urbana,in corrispondenza,del civico n.,VIALE DEGLI EROI DI RODI,,228,,Tamponamento,Rettilineo,Una carreggiata a senso unico di marcia,Asciutto,Asfaltata,Verticale ed orizzontale,Sereno,Normale,Buona,Ore Diurne,0,0,0,2,"1,243,571","4,178,345",True
2664397,19,22/01/2016 08:00:00,Strada Urbana,in prossimit•À_,del civico n.,VIA LODOVICO JACOBINI,,6,,Scontro laterale fra veicoli in marcia,Rettilineo,Una carreggiata a senso unico di marcia,Asciutto,Asfaltata,Orizzontale,Sereno,Scarso,Buona,Ore Diurne,0,0,0,2,"124,145","4,192,013",True
2665549,17,22/01/2016 08:05:00,Strada Urbana,in corrispondenza,del civico n.,PIAZZA DEL RISORGIMENTO,,39,,Scontro laterale fra veicoli in marcia,Rettilineo,Pi•À_ di due carreggiate,Asciutto,Asfaltata,Verticale ed orizzontale,Sereno,Normale,Buona,Ore Diurne,1,0,0,1,"1,245,862","419,064",False
2667431,5,22/01/2016 08:15:00,Strada Urbana,da specificare,,VIA DI MARCO SIMONE,,,PROSSIMITA' FRONTE CIVICO 68,Veicolo in marcia contro ostacolo accidentale,Rettilineo,Una carreggiata a doppio senso,Asciutto,Asfaltata,Orizzontale,Sereno,Normale,Buona,Ore Diurne,0,0,0,1,"1,264,352","4,195,616",True
2665453,11,22/01/2016 08:30:00,,da specificare,,VIA LAURENTINA,,,prossimit•À_ VIA C. COLOMBO alt. palo Acea n. 28,Scontro frontale fra veicoli in marcia,,,,,,,,,,1,0,0,1,,,False
2665145,10,22/01/2016 08:30:00,Strada Urbana,in corrispondenza,del civico n.,VIALE BRUNO PELIZZI,,145,,Scontro frontale/laterale SX fra veicoli in marcia,Rettilineo,Una carreggiata a doppio senso,Asciutto,Asfaltata,Verticale ed orizzontale,Sereno,Normale,Buona,Ore Diurne,0,0,0,2,"1,257,963","4,185,934",True
2669001,4,22/01/2016 08:30:00,Strada Urbana,da specificare,,LARGO MARLIANA,,,altezza via Podenzana,Veicolo in marcia contro veicolo in sosta,Rettilineo,Due carreggiate,Asciutto,Asfaltata,Assente,Sereno,Scarso,Buona,Ore Diurne,0,0,0,1,"1,251,898","4,195,706",True
2665481,15,22/01/2016 08:45:00,Strada Urbana,all'intersezione semaforizzata con,LUNGOTEVERE DI PIETRA PAPA,PIAZZA AUGUSTO RIGHI,LUNGOTEVERE DI PIETRA PAPA,,,Scontro frontale/laterale DX fra veicoli in marcia,Intersezione stradale segnalata,Due carreggiate,Asciutto,Asfaltata,Orizzontale,Sereno,Normale,Buona,Ore Diurne,0,0,0,3,"1,247,007","4,186,179",True