ID,Gruppo,_DataOraIncidente,_Localizzazione1,_Localizzazione2,Strada02,Strada1,Strada2,Chilometrica,DaSpecificare,_NaturaIncidente,_ParticolaritaStrade,_TipoStrada,_FondoStradale,_Pavimentazione,_Segnaletica,_CondizioneAtmosferica,_Traffico,_Visibilita,_Illuminazione,NUM_FERITI,_NUM_RISERVATA,_NUM_MORTI,_NUM_ILLESI,Longitudine,Latitudine,CONFERMATO
2664674,11,22/01/2016 08:50:00,Strada Urbana,all'intersezione semaforizzata con,VIA ROSA GUARNIERI CARDUCCI,VIA CRISTOFORO COLOMBO,VIA ROSA GUARNIERI CARDUCCI,,,Scontro frontale/laterale SX fra veicoli in marcia,Intersezione stradale segnalata,Pi•À_ di due carreggiate,Asciutto,Asfaltata,Verticale ed orizzontale,Sereno,Intenso,Buona,Ore Diurne,0,1,0,3,"1,249,283","4,185,624",False
2664442,6,22/01/2016 08:50:00,Strada Urbana,in corrispondenza,del civico n.,VIA DI TOR PIGNATTARA,,95,,Scontro frontale/laterale SX fra veicoli in marcia,Rettilineo,Una carreggiata a doppio senso,Asciutto,Asfaltata,Orizzontale,Sereno,Intenso,Buona,Ore Diurne,0,0,0,3,"1,254,181","4,187,777",True
2667434,5,22/01/2016 09:20:00,Strada Urbana,da specificare,,VIA DI MARCO SIMONE,,,PROSSIMITA' FRONTE CIVICO 68,Veicolo in marcia contro ostacolo accidentale,Rettilineo,Una carreggiata a doppio senso,Asciutto,Asfaltata,Orizzontale,Sereno,Scarso,Buona,Ore Diurne,0,0,0,1,"1,264,356","4,195,651",True
2665489,15,22/01/2016 09:30:00,Strada Urbana,da specificare,,VIALE GAETANO ARTURO CROCCO,,,fronte civico 49,Veicolo in marcia contro ostacolo fisso,Rettilineo,Una carreggiata a doppio senso,Asciutto,Asfaltata,Orizzontale,Sereno,Scarso,Buona,Ore Diurne,0,0,0,1,"1,239,629","4,182,367",True
2664746,12,22/01/2016 09:50:00,Strada Urbana,da specificare,,VIALE AFRICA,,,altezza viale dell'Arte,Infortunio per caduta del veicolo,Rettilineo,Una carreggiata a doppio senso,Asciutto,Asfaltata,Verticale ed orizzontale,Sereno,Scarso,Buona,Ore Diurne,1,0,0,0,"1,247,231","4,182,543",False
2664506,6,22/01/2016 10:00:00,Strada Urbana,in corrispondenza,del civico n.,VIA DEGLI ANGELI,,145,,Tamponamento Multiplo,Rettilineo,Una carreggiata a doppio senso,Asciutto,Asfaltata,Orizzontale,Sereno,Normale,Buona,Ore Diurne,1,0,0,2,"1,254,528","4,187,261",True
2665471,8,22/01/2016 10:00:00,Strada Urbana,all'intersezione con,VIA ROCCALUMERA,VIA BORGHESIANA,VIA ROCCALUMERA,,,Scontro frontale/laterale SX fra veicoli in marcia,Incrocio,Una carreggiata a doppio senso,Asciutto,Asfaltata,Verticale ed orizzontale,Sereno,Normale,Buona,Ore Diurne,0,0,0,4,"1,266,845","4,188,294",True
2664610,6,22/01/2016 10:00:00,Strada Urbana,all'intersezione con,VIA LABICO,VIA POLICASTRO,VIA LABICO,,,Veicolo in marcia contro veicoli in sosta,Intersezione non regolata/non segnalata,Una carreggiata a doppio senso,Asciutto,Asfaltata,Verticale,Sereno,Normale,Buona,Ore Diurne,0,0,0,1,"1,254,531","4,188,249",True
2667866,16,22/01/2016 10:15:00,Strada Urbana,in corrispondenza,del civico n.,VIA ANTONIO BENNICELLI,,29,,Scontro frontale/laterale DX fra veicoli in marcia,Rettilineo,Una carreggiata a senso unico di marcia,Asciutto,Asfaltata,Assente,Sereno,Normale,Buona,Ore Diurne,1,0,0,1,,,False
2665472,8,22/01/2016 10:20:00,Strada Urbana,all'intersezione semaforizzata con,VIALE ANTONIO CIAMARRA,VIA DEL FOSSO DI S. MAURA,VIALE ANTONIO CIAMARRA,,,Scontro laterale fra veicoli in marcia,Intersezione semaforizzata,Due carreggiate,Asciutto,Asfaltata,Verticale ed orizzontale,Sereno,Normale,Buona,Ore Diurne,0,0,0,2,"1,259,148","4,185,877",True
2665460,11,22/01/2016 10:30:00,Provinciale,in corrispondenza,del civico n.,VIA ARDEATINA,,132,,Tamponamento,Rettilineo,Una carreggiata a doppio senso,Asciutto,Asfaltata,Verticale ed orizzontale,Sereno,Scarso,Buona,Ore Diurne,0,0,0,3,"1,250,466","4,186,167",True
2664683,13,22/01/2016 10:50:00,Strada Urbana,all'intersezione con,VIA GIUSEPPE MOLTENI,VIA DI MACCHIA SAPONARA,VIA GIUSEPPE MOLTENI,,,Scontro frontale/laterale DX fra veicoli in marcia,Incrocio,Una carreggiata a doppio senso,Asciutto,Asfaltata,Verticale,Sereno,Normale,Buona,Ore Diurne,0,0,0,3,"1,235,779","4,176,722",True
2664653,20,22/01/2016 11:00:00,Strada Urbana,in prossimit•À_,del civico n.,VIA BARBARANO ROMANO,,15,,Tamponamento,Rettilineo,Una carreggiata a doppio senso,Asciutto,Asfaltata,Assente,Sereno,Normale,Buona,Ore Diurne,0,0,0,2,"1,242,574","4,197,928",True
2667325,7,22/01/2016 11:05:00,Strada Urbana,all'intersezione con,VIA DELLE ROSE,VIA DELLE BETULLE,VIA DELLE ROSE,,,Scontro frontale/laterale DX fra veicoli in marcia,Incrocio,Una carreggiata a senso unico di marcia,Asciutto,Asfaltata,Verticale ed orizzontale,Nuvoloso,Normale,Buona,Ore Diurne,0,0,0,2,,,False
2665556,1,22/01/2016 11:20:00,Strada Urbana,all'intersezione semaforizzata con,VIALE DELLE TERME DI CARACALLA,PIAZZA DI PORTA CAPENA,VIALE DELLE TERME DI CARACALLA,,,Scontro laterale fra veicoli in marcia,Intersezione semaforizzata,Una carreggiata a doppio senso,Asciutto,Asfaltata,Verticale ed orizzontale,Nebbia,Normale,Buona,Ore Diurne,1,0,0,1,"1,248,946","4,188,471",True
2667451,5,22/01/2016 11:20:00,Strada Urbana,da specificare,,VIA BELMONTE IN SABINA,,,DIREZIONE PALOMBARESE 30 MT OLTRE LO SVINCOLO G.R.,Tamponamento,Rettilineo,Due carreggiate,Asciutto,Asfaltata,Orizzontale,Sereno,Normale,Buona,Ore Diurne,0,0,0,2,"1,259,336","4,194,623",True
2664757,12,22/01/2016 11:45:00,Strada Urbana,da specificare,,PIAZZA GUGLIELMO MARCONI,,,altezza via Chopin,Scontro frontale/laterale SX fra veicoli in marcia,Rotatoria,Una carreggiata a senso unico di marcia,Asciutto,Asfaltata,Orizzontale,Sereno,Normale,Buona,Ore Diurne,0,0,0,2,"1,246,946","4,183,398",True
2664641,6,22/01/2016 11:45:00,Provinciale entro l'abitato,da specificare,,VIA PRENESTINA,,,fermata Prenestina Officine ATAC,Investimento di pedone,Rettilineo,Pi•À_ di due carreggiate,Asciutto,Asfaltata,Orizzontale,Sereno,Normale,Buona,Ore Diurne,1,0,0,1,"125,248","4,189,109",True
2665596,1,22/01/2016 11:50:00,Strada Urbana,in corrispondenza,del civico n.,PIAZZA FARNESE,,43,,Investimento di pedone,Rettilineo,Una carreggiata a doppio senso,Asciutto,In cubetti di porfido,Verticale,Nuvoloso,Scarso,Buona,Ore Diurne,2,0,0,1,"1,247,125","4,189,505",False
2667458,4,22/01/2016 12:00:00,Strada Urbana,in prossimit•À_,del civico n.,VIA RAPAGNANO,,12/A,,Scontro laterale fra veicoli in marcia,Rettilineo,Una carreggiata a senso unico di marcia,Asciutto,Asfaltata,Verticale ed orizzontale,Sereno,Normale,Buona,Ore Diurne,0,0,0,2,"1,251,335","4,198,388",True
2664725,10,22/01/2016 12:10:00,Comunale extraurbana,in prossimit•À_,del civico n.,CIRCONVALLAZIONE ORIENTALE,,4687,,Tamponamento Multiplo,Rettilineo,Pi•À_ di due carreggiate,Asciutto,Asfaltata,Orizzontale,Sereno,Normale,Buona,Ore Diurne,2,0,0,1,"1,258,441","4,182,827",False
2665452,11,22/01/2016 12:15:00,Strada Urbana,da specificare,,VIA ALESSIO BALDOVINETTI,,,prossimit•À_ Largo del Bronzino,Infortunio per caduta del veicolo,Rettilineo,Una carreggiata a doppio senso,Asciutto,Asfaltata,Verticale ed orizzontale,Sereno,Normale,Buona,Ore Diurne,0,0,0,2,"1,249,448","4,183,106",True
2664705,9,22/01/2016 12:15:00,Strada Urbana,in corrispondenza,del civico n.,VIA TUSCOLANA,,652,,Scontro laterale fra veicoli in marcia,Rettilineo,Due carreggiate,Asciutto,Asfaltata,Assente,Sereno,Normale,Buona,Ore Diurne,0,0,0,3,,,False
2665157,10,22/01/2016 12:15:00,Strada Urbana,all'intersezione con,VIA ENZO BENEDETTO,VIA MARIO BROGLIO,VIA ENZO BENEDETTO,,,Scontro frontale/laterale SX fra veicoli in marcia,Incrocio,Una carreggiata a doppio senso,Asciutto,Asfaltata,Verticale ed orizzontale,Nebbia,Normale,Buona,Ore Diurne,0,0,0,3,"1,258,077","4,183,346",True
2667755,1,22/01/2016 12:20:00,Strada Urbana,in corrispondenza,del civico n.,VIA DELL'ESQUILINO,,40,,Veicolo in marcia contro veicolo in sosta,Rettilineo,Una carreggiata a senso unico alternato,,Asfaltata,Verticale ed orizzontale,,Scarso,Buona,Ore Diurne,0,0,0,0,,,False
2667453,5,22/01/2016 12:30:00,Strada Urbana,da specificare,,VIA DIEGO FABBRI,,,PROSSIMITA' VIA NOMENTANA,Tamponamento,Rettilineo,Una carreggiata a doppio senso,Asciutto,Asfaltata,Orizzontale,Sereno,Normale,Buona,Ore Diurne,1,0,0,2,,,False
2671201,18,22/01/2016 12:50:00,Strada Urbana,da specificare,,VIA AURELIA ANTICA,,,ALTEZZA LARGO DON LUIGI GUANELLA,Tamponamento,Rettilineo,Una carreggiata a doppio senso,Asciutto,Asfaltata,Verticale ed orizzontale,Sereno,Normale,Buona,Ore Diurne,0,0,0,2,"1,242,159","4,188,849",True
2665474,8,22/01/2016 13:00:00,,all'intersezione con,VIA CRACOVIA,VIA DI PASSOLOMBARDO,VIA CRACOVIA,,,Scontro frontale/laterale SX fra veicoli in marcia,,,,,,,,,,1,0,0,2,"12,627","4,185,101",False
2668051,16,22/01/2016 13:00:00,Strada Urbana,all'intersezione semaforizzata con,VIA GIUSEPPE PARINI,VIALE DI TRASTEVERE,VIA GIUSEPPE PARINI,,,Scontro frontale/laterale DX fra veicoli in marcia,Intersezione semaforizzata,Pi•À_ di due carreggiate,Asciutto,Asfaltata,Verticale ed orizzontale,Sereno,Normale,Buona,Ore Diurne,1,0,0,1,"1,246,776","4,188,147",False
2666141,12,22/01/2016 13:10:00,Strada Urbana,all'intersezione con,VIA TIBERIADE,VIALE DEI PRIMATI SPORTIVI,VIA TIBERIADE,,,Scontro laterale fra veicoli in marcia,Incrocio,Una carreggiata a doppio senso,Asciutto,Asfaltata,Verticale ed orizzontale,Sereno,Normale,Buona,Ore Diurne,1,0,0,1,"1,245,809","4,182,852",False
2665498,15,22/01/2016 13:10:00,Strada Urbana,in corrispondenza,del civico n.,VIA DEL MONTE DELLE PICHE,,1,,Scontro laterale fra veicoli in marcia,Rettilineo,Una carreggiata a doppio senso,Asciutto,Asfaltata,Assente,Nuvoloso,Scarso,Buona,Ore Diurne,0,0,0,2,"1,242,118","4,183,391",True
2666185,12,22/01/2016 13:28:00,Provinciale entro l'abitato,in corrispondenza,del civico n.,VIA LAURENTINA,,630,,Scontro frontale/laterale DX fra veicoli in marcia,Rettilineo,Due carreggiate,Asciutto,Asfaltata,Verticale ed orizzontale,Sereno,Intenso,Buona,Ore Diurne,1,0,0,3,"1,248,082","4,182,091",False
2665222,7,22/01/2016 13:30:00,Strada Urbana,in prossimit•À_,del civico n.,VIA DEI GELSI,,50,,Scontro laterale fra veicoli in marcia,Rettilineo,Una carreggiata a doppio senso,Asciutto,Asfaltata,Orizzontale,Sereno,Normale,Buona,Ore Diurne,0,0,0,2,"1,256,654","4,188,866",True
2664940,9,22/01/2016 13:30:00,Strada Urbana,in corrispondenza,del civico n.,VIA TARANTO,,10,,Scontro laterale fra veicoli in marcia,Rettilineo,Due carreggiate,Asciutto,Asfaltata,Assente,Sereno,Normale,Buona,Ore Diurne,0,0,0,3,"1,251,283","4,188,495",True
2665572,17,22/01/2016 13:40:00,Strada Urbana,da specificare,,PIAZZA ADRIANA,,,fr. civ. 4,Scontro laterale fra veicoli in marcia,Rettilineo,Una carreggiata a senso unico di marcia,Asciutto,Asfaltata,Verticale ed orizzontale,Nuvoloso,Normale,Buona,Ore Diurne,0,0,0,4,"1,246,727","4,190,469",True
2665610,1,22/01/2016 13:55:00,Strada Urbana,in prossimit•À_,del civico n.,VIA CARLO ALBERTO,,28,,Veicolo in marcia contro veicolo in sosta,Rettilineo,Una carreggiata a doppio senso,Asciutto,Acciotolata,Orizzontale,Sereno,Normale,Buona,Ore Diurne,0,0,0,1,,,False
2665578,20,22/01/2016 14:08:00,Strada Urbana,da specificare,,VIA DEL FORO ITALICO,,,direzione Salaria civ.909,Tamponamento Multiplo,Rettilineo,Due carreggiate,Asciutto,Asfaltata,Verticale ed orizzontale,Sereno,Intenso,Buona,Ore Diurne,3,0,0,3,,,False
2668070,16,22/01/2016 14:30:00,Strada Urbana,in corrispondenza,del civico n.,VIALE DI TRASTEVERE,,148,,Tamponamento Multiplo,Rettilineo,Pi•À_ di due carreggiate,Asciutto,Asfaltata,Verticale ed orizzontale,Sereno,Normale,Buona,Ore Diurne,1,0,0,3,,,False
2664962,2,22/01/2016 14:45:00,Strada Urbana,all'intersezione semaforizzata con,VIA ASMARA,VIA NOMENTANA,VIA ASMARA,,,Veicolo in marcia contro veicoli in arresto,Intersezione semaforizzata,Pi•À_ di due carreggiate,Asciutto,Asfaltata,Verticale ed orizzontale,Sereno,Normale,Buona,Ore Diurne,1,0,0,4,,,False
2665483,8,22/01/2016 15:00:00,,in prossimit•À_,del palo luce n.,VIALE DI TORRE MAURA,,20,,Veicolo in marcia contro ostacolo accidentale,,,,,,,,,,0,0,0,1,,,False
2667432,4,22/01/2016 15:10:00,Provinciale,da specificare,,VIA NOMENTANA,,,prossimit•À_ civico 1141/A,Investimento di pedone,Rettilineo,Una carreggiata a doppio senso,Asciutto,Asfaltata,Verticale ed orizzontale,Sereno,Normale,Buona,Ore Diurne,1,0,0,1,"1,257,524","4,195,463",False
2665878,2,22/01/2016 15:10:00,,in corrispondenza,del civico n.,VIA GUIDO RENI,,24,,Scontro laterale fra veicoli in marcia,,,,,,,,,,2,0,0,1,,,False
2664991,10,22/01/2016 15:10:00,Strada Urbana,all'intersezione semaforizzata con,VIA CALPURNIO FIAMMA,VIA TUSCOLANA,VIA CALPURNIO FIAMMA,,,Scontro frontale/laterale SX fra veicoli in marcia,Intersezione semaforizzata,Due carreggiate,Asciutto,Asfaltata,Verticale ed orizzontale,Sereno,Normale,Buona,Ore Diurne,1,0,0,1,"12,559","4,185,877",True
2665629,1,22/01/2016 15:30:00,Strada Urbana,all'intersezione con,PIAZZA DI S. CLEMENTE,VIA DI S. GIOVANNI IN LATERANO,PIAZZA DI S. CLEMENTE,,,Scontro frontale/laterale DX fra veicoli in marcia,Incrocio,Una carreggiata a senso unico di marcia,Asciutto,Acciotolata,Verticale ed orizzontale,Sereno,Normale,Buona,Ore Diurne,0,0,0,2,"124,981","4,188,894",True
2671109,18,22/01/2016 15:45:00,Strada Urbana,da specificare,,VIA GIAMBATTISTA PAGANO,,,prossimita' civico 70,Scontro laterale fra veicoli in marcia,Rettilineo,Una carreggiata a senso unico di marcia,Asciutto,Asfaltata,Verticale ed orizzontale,Sereno,Scarso,Buona,Ore Diurne,0,0,0,3,"1,242,398","4,190,108",False
2671549,18,22/01/2016 16:00:00,Strada Urbana,in corrispondenza,del civico n.,VIA BALDO DEGLI UBALDI,,216,,Scontro laterale fra veicoli in marcia,Rettilineo,Due carreggiate,Asciutto,Asfaltata,Verticale,Sereno,Normale,Buona,Ore Diurne,0,0,0,3,"1,243,695","4,189,995",False
2665526,20,22/01/2016 16:00:00,Strada Urbana,in prossimit•À_,del civico n.,VIA DI VIGNA STELLUTI,,40,,Veicolo in marcia contro veicolo in sosta,Rettilineo,Una carreggiata a doppio senso,Asciutto,Asfaltata,Orizzontale,Sereno,Intenso,Buona,Ore Diurne,1,0,0,1,,,False
2667485,12,22/01/2016 16:15:00,Strada Urbana,in prossimit•À_,del civico n.,VIALE DELLA CIVILTA' DEL LAVORO,,70,,Scontro frontale/laterale DX fra veicoli in marcia,Rettilineo,Una carreggiata a doppio senso,Asciutto,Asfaltata,Verticale ed orizzontale,Nuvoloso,Intenso,Buona,Ore Diurne,0,0,0,1,"1,247,067","4,183,514",True
2665218,7,22/01/2016 16:15:00,Strada Urbana,in prossimit•À_,del civico n.,VIA DEL GRANO,,62,,Scontro laterale fra veicoli in marcia,Rettilineo,Una carreggiata a senso unico di marcia,Asciutto,Asfaltata,Assente,Nuvoloso,Scarso,Buona,Ore Diurne,0,0,0,2,"1,257,605","4,187,642",True
2665485,8,22/01/2016 16:50:00,Strada Urbana,da specificare,,VIALE DI TORRE MAURA,,,pross. inters. Via di Torre Spaccata,Veicolo in marcia contro ostacolo accidentale,Rettilineo,Due carreggiate,Asciutto,Con buche,Verticale ed orizzontale,Nuvoloso,Normale,Sufficiente,Ore Diurne,0,0,0,1,"1,259,217","4,186,022",True
2667834,13,22/01/2016 16:50:00,Strada Urbana,da specificare,,VIA ERMANNO WOLF FERRARI,,,altezza via c. colombo,Tamponamento,Rettilineo,Una carreggiata a doppio senso,Asciutto,Asfaltata,Verticale ed orizzontale,Sereno,Intenso,Buona,Ore Diurne,0,0,0,4,"1,237,022","4,175,435",True
2666215,12,22/01/2016 17:00:00,Provinciale,da specificare,,VIA PONTINA,,,"(dir. Roma) altezza KM 14,800",Scontro laterale fra veicoli in marcia,Rettilineo,Pi•À_ di due carreggiate,Asciutto,Asfaltata,Verticale ed orizzontale,Sereno,Intenso,Buona,Ore Diurne,0,0,0,2,"1,245,106","4,179,235",True
2665241,10,22/01/2016 17:00:00,Strada Urbana,all'intersezione con,VIA LEMONIA,VIA VALERIO PUBLICOLA,VIA LEMONIA,,,Investimento di pedone,Intersezione stradale segnalata,Due carreggiate,Asciutto,Asfaltata,Verticale ed orizzontale,Sereno,Normale,Sufficiente,Ore Diurne,1,0,0,1,"1,255,524","4,185,506",False
2665167,18,22/01/2016 17:15:00,Statale entro l'abitato,in prossimit•À_,della chilometrica,VIA AURELIA,,7.9,,Tamponamento Multiplo,Rettilineo,Due carreggiate,Asciutto,Asfaltata,Verticale ed orizzontale,Sereno,Intenso,Sufficiente,Sufficiente,4,0,0,5,"1,240,743","4,188,883",True
2667471,7,22/01/2016 17:25:00,Strada Urbana,in corrispondenza,del civico n.,VIA DELL'OMO,,122,,Scontro laterale fra veicoli in marcia,Rettilineo,Una carreggiata a senso unico di marcia,Asciutto,Asfaltata,Orizzontale,Nuvoloso,Normale,Buona,Sufficiente,0,0,0,5,"1,261,049","4,188,877",True
2665482,8,22/01/2016 17:30:00,Strada Urbana,in prossimit•À_,del civico n.,VIA DEL CASALE DEL FINOCCHIO,,25,,Scontro laterale fra veicoli in marcia,Rettilineo,Una carreggiata a doppio senso,Asciutto,Asfaltata,Assente,Sereno,Normale,Sufficiente,Sufficiente,0,0,0,1,"1,269,226","4,186,234",False
2665468,11,22/01/2016 17:45:00,Strada Urbana,in corrispondenza,del civico n.,VIA FONTANELLATO,,52,,Veicolo in marcia contro veicolo in sosta,Rettilineo,Due carreggiate,Asciutto,Asfaltata,Verticale ed orizzontale,Sereno,Normale,Buona,Sufficiente,0,0,0,0,"1,248,419","418,475",True
2665450,11,22/01/2016 18:15:00,Strada Urbana,da specificare,,VIA GUIDO DE RUGGIERO,,,FR CIV 26,Veicolo in marcia contro veicoli in arresto,Rettilineo,Una carreggiata a senso unico di marcia,Asciutto,Asfaltata,Verticale ed orizzontale,Sereno,Normale,Buona,Sufficiente,0,0,0,3,"1,248,128","4,184,451",True
2665240,6,22/01/2016 18:20:00,Strada Urbana,da specificare,,VIALE DELLA PRIMAVERA,,,fronte palo acea 47,Investimento di pedone,Rettilineo,Una carreggiata a doppio senso,Asciutto,Asfaltata,Orizzontale,Sereno,Normale,Buona,Sufficiente,1,0,0,3,"1,255,804","4,187,583",True
2665569,6,22/01/2016 18:40:00,Strada Urbana,in prossimit•À_,del civico n.,VIA ROBERTO MALATESTA,,241,,Investimento di pedone,Rettilineo,Due carreggiate,Asciutto,Asfaltata,Verticale ed orizzontale,Sereno,Normale,Buona,Sufficiente,1,0,0,2,,,False
2665486,8,22/01/2016 18:45:00,Strada Urbana,in prossimit•À_,del palo luce n.,VIA COLLATINA,,555,,Veicolo in marcia contro ostacolo accidentale,Rettilineo,Una carreggiata a doppio senso,Asciutto,Asfaltata,Verticale ed orizzontale,Sereno,Normale,Buona,Sufficiente,0,0,0,1,"1,261,053","4,190,604",True
2665542,15,22/01/2016 18:55:00,Strada Urbana,in corrispondenza,del civico n.,VIA PORTUENSE,,712 F,,Veicolo in marcia contro veicolo fermo,Rettilineo,Una carreggiata a doppio senso,Asciutto,Asfaltata,Orizzontale,Sereno,Normale,Sufficiente,Sufficiente,0,0,0,6,"1,243,427","4,185,194",True
2667490,12,22/01/2016 19:00:00,Statale,da specificare,,VIA DEL MARE,,,DIREZIONE OSTIA TRA IL KM. 7.00 E 7.100,Scontro frontale fra veicoli in marcia,Rettilineo,Una carreggiata a doppio senso,Asciutto,Asfaltata,Verticale ed orizzontale,Nuvoloso,Normale,Buona,Inesistente,1,0,0,1,,,False
2665479,8,22/01/2016 19:00:00,Strada Urbana,da specificare,,VIA CASILINA,,,altezza Via Massa Calciana,Tamponamento,Rettilineo,Una carreggiata a doppio senso,Asciutto,Asfaltata,Verticale ed orizzontale,Sereno,Normale,Buona,Sufficiente,0,0,0,4,"1,261,216","418,631",True
2665451,11,22/01/2016 19:00:00,Strada Urbana,all'intersezione con,VIA ALESSANDRO SEVERO,VIA CRISTOFORO COLOMBO,VIA ALESSANDRO SEVERO,,,Scontro frontale/laterale SX fra veicoli in marcia,Intersezione semaforizzata,Pi•À_ di due carreggiate,Asciutto,Asfaltata,Verticale ed orizzontale,Sereno,Normale,Buona,Sufficiente,1,0,0,1,"1,248,795","4,185,261",False
2667483,4,22/01/2016 19:15:00,Strada Urbana,all'intersezione con,VIA RIO NELL'ELBA,PIAZZA DEI VOCAZIONISTI,VIA RIO NELL'ELBA,,,Veicolo in marcia contro veicolo in sosta,Rotatoria,Una carreggiata a senso unico di marcia,Asciutto,Asfaltata,Assente,Sereno,Normale,Buona,Sufficiente,0,0,0,1,"1,251,611","4,197,209",True
2665487,8,22/01/2016 19:35:00,,in prossimit•À_,del palo luce n.,VIA COLLATINA,,555,,Veicolo in marcia contro ostacolo accidentale,,,,,,,,,,0,0,0,3,,,False
2667647,12,22/01/2016 20:15:00,Strada Urbana,in prossimit•À_,del civico n.,VIA RHODESIA,,10,,Veicolo in marcia contro veicolo in sosta,Rettilineo,Una carreggiata a doppio senso,Asciutto,Asfaltata,Verticale ed orizzontale,Sereno,Scarso,Buona,Sufficiente,1,0,0,0,"1,247,055","4,182,169",False
2666013,13,22/01/2016 20:25:00,Strada Urbana,all'intersezione con,VIA DELLE MOLUCCHE,VIA ISOLE SALOMONE,VIA DELLE MOLUCCHE,,,Scontro frontale/laterale SX fra veicoli in marcia,Incrocio,Una carreggiata a doppio senso,Asciutto,Asfaltata,Verticale ed orizzontale,Sereno,Normale,Buona,Sufficiente,2,0,0,0,"1,227,647","4,174,018",False
2667456,19,22/01/2016 20:30:00,Strada Urbana,in corrispondenza,del civico n.,VIA DELLA PINETA SACCHETTI,,211,,Tamponamento,Rettilineo,Una carreggiata a senso unico di marcia,Asciutto,Asfaltata,Verticale ed orizzontale,Nebbia,Normale,Buona,Sufficiente,0,0,0,2,"1,242,695","4,192,882",True
2667268,9,22/01/2016 20:50:00,Strada Urbana,in corrispondenza,del civico n.,VIA SELINUNTE,,20,,Scontro laterale fra veicoli in marcia,Rettilineo,Una carreggiata a doppio senso,Asciutto,Asfaltata,Verticale ed orizzontale,Nuvoloso,Scarso,Sufficiente,Sufficiente,0,0,0,3,"1,255,007","4,185,712",True
2668111,16,22/01/2016 21:15:00,Strada Urbana,da specificare,,VIA DELLA MAGLIANA,,,in prossimit•À_ di P.zza Meucci,Tamponamento Multiplo,Curva a visuale libera,Una carreggiata a doppio senso,Asciutto,Asfaltata,Verticale ed orizzontale,Sereno,Normale,Sufficiente,Sufficiente,0,0,0,11,"1,246,285","4,186,131",True
2667548,12,22/01/2016 21:30:00,Provinciale,in prossimit•À_,della chilometrica,VIA ARDEATINA,,18.5,,Veicolo in marcia contro ostacolo accidentale,Rettilineo,Una carreggiata a doppio senso,Asciutto,Asfaltata,Verticale ed orizzontale,Sereno,Scarso,Insufficiente,Inesistente,0,0,0,1,"125,605","4,176,149",True
2667530,12,22/01/2016 22:50:00,Strada Urbana,all'intersezione con,VIALE ISACCO NEWTON,VIA PORTUENSE,VIALE ISACCO NEWTON,,,Veicolo in marcia contro ostacolo fisso,Incrocio,Due carreggiate,Asciutto,Asfaltata,Verticale ed orizzontale,Sereno,Scarso,Buona,Sufficiente,0,0,0,1,"1,240,939","4,184,342",True
2667400,19,22/01/2016 23:00:00,Strada Urbana,in prossimit•À_,del civico n.,VIA DI CASAL DEL MARMO,,63,,Investimento di pedone,Curva a visuale libera,Una carreggiata a doppio senso,Asciutto,Asfaltata,Orizzontale,Nuvoloso,Scarso,Buona,Sufficiente,2,0,0,1,"1,241,011","4,196,006",True
2665739,1,23/01/2016 00:20:00,Strada Urbana,in prossimit•À_,del civico n.,LUNGOTEVERE IN AUGUSTA,,27,,Tamponamento Multiplo,Rettilineo,Una carreggiata a senso unico di marcia,Asciutto,Asfaltata,,Sereno,Scarso,Buona,Sufficiente,0,0,0,6,,,False
2665709,1,23/01/2016 00:25:00,Strada Urbana,in corrispondenza,del civico n.,VIA ELENIANA,,2/B,,Investimento di pedone,Rettilineo,Una carreggiata a doppio senso,Asciutto,Asfaltata,Verticale ed orizzontale,Sereno,Scarso,Buona,Sufficiente,1,0,0,1,,,False
2665658,1,23/01/2016 02:15:00,Strada Urbana,all'intersezione semaforizzata con,VIA RAFFAELE PERSICHETTI,PIAZZALE OSTIENSE,VIA RAFFAELE PERSICHETTI,,,Scontro frontale/laterale SX fra veicoli in marcia,Intersezione semaforizzata,Una carreggiata a senso unico di marcia,Asciutto,Asfaltata,Verticale ed orizzontale,Sereno,Scarso,Buona,Sufficiente,0,0,0,2,,,False
2667401,5,23/01/2016 02:20:00,Strada Urbana,in corrispondenza,del civico n.,VIA TIBURTINA,,1135,,Tamponamento,Rettilineo,Due carreggiate,Asciutto,Asfaltata,Verticale ed orizzontale,Sereno,Normale,Sufficiente,Sufficiente,1,0,0,3,"1,259,344","4,193,292",True
2668104,16,23/01/2016 02:50:00,Strada Urbana,in prossimit•À_,del civico n.,VIA OSTIENSE,,136,,Scontro frontale/laterale DX fra veicoli in marcia,Rettilineo,Pi•À_ di due carreggiate,Asciutto,Asfaltata,Verticale ed orizzontale,Sereno,Scarso,Sufficiente,Sufficiente,0,0,0,5,"1,247,879","4,186,595",True
2667923,6,23/01/2016 03:20:00,Strada Urbana,all'intersezione con,VIA ROSARIO NICOLO',VIA NINO TAMASSIA,VIA ROSARIO NICOLO',,,Veicolo in marcia contro veicolo in sosta,Incrocio,Due carreggiate,Asciutto,Asfaltata,Orizzontale,Sereno,Scarso,Buona,Sufficiente,0,0,0,1,"1,258,691","4,194,473",True
2665764,1,23/01/2016 05:00:00,Strada Urbana,in prossimit•À_,del civico n.,LUNGOTEVERE DE' CENCI,,5,,Veicolo in marcia contro veicoli in sosta,Rettilineo,Una carreggiata a senso unico di marcia,Asciutto,Asfaltata,Verticale ed orizzontale,Sereno,,Buona,Sufficiente,0,0,0,1,"1,247,558","4,189,187",True