ID,Gruppo,_DataOraIncidente,_Localizzazione1,_Localizzazione2,Strada02,Strada1,Strada2,Chilometrica,DaSpecificare,_NaturaIncidente,_ParticolaritaStrade,_TipoStrada,_FondoStradale,_Pavimentazione,_Segnaletica,_CondizioneAtmosferica,_Traffico,_Visibilita,_Illuminazione,NUM_FERITI,_NUM_RISERVATA,_NUM_MORTI,_NUM_ILLESI,Longitudine,Latitudine,CONFERMATO
2667758,12,23/01/2016 05:30:00,Provinciale entro l'abitato,in prossimit•À_,del civico n.,VIA OSTIENSE,,611,,Veicolo in marcia contro ostacolo fisso,Rettilineo,Una carreggiata a doppio senso,Asciutto,Asfaltata,Verticale ed orizzontale,Nuvoloso,Scarso,Sufficiente,Ore Diurne,0,0,0,1,"1,246,797","4,184,259",True
2667368,11,23/01/2016 06:45:00,Strada Urbana,in prossimit•À_,del civico n.,VIA DELL'ACCADEMIA ALDINA,,18,,Veicolo in marcia contro veicoli in sosta,Rettilineo,Una carreggiata a doppio senso,Asciutto,Asfaltata,Assente,Sereno,Scarso,Buona,Sufficiente,0,0,0,1,"1,248,824","4,185,077",False
2665587,6,23/01/2016 07:15:00,Strada Urbana,all'intersezione semaforizzata con,VIA OLEVANO ROMANO,VIA PRENESTINA,VIA OLEVANO ROMANO,,,Scontro frontale/laterale SX fra veicoli in marcia,Incrocio,Due carreggiate,Asciutto,Asfaltata,Verticale,Nuvoloso,Scarso,Buona,Ore Diurne,0,0,0,3,"1,255,501","4,189,424",True
2666929,20,23/01/2016 07:15:00,Strada Urbana,all'intersezione semaforizzata con,VIA LUIGI BODIO,CORSO DI FRANCIA,VIA LUIGI BODIO,,,Scontro frontale/laterale SX fra veicoli in marcia,Intersezione semaforizzata,Due carreggiate,Asciutto,Asfaltata,Verticale ed orizzontale,Nuvoloso,Normale,Buona,Ore Diurne,1,0,0,1,,,False
2665778,1,23/01/2016 08:20:00,Strada Urbana,in prossimit•À_,del palo luce n.,PIAZZA DELLA ROVERE,,28,,Scontro laterale fra veicoli in marcia,Rettilineo,Una carreggiata a doppio senso,Asciutto,Asfaltata,Verticale ed orizzontale,Sereno,Scarso,Buona,Ore Diurne,0,0,0,8,"1,246,266","4,189,911",False
2667286,11,23/01/2016 08:25:00,Strada Urbana,da specificare,,VIA CRISTOFORO COLOMBO,,,controlaterale direzione EUR civico 112,Scontro frontale/laterale SX fra veicoli in marcia,Rettilineo,Una carreggiata a senso unico alternato,Asciutto,Asfaltata,Verticale ed orizzontale,Nuvoloso,Normale,Buona,Ore Diurne,0,0,0,2,"1,249,673","418,658",True
2667501,5,23/01/2016 09:30:00,Strada Urbana,da specificare,,VIALE KANT,,,altezza Via Schopenhauer ,Veicolo in marcia contro ostacolo accidentale,Curva a visuale libera,Due carreggiate,Asciutto,Asfaltata,Verticale ed orizzontale,Nuvoloso,Normale,Buona,Ore Diurne,0,0,0,3,"1,255,733","4,193,313",True
2665636,7,23/01/2016 09:30:00,Strada Urbana,all'intersezione con,VIA DELLE AZALEE,VIA DEI GLICINI,VIA DELLE AZALEE,,,Scontro frontale/laterale DX fra veicoli in marcia,Incrocio,Due carreggiate,Asciutto,Asfaltata,Verticale ed orizzontale,Nuvoloso,Normale,Buona,Ore Diurne,0,0,0,3,"125,691","4,187,943",True
2667405,15,23/01/2016 09:35:00,Strada Urbana,da specificare,,VIA DELLA MAGLIANA,,,FRONTE CIVICO 231/A,Investimento di pedone,Rettilineo,Una carreggiata a doppio senso,Asciutto,Asfaltata,Verticale,Nuvoloso,Intenso,Buona,Ore Diurne,1,0,0,1,,,False
2668828,17,23/01/2016 09:45:00,Strada Urbana,all'intersezione semaforizzata con,VIA RUGGERO DI LAURIA,VIA ANDREA DORIA,VIA RUGGERO DI LAURIA,,,Scontro laterale fra veicoli in marcia,Intersezione semaforizzata,Due carreggiate,Asciutto,Asfaltata,Verticale ed orizzontale,Sereno,Normale,Buona,Ore Diurne,0,0,0,2,"1,245,008","4,190,927",True
2667699,1,23/01/2016 09:55:00,Strada Urbana,all'intersezione con,VIA LUISA DI SAVOIA,VIA MARIA ADELAIDE,VIA LUISA DI SAVOIA,,,Scontro laterale fra veicoli in marcia,Incrocio,Una carreggiata a senso unico di marcia,Asciutto,Asfaltata,Verticale ed orizzontale,Nuvoloso,Normale,Buona,Ore Diurne,0,0,0,2,"1,247,425","4,191,022",True
2675947,18,23/01/2016 10:00:00,Strada Urbana,all'intersezione con,VIA FRANCESCO SCADUTO,VIA GRAZIANO,VIA FRANCESCO SCADUTO,,,Scontro frontale/laterale SX fra veicoli in marcia,Incrocio,Una carreggiata a senso unico di marcia,Asciutto,Asfaltata,Verticale ed orizzontale,Nuvoloso,Scarso,Buona,Ore Diurne,1,0,0,1,"1,243,115","4,190,001",True
2667504,5,23/01/2016 10:15:00,Strada Urbana,in corrispondenza,del civico n.,VIALE PALMIRO TOGLIATTI,,1449,,Veicolo in marcia contro veicolo fermo,Rettilineo,Due carreggiate,Asciutto,Asfaltata,Verticale ed orizzontale,Sereno,Normale,Buona,Ore Diurne,0,0,0,2,"1,257,214","4,191,117",True
2666474,8,23/01/2016 10:25:00,Strada Urbana,all'intersezione semaforizzata con,VIA BRONTE,VIA DI VERMICINO,VIA BRONTE,,,Veicolo in marcia contro ostacolo fisso,Incrocio,Una carreggiata a doppio senso,Asciutto,Asfaltata,Verticale ed orizzontale,Sereno,Normale,Buona,Ore Diurne,0,1,0,0,"1,267,241","4,185,173",True
2667615,7,23/01/2016 10:30:00,,in corrispondenza,del civico n.,VIA DEGLI OLEANDRI,,32,,Veicolo in marcia contro veicolo fermo,,,,,,,,,,0,0,0,1,,,False
2667537,4,23/01/2016 10:30:00,Strada Urbana,in prossimit•À_,del civico n.,VIA DEI PRATI FISCALI,,34,,Scontro laterale fra veicoli in marcia,Rettilineo,Due carreggiate,Asciutto,Asfaltata,Verticale ed orizzontale,Nuvoloso,Normale,Buona,Ore Diurne,0,0,0,2,"1,252,443","4,194,621",True
2667671,12,23/01/2016 11:00:00,Strada Urbana,all'intersezione con,VIALE DELL'AERONAUTICA,VIA DELLE MONTAGNE ROCCIOSE,VIALE DELL'AERONAUTICA,,,Scontro laterale fra veicoli in marcia,Incrocio,Due carreggiate,Asciutto,Asfaltata,Verticale ed orizzontale,Nuvoloso,Scarso,Buona,Ore Diurne,0,0,0,3,"1,247,555","4,182,598",True
2667279,9,23/01/2016 11:30:00,Strada Urbana,da specificare,,VIALE DELLO SCALO S. LORENZO,,,prossimit•À_ piazza di Porta Maggiore,Scontro frontale/laterale SX fra veicoli in marcia,Strettoia,Una carreggiata a senso unico di marcia,Asciutto,Asfaltata,Verticale ed orizzontale,Sereno,Intenso,Buona,Ore Diurne,0,0,0,2,"1,251,794","4,189,553",True
2667000,20,23/01/2016 11:45:00,Strada Urbana,in prossimit•À_,del civico n.,VIA RIANO,,14,,Scontro laterale fra veicoli in marcia,Rettilineo,Una carreggiata a senso unico di marcia,Asciutto,Asfaltata,Verticale ed orizzontale,Sereno,Intenso,Buona,Ore Diurne,0,0,0,2,"1,246,929","4,193,831",True
2671647,18,23/01/2016 11:50:00,Strada Urbana,in prossimit•À_,del civico n.,VIA DI BOCCEA,,117,,Scontro frontale fra veicoli in marcia,Rettilineo,Una carreggiata a doppio senso,Asciutto,Asfaltata,Verticale ed orizzontale,Nuvoloso,Intenso,Buona,Ore Diurne,0,0,0,2,"1,242,458","4,190,225",True
2666486,8,23/01/2016 12:00:00,,all'intersezione con,VIA ROMETTA,VIA BOMPIETRO,VIA ROMETTA,,,Scontro frontale/laterale DX fra veicoli in marcia,,,,,,,,,,1,0,0,1,,,False
2667510,5,23/01/2016 12:00:00,Strada Urbana,all'intersezione con,VIA CARLO TRANFO,VIA GIROLAMO MECHELLI,VIA CARLO TRANFO,,,Scontro frontale/laterale DX fra veicoli in marcia,Incrocio,Una carreggiata a doppio senso,Asciutto,Asfaltata,Assente,Sereno,Normale,Buona,Ore Diurne,2,0,0,1,"1,259,145","4,193,914",True
2667012,20,23/01/2016 12:10:00,Provinciale,in prossimit•À_,della chilometrica,VIA TIBERINA,,6.2,,Tamponamento,Curva a visuale libera,Una carreggiata a doppio senso,Asciutto,Asfaltata,Verticale ed orizzontale,Nuvoloso,Normale,Buona,Ore Diurne,2,0,0,2,,,False
2667634,19,23/01/2016 12:20:00,Strada Urbana,in prossimit•À_,del civico n.,VIA DEL PODERE TRIESTE,,20,,Investimento di pedone,Rettilineo,Una carreggiata a doppio senso,Asciutto,Asfaltata,Orizzontale,Sereno,Scarso,Buona,Ore Diurne,1,0,0,1,"1,240,118","4,192,414",True
2667305,10,23/01/2016 12:25:00,Strada Urbana,da specificare,,VIA POLIA,,,fronte civico 1,Scontro laterale fra veicoli in marcia,Rettilineo,Una carreggiata a doppio senso,Asciutto,Asfaltata,Verticale ed orizzontale,Sereno,Scarso,Buona,Ore Diurne,0,0,0,2,"125,568","4,183,596",True
2667591,7,23/01/2016 12:30:00,Strada Urbana,in prossimit•À_,del civico n.,VIA PAPIRIA,,128,,Scontro laterale fra veicoli in marcia,Rettilineo,Una carreggiata a doppio senso,Asciutto,Asfaltata,Orizzontale,Nuvoloso,Normale,Buona,Ore Diurne,1,0,0,3,"1,256,584","4,186,265",True
2669085,18,23/01/2016 12:30:00,Strada Urbana,in prossimit•À_,del civico n.,VIA DI VAL CANNUTA,,188,,Tamponamento,Rettilineo,Una carreggiata a doppio senso,Asciutto,Asfaltata,Verticale ed orizzontale,Sereno,Scarso,Buona,Ore Diurne,1,0,0,1,"1,240,776","4,189,586",True
2667531,4,23/01/2016 12:30:00,Strada Urbana,all'intersezione con,VIA TERESA BOETTI VALVASSURA,VIALE GINO CERVI,VIA TERESA BOETTI VALVASSURA,,,Scontro frontale/laterale SX fra veicoli in marcia,Incrocio,Due carreggiate,Asciutto,Asfaltata,Verticale ed orizzontale,Nuvoloso,Normale,Buona,Ore Diurne,0,0,0,3,"1,253,503","4,196,247",True
2666477,6,23/01/2016 13:10:00,Strada Urbana,in prossimit•À_,del civico n.,VIA CARLO ERRERA,,56,,Veicolo in marcia contro veicolo in sosta,Rettilineo,Una carreggiata a senso unico di marcia,Asciutto,Asfaltata,Orizzontale,Sereno,Scarso,Buona,Ore Diurne,0,0,0,1,"1,253,852","4,188,335",True
2666914,13,23/01/2016 13:15:00,Comunale extraurbana,all'intersezione semaforizzata con,VIA DI MALAFEDE,VIA CRISTOFORO COLOMBO,VIA DI MALAFEDE,,,Tamponamento,Intersezione semaforizzata,Pi•À_ di due carreggiate,Asciutto,Asfaltata,Verticale ed orizzontale,Sereno,Intenso,Buona,Ore Diurne,1,0,0,2,"123,967","4,177,545",False
2667317,7,23/01/2016 13:50:00,Strada Urbana,all'intersezione con,PIAZZA DEI GERANI,VIALE DELLE GARDENIE,PIAZZA DEI GERANI,,,Scontro laterale fra veicoli in marcia,Intersezione stradale segnalata,Una carreggiata a senso unico di marcia,Asciutto,Asfaltata,Verticale ed orizzontale,Nuvoloso,Normale,Buona,Ore Diurne,0,0,0,3,"125,664","4,188,579",True
2666481,8,23/01/2016 13:50:00,Statale entro l'abitato,in prossimit•À_,del civico n.,VIA CASILINA,,1786,,Tamponamento Multiplo,Rettilineo,Una carreggiata a doppio senso,Asciutto,Asfaltata,Verticale ed orizzontale,Nuvoloso,Intenso,Buona,Ore Diurne,2,0,0,1,,,False
2667512,5,23/01/2016 14:00:00,Strada Urbana,da specificare,,VIALE EGIDIO GALBANI,,,fronte civico 3 (direzione Nomentana),Veicolo in marcia contro ostacolo accidentale,Curva a visuale libera,Due carreggiate,Viscido da liquidi oleosi,Asfaltata,Verticale ed orizzontale,Sereno,Normale,Buona,Ore Diurne,1,0,0,0,"1,256,171","4,193,068",True
2667304,11,23/01/2016 14:50:00,Strada Urbana,in prossimit•À_,del civico n.,VIA APPIA ANTICA,,110,,Veicolo in marcia contro ostacolo fisso,Rettilineo,Una carreggiata a senso unico di marcia,Asciutto,In cubetti di porfido,Assente,Nuvoloso,Intenso,Buona,Ore Diurne,0,0,0,1,"1,251,211","4,185,965",True
2666480,8,23/01/2016 15:15:00,Strada Urbana,all'intersezione con,VIA AMICO ASPERTINI,VIA DELL'ARCHEOLOGIA,VIA AMICO ASPERTINI,,,Scontro frontale/laterale DX fra veicoli in marcia,Incrocio,Una carreggiata a doppio senso,Asciutto,Asfaltata,Orizzontale,Nuvoloso,Scarso,Buona,Ore Diurne,1,0,0,3,"1,262,955","418,791",True
2667060,13,23/01/2016 15:20:00,Strada Urbana,in prossimit•À_,del civico n.,VIALE DI CASTEL PORZIANO,,334-336,,Scontro frontale/laterale DX fra veicoli in marcia,Rettilineo,Una carreggiata a doppio senso,Asciutto,Asfaltata,Assente,Sereno,Scarso,Buona,Ore Diurne,0,0,0,3,"1,235,519","4,173,321",True
2667690,12,23/01/2016 15:35:00,Strada Urbana,in prossimit•À_,del civico n.,VIA CINA,,201,,Veicolo in marcia contro ostacolo accidentale,Rettilineo,Una carreggiata a doppio senso,Asciutto,Asfaltata,Verticale ed orizzontale,Nuvoloso,Normale,Buona,Ore Diurne,0,0,0,1,"1,243,394","4,181,251",True
2667712,12,23/01/2016 15:45:00,Strada Urbana,all'intersezione semaforizzata con,VIALE DELL'UMANESIMO,VIA CRISTOFORO COLOMBO,VIALE DELL'UMANESIMO,,,Tamponamento,Intersezione semaforizzata,Due carreggiate,Asciutto,Asfaltata,Verticale ed orizzontale,Nuvoloso,Normale,Buona,Ore Diurne,0,0,0,4,"1,244,704","4,180,373",False
2668153,16,23/01/2016 16:00:00,Strada Urbana,in corrispondenza,del civico n.,VIA VITELLIA,,14,,Scontro laterale fra veicoli in marcia,Rettilineo,Una carreggiata a doppio senso,Asciutto,Asfaltata,Orizzontale,Nuvoloso,Normale,Buona,Ore Diurne,0,0,0,2,"1,245,446","4,188,384",True
2667670,1,23/01/2016 16:10:00,Strada Urbana,all'intersezione con,VIA CARLO CATTANEO,VIA NAPOLEONE III,VIA CARLO CATTANEO,,,Scontro laterale fra veicoli in marcia,Incrocio,Una carreggiata a doppio senso,Asciutto,Asfaltata,Verticale ed orizzontale,Nuvoloso,Normale,Buona,Ore Diurne,0,0,0,3,"1,250,126","4,189,734",False
2667074,13,23/01/2016 16:20:00,Provinciale,in prossimit•À_,della chilometrica,VIA LITORANEA,,9.4,,Tamponamento,Rettilineo,Una carreggiata a doppio senso,Asciutto,Asfaltata,Orizzontale,Sereno,Scarso,Buona,Ore Diurne,0,0,0,4,"1,237,354","4,168,762",True
2667311,10,23/01/2016 16:40:00,Strada Urbana,all'intersezione semaforizzata con,VIA ERODE ATTICO,VIA APPIA PIGNATELLI,VIA ERODE ATTICO,,,Veicolo in marcia contro ostacolo fisso,Incrocio,Una carreggiata a doppio senso,Asciutto,Asfaltata,Verticale ed orizzontale,Nuvoloso,Normale,Sufficiente,Ore Diurne,1,0,0,3,"1,254,554","4,183,961",False
2667593,19,23/01/2016 17:10:00,Strada Urbana,all'intersezione con,VIA TOMMASO DE VIO,VIA PIETRO GASPARRI,VIA TOMMASO DE VIO,,,Scontro frontale/laterale SX fra veicoli in marcia,Incrocio,Una carreggiata a doppio senso,Bagnato (pioggia),Asfaltata,Verticale ed orizzontale,Pioggia in atto,Normale,Buona,Sufficiente,1,0,0,1,"1,241,464","4,192,144",True
2667092,13,23/01/2016 17:45:00,Strada Urbana,in corrispondenza,del civico n.,VIA DI DRAGONE,,205,,Investimento di pedone,Rettilineo,Una carreggiata a doppio senso,Asciutto,Asfaltata,Assente,Nuvoloso,Normale,Buona,Sufficiente,2,0,0,1,"1,233,478","417,806",False
2668215,16,23/01/2016 17:45:00,Strada Urbana,da specificare,,VIA PORTUENSE,,,fronte civico 21/b,Veicolo in marcia contro veicolo in sosta,Rettilineo,Una carreggiata a doppio senso,Bagnato (umidit•À_ in atto),Asfaltata,Verticale ed orizzontale,Nuvoloso,Normale,Buona,Sufficiente,0,0,0,4,,,False
2667399,7,23/01/2016 17:50:00,Strada Urbana,in corrispondenza,del civico n.,VIA DEI PLATANI,,167,,Scontro laterale fra veicoli in marcia,Rettilineo,Una carreggiata a doppio senso,Bagnato (pioggia),Asfaltata,Assente,Nuvoloso,Normale,Buona,Ore Diurne,0,0,0,3,"125,689","4,188,117",True
2666488,8,23/01/2016 18:00:00,,all'intersezione con,VIA DELL'AIRONE,VIA DELL'AQUILA REALE,VIA DELL'AIRONE,,,Scontro frontale/laterale SX fra veicoli in marcia,,,,,,,,,,1,0,0,1,,,False
2667513,5,23/01/2016 18:10:00,Strada Urbana,da specificare,,VIA DI MARCO SIMONE,,,altezza distributore prossimit•À_ civico 90,Veicolo in marcia contro ostacolo accidentale,Rettilineo,Una carreggiata a doppio senso,Bagnato (pioggia),Asfaltata,Assente,Nuvoloso,Scarso,Insufficiente,Insufficiente,0,0,0,2,"1,263,202","419,576",False
2667572,19,23/01/2016 18:10:00,Strada Urbana,in prossimit•À_,del civico n.,PIAZZA ALFONSO CAPECELATRO,,28,,Scontro frontale fra veicoli in marcia,Rettilineo,Una carreggiata a doppio senso,Bagnato (pioggia),Asfaltata,Verticale ed orizzontale,Pioggia in atto,Normale,Buona,Sufficiente,1,0,0,1,"1,241,589","4,192,072",True
2666479,8,23/01/2016 18:10:00,,da specificare,,VIA COLLATINA,,,pross. Celestino Rosatelli,Veicolo in marcia contro ostacolo accidentale,,,,,,,,,,0,0,0,1,,,False
2667595,4,23/01/2016 18:15:00,Strada Urbana,in prossimit•À_,del civico n.,VIA DEI PRATI FISCALI,,297,,Veicolo in marcia contro veicolo in sosta,Rettilineo,Due carreggiate,Bagnato (pioggia),Asfaltata,Verticale ed orizzontale,Nuvoloso,Normale,Buona,Sufficiente,0,0,0,1,"1,251,416","4,194,543",True
2667652,1,23/01/2016 18:20:00,Strada Urbana,in corrispondenza,del civico n.,VIA MERULANA,,91,,Scontro laterale fra veicoli in marcia,Rettilineo,Una carreggiata a doppio senso,Bagnato (umidit•À_ in atto),Asfaltata,Verticale ed orizzontale,Nuvoloso,Normale,Buona,Sufficiente,1,0,0,0,,,False
2667396,15,23/01/2016 18:25:00,Strada Urbana,in corrispondenza,del civico n.,VIA DELLA MAGLIANA,,254,,Investimento di pedone,Rettilineo,Una carreggiata a doppio senso,Bagnato (pioggia),Asfaltata,Verticale ed orizzontale,Nuvoloso,Normale,Buona,Sufficiente,1,0,0,1,,,False
2676944,18,23/01/2016 18:30:00,Strada Urbana,in prossimit•À_,del civico n.,VIA DI CASAL DEL MARMO,,640,,Scontro frontale fra veicoli in marcia,Curva senza visuale libera,Una carreggiata a doppio senso,Bagnato (umidit•À_ in atto),Asfaltata,Orizzontale,Nuvoloso,Normale,Sufficiente,Sufficiente,3,0,0,1,"1,237,996","4,192,542",False
2667525,4,23/01/2016 18:40:00,Strada Urbana,da specificare,,VIA NOMENTANA,,,pross. fronte civico 887,Scontro frontale/laterale DX fra veicoli in marcia,Rettilineo,Una carreggiata a doppio senso,Bagnato (umidit•À_ in atto),Asfaltata,Verticale ed orizzontale,Nuvoloso,Normale,Buona,Sufficiente,0,0,0,3,"1,255,346","4,194,162",True
2666471,8,23/01/2016 19:10:00,,in prossimit•À_,del palo luce n.,VIALE DI TORRE MAURA,,20,,Veicolo in marcia contro ostacolo accidentale,,,,,,,,,,0,0,0,1,,,False
2667287,9,23/01/2016 19:25:00,,all'intersezione con,VIA URBINO,VIA RIMINI,VIA URBINO,,,Scontro frontale/laterale SX fra veicoli in marcia,,,,,,,,,,1,0,0,1,,,False
2666482,6,23/01/2016 19:30:00,,da specificare,,VIA CASILINA,,,altezza Via dei Gordiani,Tamponamento,,,,,,,,,,1,0,0,3,,,False
2668699,8,23/01/2016 19:30:00,Strada Urbana,da specificare,,VIA CASILINA,,,ALTEZZA TOR BELLA MONACA,Veicolo in marcia contro ostacolo accidentale,Rettilineo,Una carreggiata a doppio senso,Asciutto,Asfaltata,Orizzontale,Sereno,Normale,Buona,Sufficiente,0,0,0,1,"12,615","4,189,127",True
2667104,13,23/01/2016 21:20:00,Strada Urbana,all'intersezione con,VIALE DEL SOMMERGIBILE,VIA DELL'IDROSCALO,VIALE DEL SOMMERGIBILE,,,Scontro frontale/laterale DX fra veicoli in marcia,Incrocio,Una carreggiata a doppio senso,Asciutto,Asfaltata,Verticale ed orizzontale,Nuvoloso,Scarso,Sufficiente,Sufficiente,1,0,0,2,"1,226,313","4,173,742",False
2667274,9,23/01/2016 21:40:00,Strada Urbana,da specificare,,VIA TUSCOLANA,,,altezza svincolo VIA PETROCELLI,Scontro laterale fra veicoli in marcia,Rettilineo,Due carreggiate,Asciutto,Asfaltata,Verticale ed orizzontale,Nuvoloso,Scarso,Buona,Sufficiente,0,0,0,2,"1,260,492","418,351",True
2666468,8,23/01/2016 22:30:00,Strada Urbana,da specificare,,VIA PRENESTINA,,,altezza civico 1262,Veicolo in marcia contro ostacolo accidentale,Rettilineo,Una carreggiata a doppio senso,Asciutto,Con buche,Verticale,Nuvoloso,Normale,Buona,Insufficiente,0,0,0,3,"126,069","4,189,378",True
2676626,18,23/01/2016 23:40:00,Strada Urbana,in prossimit•À_,del civico n.,VIA AURELIA ANTICA,,391,,Tamponamento,Curva senza visuale libera,Una carreggiata a doppio senso,Asciutto,Asfaltata,Orizzontale,Sereno,Scarso,Buona,Sufficiente,0,0,0,6,"1,244,756","4,188,901",True
2667689,1,23/01/2016 23:50:00,Strada Urbana,all'intersezione con,VIA GIUSEPPE DI BARTOLO,VIA ANASTASIO II,VIA GIUSEPPE DI BARTOLO,,,Veicolo in marcia contro ostacolo accidentale,Incrocio,Due carreggiate,Asciutto,Asfaltata,Verticale ed orizzontale,Sereno,Scarso,Buona,Sufficiente,0,0,0,2,,,False
2667300,9,24/01/2016 00:10:00,Strada Urbana,all'intersezione con,VIA TALAMONE,VIALE DELLE MURA LATINE,VIA TALAMONE,,,Veicolo in marcia contro veicolo in sosta,Intersezione non regolata/non segnalata,Una carreggiata a doppio senso,Asciutto,Asfaltata,Verticale ed orizzontale,Sereno,Scarso,Sufficiente,Sufficiente,0,0,0,1,"1,250,381","4,187,466",True
2667035,20,24/01/2016 00:15:00,Strada Urbana,in prossimit•À_,del palo luce n.,VIA ORIOLO ROMANO,,47,,Fuoriuscita dalla sede stradale,Rettilineo,Una carreggiata a doppio senso,Bagnato (umidit•À_ in atto),Asfaltata,Orizzontale,Sereno,Scarso,Buona,Sufficiente,1,0,0,0,,,False
2669464,18,24/01/2016 00:55:00,Strada Urbana,all'intersezione semaforizzata con,VIA DI VAL TELLINA,VIA BERNARDINO RAMAZZINI,VIA DI VAL TELLINA,,,Scontro frontale/laterale DX fra veicoli in marcia,Intersezione semaforizzata,Due carreggiate,Asciutto,Asfaltata,Verticale ed orizzontale,Sereno,Normale,Buona,Sufficiente,1,0,0,6,"1,244,929","4,186,589",True
2667594,1,24/01/2016 01:00:00,Strada Urbana,all'intersezione con,VIA CRESCENZIO,PIAZZA DEL RISORGIMENTO,VIA CRESCENZIO,,,Scontro laterale fra veicoli in marcia,Incrocio,Una carreggiata a senso unico di marcia,Asciutto,Asfaltata,Orizzontale,Sereno,Scarso,Buona,Sufficiente,0,0,0,4,"1,245,781","419,059",False
2667606,1,24/01/2016 01:30:00,Strada Urbana,all'intersezione con,VIA CELIMONTANA,VIA CAPO D'AFRICA,VIA CELIMONTANA,,,Scontro frontale/laterale SX fra veicoli in marcia,Incrocio,Una carreggiata a senso unico di marcia,Asciutto,Asfaltata,Verticale ed orizzontale,Sereno,Normale,Buona,Sufficiente,0,0,0,4,,,False
2667633,19,24/01/2016 01:30:00,Strada Urbana,in prossimit•À_,della chilometrica,GALLERIA GIOVANNI XXIII,,1.5,,Veicolo in marcia contro ostacolo fisso,Galleria illuminata,Una carreggiata a senso unico di marcia,Asciutto,Asfaltata,Verticale ed orizzontale,Sereno,Scarso,Sufficiente,Sufficiente,0,0,0,4,"1,244,177","4,194,068",True
2666476,8,24/01/2016 01:35:00,Statale entro l'abitato,da specificare,,VIA TIBURTINA,,,altezza Via Tivoli,Scontro frontale/laterale SX fra veicoli in marcia,Rettilineo,Una carreggiata a doppio senso,Asciutto,Asfaltata,Verticale ed orizzontale,Sereno,Normale,Insufficiente,Insufficiente,1,0,0,2,,,False
2667031,20,24/01/2016 02:00:00,,da specificare,,VIA DI GROTTAROSSA,,,in prossimit•À_ di Ospedale Sant'Andrea,Fuoriuscita dalla sede stradale,,,,,,,,,,0,0,0,1,,,False
2667474,7,24/01/2016 02:45:00,Strada Urbana,all'intersezione semaforizzata con,VIA DI PORTONACCIO,VIA TIBURTINA,VIA DI PORTONACCIO,,,Scontro frontale/laterale DX fra veicoli in marcia,Incrocio,Una carreggiata a doppio senso,Asciutto,Asfaltata,Verticale ed orizzontale,Sereno,Scarso,Buona,Sufficiente,0,0,0,2,"1,253,415","4,190,822",False
2666475,8,24/01/2016 02:55:00,Strada Urbana,in corrispondenza,del civico n.,VIA DEI DUE PONTI,,257,,Scontro laterale fra veicoli in marcia,Curva a visuale libera,Una carreggiata a doppio senso,Asciutto,Asfaltata,Verticale ed orizzontale,Sereno,Scarso,Sufficiente,Sufficiente,0,0,0,3,"124,484","4,196,469",True
2667598,4,24/01/2016 03:15:00,Strada Urbana,da specificare,,VIA JACOPO SANNAZZARO,,,prox V. Nomentana cors di marc direz. Via Montasio,Veicolo in marcia contro veicoli in sosta,Rettilineo,Due carreggiate,Asciutto,Asfaltata,Verticale ed orizzontale,Sereno,Scarso,Sufficiente,Sufficiente,0,0,0,1,"1,254,096","4,193,964",True
2667354,11,24/01/2016 04:00:00,Strada Urbana,in corrispondenza,del civico n.,VIA PORTUENSE,,226,,Scontro frontale fra veicoli in marcia,Sottopasso non illuminato,Una carreggiata a doppio senso,Asciutto,Asfaltata,Verticale ed orizzontale,Sereno,Scarso,Buona,Insufficiente,3,0,0,0,"1,246,079","4,186,604",True
2670206,18,24/01/2016 04:15:00,Strada Urbana,all'intersezione con,VIA TRIBONIANO,PIAZZA DEI TRIBUNALI,VIA TRIBONIANO,,,Veicolo in marcia contro ostacolo fisso,Incrocio,Una carreggiata a senso unico di marcia,Asciutto,Asfaltata,Verticale ed orizzontale,Sereno,Scarso,Buona,Sufficiente,0,0,0,1,"1,246,979","4,190,317",True
2667529,5,24/01/2016 05:45:00,Strada Urbana,all'intersezione semaforizzata con,VIA GIOVANNI ZANARDINI,VIALE KANT,VIA GIOVANNI ZANARDINI,,,Scontro laterale fra veicoli in marcia,Intersezione semaforizzata,Due carreggiate,Asciutto,Asfaltata,Verticale ed orizzontale,Sereno,Scarso,Sufficiente,Sufficiente,0,0,0,2,"1,255,329","4,193,649",True
2667345,10,24/01/2016 05:45:00,,all'intersezione semaforizzata con,VIA DI CASAL BRUCIATO,VIA TIBURTINA,VIA DI CASAL BRUCIATO,,,Scontro frontale/laterale SX fra veicoli in marcia,,,,,,,,,,1,1,0,4,,,False
2667641,4,24/01/2016 07:10:00,Statale,da specificare,,RACCORDO SALARIO SETTEBAGNI,,,"VIA SALARIA KM 15,100",Veicolo in marcia contro ostacolo accidentale,Curva a visuale libera,Due carreggiate,Bagnato (umidit•À_ in atto),Asfaltata,Verticale ed orizzontale,Sereno,Scarso,Sufficiente,Sufficiente,1,0,0,0,"1,251,737","4,200,904",False
2667330,10,24/01/2016 10:40:00,,all'intersezione semaforizzata con,VIA DEI SETTE METRI,VIA ANAGNINA,VIA DEI SETTE METRI,,,Tamponamento Multiplo,,,,,,,,,,1,0,0,2,,,False