ID,Gruppo,_DataOraIncidente,_Localizzazione1,_Localizzazione2,Strada02,Strada1,Strada2,Chilometrica,DaSpecificare,_NaturaIncidente,_ParticolaritaStrade,_TipoStrada,_FondoStradale,_Pavimentazione,_Segnaletica,_CondizioneAtmosferica,_Traffico,_Visibilita,_Illuminazione,NUM_FERITI,_NUM_RISERVATA,_NUM_MORTI,_NUM_ILLESI,Longitudine,Latitudine,CONFERMATO
2667787,2,24/01/2016 10:45:00,,in prossimit•À_,del civico n.,VIA DEI CAMPI SPORTIVI,,43,,Scontro frontale/laterale SX fra veicoli in marcia,,,,,,,,,,1,0,0,2,,,False
2667320,20,24/01/2016 11:15:00,Regionale entro l'abitato,in corrispondenza,del civico n.,VIA CASSIA,,1776,,Scontro frontale/laterale DX fra veicoli in marcia,Rettilineo,Una carreggiata a doppio senso,Asciutto,Asfaltata,Verticale ed orizzontale,Sereno,Normale,Buona,Ore Diurne,0,0,0,2,"1,237,716","4,201,302",True
2668650,17,24/01/2016 11:25:00,Strada Urbana,all'intersezione con,VIALE VATICANO,VIA LEONE IV,VIALE VATICANO,,,Scontro frontale/laterale SX fra veicoli in marcia,Incrocio,Una carreggiata a doppio senso,Asciutto,Asfaltata,Verticale ed orizzontale,Sereno,Normale,Sufficiente,Ore Diurne,0,0,0,3,"1,245,542","4,190,824",True
2667651,19,24/01/2016 11:30:00,Strada Urbana,in prossimit•À_,del palo luce n.,VIA DELLA STORTA,,156,,Veicolo in marcia contro ostacolo accidentale,Rettilineo,Una carreggiata a doppio senso,Asciutto,Asfaltata,Orizzontale,Sereno,Scarso,Buona,Ore Diurne,0,0,0,1,"1,235,659","4,195,127",True
2667313,8,24/01/2016 11:40:00,Strada Urbana,in prossimit•À_,del civico n.,VIA DI TOR BELLA MONACA,,483,,Scontro laterale fra veicoli in marcia,Rettilineo,Due carreggiate,Asciutto,Asfaltata,Verticale,Sereno,Scarso,Buona,Ore Diurne,0,0,0,2,"1,263,195","4,187,261",False
2667543,7,24/01/2016 12:05:00,Strada Urbana,da specificare,,VIALE PALMIRO TOGLIATTI,,,ALTEZZA VIA COLLATINA,Tamponamento,Rettilineo,Una carreggiata a doppio senso,Asciutto,Asfaltata,Orizzontale,Sereno,Normale,Buona,Ore Diurne,1,0,0,2,"1,257,417","4,190,315",False
2667677,4,24/01/2016 12:05:00,Statale entro l'abitato,all'intersezione semaforizzata con,VIA DI CASTEL GIUBILEO,VIA SALARIA,VIA DI CASTEL GIUBILEO,,,Scontro laterale fra veicoli in marcia,Intersezione semaforizzata,Due carreggiate,Asciutto,Asfaltata,Verticale ed orizzontale,Sereno,Normale,Buona,Ore Diurne,1,0,0,3,,,False
2667778,3,24/01/2016 12:20:00,,all'intersezione semaforizzata con,VIALE DELLE SCIENZE,VIALE DELL'UNIVERSITA',VIALE DELLE SCIENZE,,,Investimento di pedone,,,,,,,,,,1,0,0,1,,,False
2667622,13,24/01/2016 12:40:00,Strada Urbana,all'intersezione con,VIA DEI TRAGHETTI,VIA DEI VELIERI,VIA DEI TRAGHETTI,,,Scontro frontale/laterale DX fra veicoli in marcia,Incrocio,Due carreggiate,Asciutto,Asfaltata,Verticale ed orizzontale,Sereno,Normale,Buona,Ore Diurne,1,0,0,4,"1,227,584","4,173,681",False
2667358,8,24/01/2016 12:45:00,,da specificare,,VIA PRENESTINA,,,IN PROSSIMTA' VIA OLLOLAI,Veicolo in marcia contro ostacolo accidentale,,,,,,,,,,0,0,0,2,,,False
2667669,19,24/01/2016 13:00:00,Strada Urbana,in prossimit•À_,del civico n.,VIA PIETRO MAFFI,,151,,Investimento di pedone,Rettilineo,Una carreggiata a doppio senso,Asciutto,Asfaltata,Orizzontale,Sereno,Normale,Buona,Ore Diurne,0,0,0,3,"1,242,022","4,192,652",True
2667365,20,24/01/2016 13:10:00,Regionale,da specificare,,VIA FLAMINIA,,,pross. Grottarossa zona industriale dir. centro,Tamponamento,Rettilineo,Due carreggiate,Asciutto,Asfaltata,Verticale ed orizzontale,Sereno,Normale,Buona,Ore Diurne,0,0,0,2,"1,249,274","4,197,366",True
2667339,8,24/01/2016 13:10:00,Strada Urbana,in prossimit•À_,del civico n.,VIA DI TORRENOVA,,155,,Scontro frontale/laterale SX fra veicoli in marcia,Rettilineo,Una carreggiata a doppio senso,Asciutto,Asfaltata,Verticale,Sereno,Normale,Buona,Ore Diurne,1,0,0,4,"1,261,937","4,187,459",False
2667340,10,24/01/2016 13:10:00,Strada Urbana,all'intersezione con,VIA GIUSEPPE DEVERS,VIA ANTONIO SARGENTI,VIA GIUSEPPE DEVERS,,,Scontro frontale fra veicoli in marcia,Incrocio,Una carreggiata a doppio senso,Asciutto,Asfaltata,Assente,Sereno,Scarso,Buona,Ore Diurne,1,0,0,3,"1,260,381","4,184,005",True
2667695,4,24/01/2016 13:20:00,Strada Urbana,all'intersezione con,VIA VILLA DI FAONTE,VIA DELLA BUFALOTTA,VIA VILLA DI FAONTE,,,Scontro laterale fra veicoli in marcia,Intersezione stradale segnalata,Una carreggiata a doppio senso,Asciutto,Asfaltata,Verticale ed orizzontale,Sereno,Scarso,Buona,Ore Diurne,1,0,0,1,"1,254,217","4,195,093",False
2667545,2,24/01/2016 13:20:00,Strada Urbana,all'intersezione con,VIA GIOVANNI PACINI,LARGO BENEDETTO MARCELLO,VIA GIOVANNI PACINI,,,Tamponamento,Incrocio,Una carreggiata a doppio senso,Asciutto,Asfaltata,Verticale ed orizzontale,Sereno,Normale,Buona,Ore Diurne,0,0,0,3,"1,249,719","4,191,831",True
2667752,4,24/01/2016 13:30:00,Strada Urbana,all'intersezione con,VIA MONTE PETRELLA,VIA DELLE ISOLE CURZOLANE,VIA MONTE PETRELLA,,,Scontro frontale/laterale DX fra veicoli in marcia,Incrocio,Due carreggiate,Asciutto,Asfaltata,Verticale ed orizzontale,Sereno,Scarso,Buona,Ore Diurne,1,0,0,1,"1,253,194","4,194,885",False
2667750,13,24/01/2016 13:30:00,Strada Urbana,da specificare,,LUNGOMARE AMERIGO VESPUCCI,,,fronte stabilimento Venezia,Scontro frontale/laterale SX fra veicoli in marcia,Rettilineo,Due carreggiate,Asciutto,Asfaltata,Orizzontale,Sereno,Normale,Buona,Ore Diurne,0,0,0,2,"1,233,402","4,170,723",True
2669544,12,24/01/2016 14:30:00,Strada Urbana,in corrispondenza,del civico n.,VIA LAURENTINA,,660,,Scontro laterale fra veicoli in marcia,Rettilineo,Una carreggiata a doppio senso,Asciutto,Asfaltata,Verticale ed orizzontale,Sereno,Normale,Buona,Sufficiente,0,0,0,3,"1,248,163","4,181,884",True
2667413,15,24/01/2016 15:10:00,Strada Urbana,da specificare,,VIALE GUGLIELMO MARCONI,,,prossimit•À_ civico 106,Tamponamento,Rettilineo,Due carreggiate,Asciutto,Asfaltata,Orizzontale,Sereno,Normale,Buona,Ore Diurne,0,0,0,5,"1,247,124","4,185,748",True
2667828,2,24/01/2016 15:20:00,Strada Urbana,all'intersezione semaforizzata con,VIA GUALTIERO CASTELLINI,VIALE PARIOLI,VIA GUALTIERO CASTELLINI,,,Tamponamento,Incrocio,Una carreggiata a doppio senso,Asciutto,Asfaltata,Verticale ed orizzontale,Sereno,Normale,Sufficiente,Ore Diurne,0,0,0,2,"1,248,921","4,192,532",True
2667556,2,24/01/2016 15:55:00,Strada Urbana,all'intersezione semaforizzata con,VIA TEVERE,VIA PO,VIA TEVERE,,,Scontro frontale/laterale DX fra veicoli in marcia,,Una carreggiata a doppio senso,Asciutto,Asfaltata,Verticale ed orizzontale,Sereno,Normale,Buona,Ore Diurne,2,0,0,1,,,False
2711588,5,24/01/2016 16:00:00,Strada Urbana,all'intersezione con,VIA RUBELLIA,VIA DI CASAL BIANCO,VIA RUBELLIA,,,Scontro frontale/laterale SX fra veicoli in marcia,Intersezione stradale segnalata,Una carreggiata a doppio senso,Asciutto,Asfaltata,Verticale ed orizzontale,Sereno,Normale,Sufficiente,Ore Diurne,0,0,0,4,,,False
2667446,17,24/01/2016 16:15:00,Strada Urbana,all'intersezione con,VIA ANTONIO CANTORE,VIA MONTE ZEBIO,VIA ANTONIO CANTORE,,,Scontro frontale/laterale DX fra veicoli in marcia,Incrocio,Pi•À_ di due carreggiate,Asciutto,Asfaltata,Verticale ed orizzontale,Sereno,Scarso,Buona,Ore Diurne,0,0,0,7,"1,246,489","4,191,816",True
2667659,4,24/01/2016 16:50:00,Strada Urbana,in corrispondenza,del civico n.,VIALE ADRIATICO,,11,,Scontro laterale fra veicoli in marcia,Rettilineo,Una carreggiata a senso unico di marcia,Asciutto,Asfaltata,Orizzontale,Sereno,Normale,Buona,Sufficiente,0,0,0,3,"1,253,494","4,193,787",True
2667360,8,24/01/2016 18:00:00,,in prossimit•À_,del civico n.,VIALE DI TORRE MAURA,,40,,Veicolo in marcia contro ostacolo accidentale,,,,,,,,,,0,0,0,2,,,False
2690467,18,24/01/2016 18:00:00,Strada Urbana,in prossimit•À_,del civico n.,VIA MATTIA BATTISTINI,,11,,Scontro laterale fra veicoli in marcia,Rettilineo,Una carreggiata a doppio senso,Asciutto,Asfaltata,Verticale ed orizzontale,Sereno,Normale,Buona,Ore Diurne,0,0,0,6,"1,241,084","4,190,551",True
2668241,3,24/01/2016 18:10:00,,da specificare,,PIAZZALE DEL VERANO,,,altezza civ. 37,Scontro frontale fra veicoli in marcia,,,,,,,,,,1,0,0,2,,,False
2667347,10,24/01/2016 18:30:00,Strada Urbana,da specificare,,VIA TUSCOLANA,,,svincolo inversione di marcia alt. GRA,Scontro frontale/laterale SX fra veicoli in marcia,Rettilineo,Una carreggiata a senso unico di marcia,Asciutto,Asfaltata,Assente,Sereno,Normale,Buona,Sufficiente,0,0,0,3,"1,258,746","4,184,126",True
2667650,19,24/01/2016 18:40:00,Strada Urbana,da specificare,,VIA DELLA BALDUINA,,,altezza via Giorgio Morpurgo,Tamponamento,Rettilineo,Una carreggiata a doppio senso,Asciutto,Asfaltata,Verticale ed orizzontale,Sereno,Normale,Buona,Sufficiente,0,0,0,2,"1,244,041","4,192,067",True
2667496,1,24/01/2016 19:00:00,Strada Urbana,in corrispondenza,del palo luce n.,PONTE SUBLICIO,,7,,Scontro laterale fra veicoli in marcia,Rettilineo,Una carreggiata a doppio senso,Asciutto,Asfaltata,Verticale ed orizzontale,Sereno,Normale,Buona,Sufficiente,0,0,0,2,"1,247,538","4,188,313",True
2667880,16,24/01/2016 19:00:00,Strada Urbana,in corrispondenza,del civico n.,VIA DI VAL TELLINA,,61,,Scontro laterale fra veicoli in marcia,Rettilineo,Una carreggiata a doppio senso,Asciutto,Asfaltata,Orizzontale,Sereno,Normale,Sufficiente,Sufficiente,0,1,0,4,"1,244,786","4,186,742",False
2667335,8,24/01/2016 19:30:00,,in prossimit•À_,del palo luce n.,VIA CONTESSA ENTELLINA,,8,,Veicolo in marcia contro ostacolo accidentale,,,,,,,,,,0,0,0,1,,,False
2667334,8,24/01/2016 19:30:00,,da specificare,,VIA CASILINA,,,ALT. VIA E BREDA,Veicolo in marcia contro ostacolo accidentale,,,,,,,,,,0,0,0,1,,,False
2667332,8,24/01/2016 19:40:00,,da specificare,,VIA CASILINA,,,ALT. VIA E BREDA,Veicolo in marcia contro ostacolo accidentale,,,,,,,,,,0,0,0,1,,,False
2667518,5,24/01/2016 19:50:00,Strada Urbana,da specificare,,VIA DI PIETRALATA,,,prossimit•À_ civico 517/B,Scontro frontale/laterale DX fra veicoli in marcia,Rettilineo,Una carreggiata a doppio senso,Asciutto,Asfaltata,Orizzontale,Sereno,Scarso,Sufficiente,Sufficiente,1,0,0,2,"1,255,552","4,191,626",True
2668212,16,24/01/2016 20:15:00,Strada Urbana,da specificare,,VIA SILVESTRI,,,in prossimit•À_ svincolo civico 20,Scontro frontale/laterale SX fra veicoli in marcia,Rettilineo,Una carreggiata a doppio senso,Asciutto,Asfaltata,Verticale ed orizzontale,Sereno,Normale,Sufficiente,Sufficiente,0,0,0,2,"1,243,415","4,187,808",True
2667319,8,24/01/2016 20:25:00,,da specificare,,VIA CASILINA,,,ALT. VIA E BREDA,Veicolo in marcia contro ostacolo accidentale,,,,,,,,,,0,0,0,1,,,False
2667316,8,24/01/2016 20:30:00,,da specificare,,VIA CASILINA,,,alt. VIA BREDA DIR FUORI RM,Veicolo in marcia contro ostacolo accidentale,,,,,,,,,,0,0,0,2,,,False
2667799,3,24/01/2016 20:35:00,Strada Urbana,da specificare,,VIA TIBURTINA,,,prossimit•À_ civico 281,Investimento di pedone,Rettilineo,Una carreggiata a senso unico di marcia,Asciutto,Asfaltata,Assente,Sereno,Normale,Buona,Sufficiente,1,0,0,1,"1,251,718","4,189,992",False
2667533,7,24/01/2016 21:00:00,Strada Urbana,all'intersezione con,VIA TRANI,VIA MOLFETTA,VIA TRANI,,,Scontro frontale/laterale SX fra veicoli in marcia,Incrocio,Una carreggiata a doppio senso,Asciutto,Asfaltata,Verticale ed orizzontale,Sereno,Normale,Buona,Sufficiente,1,0,0,1,"1,257,827","4,189,004",True
2667333,8,24/01/2016 21:05:00,,da specificare,,VIA CASILINA,,,ALT. VIA E BREDA,Veicolo in marcia contro ostacolo accidentale,,,,,,,,,,0,0,0,1,,,False
2667827,3,24/01/2016 22:20:00,,all'intersezione con,PIAZZA DEGLI EUGANEI,VIA DELLE ISOLE CURZOLANE,PIAZZA DEGLI EUGANEI,,,Scontro frontale/laterale SX fra veicoli in marcia,,,,,,,,,,0,0,0,1,,,False
2668764,4,24/01/2016 23:00:00,Strada Urbana,in corrispondenza,del civico n.,VIA SCARPANTO,,33,,Veicolo in marcia contro veicolo in sosta,Rettilineo,Una carreggiata a senso unico di marcia,Asciutto,Asfaltata,Verticale ed orizzontale,Sereno,Normale,Sufficiente,Sufficiente,0,0,0,0,"1,252,735","4,194,777",True
2667336,9,24/01/2016 23:30:00,,all'intersezione con,VIA GALEAZZO ALESSI,VIALE FILARETE,VIA GALEAZZO ALESSI,,,Scontro frontale/laterale DX fra veicoli in marcia,,,,,,,,,,0,0,0,3,,,False
2667581,9,25/01/2016 01:00:00,Strada Urbana,in prossimit•À_,del civico n.,VIA RANUCCIO BIANCHI BANDINELLI,,48,,Veicolo in marcia contro ostacolo accidentale,Rettilineo,Una carreggiata a doppio senso,Asciutto,Asfaltata,Assente,Sereno,Scarso,Sufficiente,Sufficiente,0,0,0,2,"1,258,414","4,181,969",True
2667579,7,25/01/2016 01:00:00,Strada Urbana,in prossimit•À_,del civico n.,PIAZZA DEI TRIBUNI,,58,,Scontro frontale/laterale SX fra veicoli in marcia,Rotatoria,Una carreggiata a senso unico di marcia,Asciutto,Asfaltata,Verticale ed orizzontale,Sereno,Normale,Buona,Sufficiente,0,0,0,3,"1,255,027","4,186,494",True
2676221,18,25/01/2016 01:10:00,Statale,in corrispondenza,della chilometrica,VIA AURELIA,,16.1,,Veicolo in marcia contro ostacolo accidentale,Rettilineo,Due carreggiate,Asciutto,Asfaltata,Verticale ed orizzontale,Sereno,Scarso,Insufficiente,Inesistente,0,0,0,1,"1,231,861","4,188,577",True
2667390,1,25/01/2016 01:30:00,Strada Urbana,all'intersezione con,VIA QUINTINO SELLA,VIA FLAVIA,VIA QUINTINO SELLA,,,Scontro frontale/laterale DX fra veicoli in marcia,Incrocio,Una carreggiata a senso unico di marcia,Asciutto,Asfaltata,Verticale ed orizzontale,Sereno,Scarso,Buona,Sufficiente,0,0,0,3,,,False
2667569,13,25/01/2016 02:30:00,Strada Urbana,da specificare,,VIA DEL CANALE DELLA LINGUA,,,pressi VIA DEL FOSSO DI DRAGONCELLO,Veicolo in marcia contro ostacolo fisso,Curva a visuale libera,Una carreggiata a doppio senso,Asciutto,Asfaltata,Assente,Nebbia,Scarso,Buona,Sufficiente,0,0,0,4,"1,234,033","4,174,122",True
2678155,18,25/01/2016 05:00:00,Strada Urbana,in prossimit•À_,del civico n.,VIA DELLA MAGLIANELLA,,373,,Veicolo in marcia contro ostacolo fisso,Curva senza visuale libera,Una carreggiata a senso unico di marcia,Asciutto,Asfaltata,Verticale ed orizzontale,Sereno,Normale,Buona,Insufficiente,0,0,0,2,"123,841","4,191,403",True
2668228,16,25/01/2016 06:00:00,,all'intersezione con,VIA DUCHESSA DI GALLIERA,VIA FOLCO PORTINARI,VIA DUCHESSA DI GALLIERA,,,Scontro laterale fra veicoli in marcia,,,,,,,,,,1,0,0,2,,,False
2667378,2,25/01/2016 07:05:00,Strada Urbana,in corrispondenza,del civico n.,VIA SALARIA,,403,,Veicolo in marcia contro ostacolo accidentale,Rettilineo,Due carreggiate,Asciutto,Asfaltata,Verticale ed orizzontale,Sereno,Normale,Buona,Ore Diurne,0,0,0,1,"1,250,743","419,286",True
2668798,16,25/01/2016 07:30:00,Strada Urbana,all'intersezione con,LARGO ALBERTO PEPERE,VIA DEL CASALETTO,LARGO ALBERTO PEPERE,,,Scontro frontale/laterale DX fra veicoli in marcia,Incrocio,Una carreggiata a doppio senso,Asciutto,Asfaltata,Assente,Sereno,Normale,Buona,Ore Diurne,0,0,0,2,"1,243,908","4,186,997",True
2667366,18,25/01/2016 07:30:00,Strada Urbana,all'intersezione con,VIA DELLA MADONNA DEL RIPOSO,LARGO S. PIO V,VIA DELLA MADONNA DEL RIPOSO,,,Scontro laterale fra veicoli in marcia,Intersezione stradale segnalata,Una carreggiata a senso unico di marcia,Asciutto,Asfaltata,Verticale ed orizzontale,Sereno,Normale,Buona,Ore Diurne,1,0,0,1,"12,432","4,189,643",True
2668384,15,25/01/2016 07:35:00,Strada Urbana,da specificare,,VIA QUIRINO MAJORANA,,,FRONTE CIVICO 19,Veicolo in marcia contro ostacolo fisso,Rettilineo,Una carreggiata a doppio senso,Asciutto,Asfaltata,Verticale ed orizzontale,Sereno,Normale,Buona,Ore Diurne,0,0,0,1,"1,246,208","4,186,846",True
2678385,18,25/01/2016 07:50:00,Strada Urbana,da specificare,,PIAZZA IRNERIO,,,fronte via bartolo da sassoferrato,Scontro laterale fra veicoli in marcia,Rettilineo,Due carreggiate,Asciutto,Asfaltata,Verticale ed orizzontale,Sereno,Normale,Buona,Ore Diurne,0,0,0,2,"1,242,916","4,189,859",True
2667423,10,25/01/2016 08:10:00,Strada Urbana,in prossimit•À_,del civico n.,VIA STEFANO OBERTO,,35,,Scontro frontale/laterale SX fra veicoli in marcia,Rettilineo,Una carreggiata a doppio senso,Asciutto,Asfaltata,Orizzontale,Sereno,Normale,Buona,Ore Diurne,1,0,0,1,"1,258,649","4,185,038",True
2668831,4,25/01/2016 08:30:00,Strada Urbana,all'intersezione con,VIA MONTE ROCCHETTA,VIALE JONIO,VIA MONTE ROCCHETTA,,,Scontro frontale/laterale SX fra veicoli in marcia,Incrocio,Due carreggiate,Asciutto,Asfaltata,Verticale ed orizzontale,Sereno,Normale,Buona,Ore Diurne,0,0,0,2,"1,253,136","4,194,583",True
2668693,8,25/01/2016 08:35:00,Strada Urbana,all'intersezione con,VIA ESPERIDE,VIA DEI CORIBANTI,VIA ESPERIDE,,,Scontro frontale/laterale SX fra veicoli in marcia,Incrocio,Una carreggiata a doppio senso,Asciutto,Asfaltata,Orizzontale,Sereno,Scarso,Buona,Ore Diurne,0,0,0,2,"1,261,716","4,187,514",True
2669313,17,25/01/2016 08:45:00,Strada Urbana,da specificare,,VIA CANDIA,,,in prossimit•À_ di Via Santamaura,Scontro laterale fra veicoli in marcia,Rettilineo,Una carreggiata a senso unico di marcia,Asciutto,Asfaltata,Verticale ed orizzontale,Sereno,Intenso,Buona,Ore Diurne,0,0,0,2,"1,245,384","4,190,835",True
2667464,20,25/01/2016 08:50:00,,da specificare,,VIA CASSIA,,,altezza GRA uscita da carreggiata interna,Tamponamento,,,Asciutto,,,Sereno,Intenso,Buona,,1,0,0,2,,,False
2668961,16,25/01/2016 08:50:00,,in corrispondenza,del civico n.,VIALE DEI COLLI PORTUENSI,,422,,Veicolo in marcia contro ostacolo accidentale,,,,,,,,,,0,0,0,2,,,False
2667560,10,25/01/2016 08:50:00,Strada Urbana,all'intersezione con,PIAZZA FABIO SABATINI,VIA ULDERICO MAZZOLANI,PIAZZA FABIO SABATINI,,,Scontro laterale fra veicoli in marcia,Rotatoria,Due carreggiate,Asciutto,Asfaltata,Verticale ed orizzontale,Sereno,Normale,Buona,Ore Diurne,0,0,0,2,"1,259,149","4,184,665",True
2668278,3,25/01/2016 09:15:00,Strada Urbana,all'intersezione con,VIA TRAPANI,VIA COMO,VIA TRAPANI,,,Scontro frontale/laterale DX fra veicoli in marcia,Incrocio,Una carreggiata a senso unico di marcia,Asciutto,Asfaltata,Verticale ed orizzontale,Sereno,Scarso,Buona,Ore Diurne,0,0,0,2,"1,251,552","4,190,975",True
2668720,4,25/01/2016 09:15:00,Strada Urbana,all'intersezione con,VIA CECCO D'ASCOLI,VIALE JONIO,VIA CECCO D'ASCOLI,,,Scontro frontale/laterale DX fra veicoli in marcia,Incrocio,Due carreggiate,Asciutto,Asfaltata,Assente,Sereno,Scarso,Buona,Ore Diurne,0,0,0,3,"1,253,666","4,194,396",True
2667788,1,25/01/2016 09:30:00,Strada Urbana,in prossimit•À_,del palo luce n.,VIA NICOLA ZABAGLIA,,16,,Scontro laterale fra veicoli in marcia,Rettilineo,Due carreggiate,Asciutto,Asfaltata,Verticale ed orizzontale,Sereno,Normale,Buona,Ore Diurne,0,0,0,2,"1,247,617","4,187,708",True
2668641,9,25/01/2016 09:30:00,Strada Urbana,da specificare,,VIA ACAIA,,,fronte VIA VETULONIA,Scontro laterale fra veicoli in marcia,Rettilineo,Una carreggiata a doppio senso,Asciutto,Asfaltata,Verticale ed orizzontale,Sereno,Intenso,Buona,Ore Diurne,0,0,0,3,"125,075","4,187,549",True
2668390,15,25/01/2016 09:30:00,Strada Urbana,da specificare,,VIA USINI,,,PROSSIMITA' VIA PORTUENSE,Scontro laterale fra veicoli in marcia,Rettilineo,Una carreggiata a doppio senso,Asciutto,Asfaltata,Orizzontale,Sereno,Normale,Buona,Ore Diurne,1,0,0,1,"1,234,587","4,182,018",False
2667678,2,25/01/2016 09:40:00,Strada Urbana,all'intersezione con,VIA TRIPOLITANIA,VIA TRIPOLI,VIA TRIPOLITANIA,,,Scontro frontale/laterale DX fra veicoli in marcia,Incrocio,Una carreggiata a doppio senso,Asciutto,Asfaltata,Verticale ed orizzontale,Sereno,Normale,Buona,Ore Diurne,0,0,0,2,"1,251,754","4,192,888",True
2668653,8,25/01/2016 09:45:00,,in prossimit•À_,del civico n.,VIALE DI TORRE MAURA,,120,,Veicolo in marcia contro ostacolo accidentale,,,,,,,,,,0,0,0,1,,,False
2668225,3,25/01/2016 09:50:00,,all'intersezione semaforizzata con,VIALE REGINA MARGHERITA,VIA NOMENTANA,VIALE REGINA MARGHERITA,,,Scontro laterale fra veicoli in marcia,,,,,,,,,,1,0,0,1,,,False
2668903,17,25/01/2016 10:10:00,Strada Urbana,all'intersezione con,VIA ENNIO QUIRINO VISCONTI,VIA TACITO,VIA ENNIO QUIRINO VISCONTI,,,Scontro frontale/laterale SX fra veicoli in marcia,Intersezione stradale segnalata,Una carreggiata a senso unico di marcia,Asciutto,Acciotolata,Verticale ed orizzontale,Sereno,Normale,Buona,Ore Diurne,1,0,0,1,,,False
2670144,13,25/01/2016 10:10:00,Strada Urbana,all'intersezione con,VIA GIOVANNI DELLA PENNA,VIA CARLO CASINI,VIA GIOVANNI DELLA PENNA,,,Scontro frontale/laterale DX fra veicoli in marcia,Incrocio,Una carreggiata a senso unico di marcia,Asciutto,Asfaltata,Verticale,Sereno,Normale,Buona,Ore Diurne,1,0,0,1,"1,234,006","417,778",False
2668396,13,25/01/2016 10:15:00,Strada Urbana,in corrispondenza,del civico n.,LARGO RODOLFO VILLANI,,61,,Scontro laterale fra veicoli in marcia,Rettilineo,Una carreggiata a doppio senso,Asciutto,Con buche,Assente,Sereno,Scarso,Buona,Ore Diurne,0,0,0,3,"1,235,643","4,177,968",True
2668657,9,25/01/2016 10:40:00,,da specificare,,VIA DI PORTA FURBA,,,ALTEZZA VIA DEL MANDRIONE,Scontro laterale fra veicoli in marcia,,,,,,,,,,0,0,0,3,,,False
2669631,12,25/01/2016 10:50:00,Strada Urbana,da specificare,,VIA CRISTOFORO COLOMBO,,,laterale immissione Viale Marconi,Tamponamento,Rettilineo,Pi•À_ di due carreggiate,Asciutto,Asfaltata,Verticale ed orizzontale,Sereno,Intenso,Buona,Ore Diurne,1,0,0,2,"1,247,623","4,184,435",False
2668628,11,25/01/2016 11:00:00,Strada Urbana,all'intersezione con,VIA ATENE,VIALE LONDRA,VIA ATENE,,,Scontro laterale fra veicoli in marcia,Intersezione stradale segnalata,Due carreggiate,Asciutto,Asfaltata,Verticale ed orizzontale,Sereno,Scarso,Buona,Ore Diurne,0,0,0,3,"1,251,262","4,184,146",True
2668627,5,25/01/2016 11:50:00,Strada Urbana,in corrispondenza,del civico n.,VIA GIUSEPPE ANTONIO PASQUALE,,26,,Scontro frontale/laterale SX fra veicoli in marcia,Rettilineo,Una carreggiata a doppio senso,Asciutto,Asfaltata,Assente,Sereno,Scarso,Buona,Ore Diurne,0,0,0,2,"1,255,085","4,193,653",False
2669229,16,25/01/2016 12:10:00,Strada Urbana,in corrispondenza,del civico n.,VIA PORTUENSE,,94,,Tamponamento,Rettilineo,Una carreggiata a doppio senso,Asciutto,Asfaltata,Verticale ed orizzontale,Sereno,Normale,Buona,Ore Diurne,0,0,0,2,"1,246,825","4,187,795",True
2668689,19,25/01/2016 12:30:00,Strada Urbana,in prossimit•À_,del civico n.,VIA TRIONFALE,,7300,,Scontro frontale/laterale DX fra veicoli in marcia,Curva a visuale libera,Una carreggiata a doppio senso,Asciutto,Asfaltata,Verticale ed orizzontale,Sereno,Normale,Buona,Ore Diurne,1,0,0,1,"1,243,626","4,193,624",True
2668926,3,25/01/2016 12:45:00,Strada Urbana,da specificare,,VIA NOMENTANA,,,fronte civ. 301/B,Scontro frontale/laterale DX fra veicoli in marcia,Rettilineo,Pi•À_ di due carreggiate,Asciutto,Asfaltata,Verticale ed orizzontale,Sereno,Normale,Buona,Ore Diurne,0,0,0,3,"125,127","4,191,739",False
2668856,4,25/01/2016 13:00:00,Provinciale entro l'abitato,da specificare,,VIA NOMENTANA,,,pross. via Zanardini,Tamponamento Multiplo,Rettilineo,Una carreggiata a doppio senso,Asciutto,Asfaltata,Orizzontale,Sereno,Normale,Buona,Ore Diurne,3,0,0,3,"1,255,238","4,194,111",False
2668684,11,25/01/2016 13:00:00,Strada Urbana,da specificare,,PIAZZALE DEI CADUTI DELLA MONTAGNOLA,,,alt.via Acri,Scontro frontale fra veicoli in marcia,Rettilineo,Due carreggiate,Asciutto,Asfaltata,Verticale ed orizzontale,Sereno,Normale,Buona,Ore Diurne,1,0,0,1,"1,248,402","4,184,489",True
2668593,15,25/01/2016 13:03:00,Strada Urbana,all'intersezione con,VIA PORTUENSE,VIA DELLE VIGNE,VIA PORTUENSE,,,Scontro laterale fra veicoli in marcia,Incrocio,Una carreggiata a doppio senso,Asciutto,Asfaltata,Assente,Sereno,Intenso,Buona,Ore Diurne,1,0,0,1,"1,242,195","4,184,034",False
2668373,2,25/01/2016 13:10:00,Strada Urbana,all'intersezione con,VIA JUGOSLAVIA,VIALE XVII OLIMPIADE,VIA JUGOSLAVIA,,,Scontro frontale/laterale SX fra veicoli in marcia,Incrocio,Una carreggiata a doppio senso,Asciutto,Asfaltata,Verticale ed orizzontale,Sereno,Scarso,Buona,Ore Diurne,0,0,0,3,"1,247,567","4,193,281",True
2668751,4,25/01/2016 13:15:00,Strada Urbana,all'intersezione con,VIA CARLO LUDOVICO BRAGAGLIA,VIA FERRUCCIO AMENDOLA,VIA CARLO LUDOVICO BRAGAGLIA,,,Scontro laterale fra veicoli in marcia,Intersezione stradale segnalata,Una carreggiata a doppio senso,Asciutto,Asfaltata,Verticale ed orizzontale,Sereno,Scarso,Buona,Ore Diurne,1,0,0,4,"1,253,417","4,196,838",False