ID,Gruppo,_DataOraIncidente,_Localizzazione1,_Localizzazione2,Strada02,Strada1,Strada2,Chilometrica,DaSpecificare,_NaturaIncidente,_ParticolaritaStrade,_TipoStrada,_FondoStradale,_Pavimentazione,_Segnaletica,_CondizioneAtmosferica,_Traffico,_Visibilita,_Illuminazione,NUM_FERITI,_NUM_RISERVATA,_NUM_MORTI,_NUM_ILLESI,Longitudine,Latitudine,CONFERMATO
2675957,3,27/01/2016 08:30:00,Strada Urbana,all'intersezione con,VIA CARLO FEA,VIA GIUSEPPE MARCHI,VIA CARLO FEA,,,Scontro frontale/laterale DX fra veicoli in marcia,Intersezione stradale segnalata,Due carreggiate,Asciutto,Asfaltata,Verticale,Sereno,Scarso,Buona,Ore Diurne,0,0,0,3,"1,251,846","4,191,901",True
2670350,18,27/01/2016 08:35:00,Strada Urbana,all'intersezione con,VIA SORISO,VIA DI BOCCEA,VIA SORISO,,,Scontro frontale fra veicoli in marcia,Intersezione non regolata/non segnalata,Due carreggiate,Asciutto,Asfaltata,Orizzontale,Sereno,Normale,Buona,Ore Diurne,1,0,0,4,"1,241,039","4,190,381",True
2671089,15,27/01/2016 08:40:00,,in corrispondenza,del civico n.,VIA DELLA MAGLIANA NUOVA,,160,,Scontro laterale fra veicoli in marcia,,,,,,,,,,2,0,0,2,"1,245,722","4,185,354",False
2670601,1,27/01/2016 08:50:00,Strada Urbana,all'intersezione con,VIA BIXIO,VIA EMANUELE FILIBERTO,VIA BIXIO,,,Scontro frontale/laterale SX fra veicoli in marcia,Incrocio,Una carreggiata a doppio senso,Asciutto,Asfaltata,Verticale ed orizzontale,Sereno,Normale,Buona,Ore Diurne,1,0,0,1,"1,250,685","4,189,009",True
2670322,10,27/01/2016 09:00:00,Strada Urbana,all'intersezione con,VIA LEMONIA,VIA LUCIO PAPIRIO,VIA LEMONIA,,,Veicolo in marcia contro veicolo fermo,Incrocio,Una carreggiata a senso unico di marcia,Asciutto,Asfaltata,Orizzontale,Sereno,Scarso,Buona,Ore Diurne,0,0,0,1,,,False
2671500,11,27/01/2016 09:00:00,Strada Urbana,all'intersezione con,CIRCONVALLAZIONE OSTIENSE,VIA OSTIENSE,CIRCONVALLAZIONE OSTIENSE,,,Investimento di pedone,Intersezione semaforizzata,Due carreggiate,Asciutto,Asfaltata,Verticale ed orizzontale,Sereno,Normale,Buona,Ore Diurne,2,0,0,0,"124,795","4,186,773",True
2670315,7,27/01/2016 09:00:00,Strada Urbana,in prossimit•À_,del civico n.,VIA COLLATINA,,126,,Scontro frontale/laterale DX fra veicoli in marcia,Rettilineo,Una carreggiata a doppio senso,Asciutto,Asfaltata,Orizzontale,Sereno,Normale,Buona,Ore Diurne,1,0,0,1,"1,256,959","4,190,178",True
2671199,13,27/01/2016 09:05:00,Strada Urbana,in corrispondenza,della chilometrica,VIA DEL MARE,,25.1,,Scontro laterale fra veicoli in marcia,Rettilineo,Una carreggiata a senso unico di marcia,Asciutto,Asfaltata,Verticale ed orizzontale,Sereno,Normale,Buona,Ore Diurne,1,0,0,1,"1,230,722","4,176,238",False
2672367,12,27/01/2016 09:10:00,Strada Urbana,all'intersezione con,VIALE EGEO,VIALE DEI PRIMATI SPORTIVI,VIALE EGEO,,,Scontro frontale/laterale SX fra veicoli in marcia,Incrocio,Una carreggiata a doppio senso,Asciutto,Asfaltata,Orizzontale,Sereno,Normale,Buona,Ore Diurne,0,0,0,2,"1,245,475","4,182,688",True
2671732,2,27/01/2016 09:15:00,,all'intersezione con,PIAZZALE BRASILE,VIA PINCIANA,PIAZZALE BRASILE,,,Scontro laterale fra veicoli in marcia,,,,,,,,,,1,0,0,1,,,False
2671734,2,27/01/2016 09:15:00,,in prossimit•À_,del civico n.,VIA DEL FORO ITALICO,,633,,Scontro laterale fra veicoli in marcia,,,,,,,,,,2,0,0,1,,,False
2675978,3,27/01/2016 09:30:00,Strada Urbana,da specificare,,VIA NOMENTANA,,,fronte civ. 83,Tamponamento,Rettilineo,Pi•À_ di due carreggiate,Asciutto,Asfaltata,Verticale ed orizzontale,Nuvoloso,Normale,Buona,Ore Diurne,1,0,0,1,"1,250,367","4,191,114",False
2671693,17,27/01/2016 09:35:00,Strada Urbana,all'intersezione con,VIA EMILIO FAA' DI BRUNO,VIA DELLA GIULIANA,VIA EMILIO FAA' DI BRUNO,,,Scontro frontale/laterale DX fra veicoli in marcia,Intersezione stradale segnalata,Una carreggiata a doppio senso,Asciutto,Asfaltata,Verticale ed orizzontale,Sereno,Normale,Buona,Ore Diurne,1,0,0,1,"1,245,419","4,191,351",False
2671569,11,27/01/2016 09:45:00,Strada Urbana,all'intersezione semaforizzata con,VIA FLAVIO DOMIZIANO,VIA CRISTOFORO COLOMBO,VIA FLAVIO DOMIZIANO,,,Scontro frontale/laterale DX fra veicoli in marcia,Incrocio,Pi•À_ di due carreggiate,Asciutto,Asfaltata,Verticale ed orizzontale,Nuvoloso,Normale,Buona,Ore Diurne,1,0,0,1,"124,858","4,185,105",True
2670456,20,27/01/2016 10:00:00,Strada Urbana,all'intersezione con,VIALE DI TOR DI QUINTO,VIA CIVITA CASTELLANA,VIALE DI TOR DI QUINTO,,,Scontro laterale fra veicoli in marcia,Incrocio,Una carreggiata a doppio senso,Asciutto,Asfaltata,Verticale ed orizzontale,Nuvoloso,Scarso,Sufficiente,Ore Diurne,0,0,0,2,"1,247,066","4,193,724",True
2671522,9,27/01/2016 10:00:00,,in corrispondenza,del civico n.,VIA TARANTO,,57g,,Investimento di pedone,,,,,,,,,,1,0,0,1,,,False
2671894,16,27/01/2016 10:15:00,,in prossimit•À_,del civico n.,VIA FRANCESCO MARIA GALLUZZI,,3,,Scontro frontale/laterale DX fra veicoli in marcia,,,,,,,,,,1,0,0,1,,,False
2671919,16,27/01/2016 10:20:00,Strada Urbana,all'intersezione con,VIA DEGLI STRADIVARI,LUNGOTEVERE PORTUENSE,VIA DEGLI STRADIVARI,,,Tamponamento,Intersezione stradale segnalata,Due carreggiate,Asciutto,Asfaltata,Verticale,Sereno,Normale,Buona,Ore Diurne,0,0,0,2,"1,246,972","4,187,516",True
2670596,19,27/01/2016 10:45:00,Strada Urbana,in corrispondenza,del civico n.,VIA ARTURO DONAGGIO,,30,,Veicolo in marcia contro veicolo in sosta,Rettilineo,Una carreggiata a senso unico di marcia,Asciutto,Asfaltata,Assente,Sereno,Scarso,Buona,Ore Diurne,0,0,0,2,"1,241,239","4,192,587",True
2671547,11,27/01/2016 10:50:00,Strada Urbana,all'intersezione con,VIA DEI CADUTI SENZA CROCE,VIALE GUGLIELMO MARCONI,VIA DEI CADUTI SENZA CROCE,,,Scontro laterale fra veicoli in marcia,Incrocio,Due carreggiate,Asciutto,Asfaltata,Verticale ed orizzontale,Sereno,Normale,Buona,Ore Diurne,0,0,0,3,"124,739","4,185,113",True
2671202,13,27/01/2016 11:00:00,Strada Urbana,in corrispondenza,del civico n.,VIA FRANCESCO INGOLI,,27,,Veicolo in marcia contro veicolo in sosta,Rettilineo,Una carreggiata a senso unico di marcia,Asciutto,Asfaltata,Verticale ed orizzontale,Sereno,Normale,Buona,Ore Diurne,0,0,0,1,"1,236,363","4,178,331",True
2671204,13,27/01/2016 11:50:00,,in corrispondenza,della chilometrica,VIA CRISTOFORO COLOMBO,,20.1,,Scontro laterale fra veicoli in marcia,,,,,,,,,,0,0,0,2,"1,244,704","4,180,373",False
2671532,11,27/01/2016 12:00:00,Strada Urbana,all'intersezione con,VIA MOSCA,VIA CALDERON DE LA BARCA,VIA MOSCA,,,Veicolo in marcia contro veicolo in sosta,Intersezione stradale segnalata,Due carreggiate,Asciutto,Asfaltata,Verticale ed orizzontale,Sereno,Scarso,Buona,Ore Diurne,0,0,0,1,"1,251,189","4,184,103",True
2670731,6,27/01/2016 12:20:00,Strada Urbana,all'intersezione semaforizzata con,VIA ANAGNI,VIA TOR DE' SCHIAVI,VIA ANAGNI,,,Scontro frontale fra veicoli in marcia,Intersezione semaforizzata,Due carreggiate,Asciutto,Asfaltata,Verticale ed orizzontale,Nuvoloso,Normale,Buona,Ore Diurne,0,0,0,2,,,False
2672182,23,27/01/2016 12:30:00,Strada Urbana,all'intersezione semaforizzata con,PONTE GUGLIELMO MARCONI,PIAZZALE TOMMASO EDISON,PONTE GUGLIELMO MARCONI,,,Scontro frontale/laterale DX fra veicoli in marcia,Intersezione semaforizzata,Due carreggiate,Asciutto,Asfaltata,Verticale ed orizzontale,Sereno,Normale,Buona,Ore Diurne,0,0,0,2,"124,713","4,185,862",False
2671247,15,27/01/2016 12:30:00,,all'intersezione semaforizzata con,VIA QUIRINO MAJORANA,VIA ODERISI DA GUBBIO,VIA QUIRINO MAJORANA,,,Tamponamento,,,,,,,,,,1,0,0,1,,,False
2672334,12,27/01/2016 12:35:00,Provinciale entro l'abitato,da specificare,,VIA LAURENTINA,,,civ. 536 dir. Gra,Tamponamento,Rettilineo,Due carreggiate,Asciutto,Asfaltata,Verticale ed orizzontale,Sereno,Normale,Buona,Ore Diurne,0,0,0,3,"1,247,922","4,182,483",True
2671126,1,27/01/2016 12:45:00,Strada Urbana,in prossimit•À_,del civico n.,VIA DI S. GIOVANNI IN LATERANO,,76,,Tamponamento,Rettilineo,Una carreggiata a doppio senso,Asciutto,Asfaltata,Verticale ed orizzontale,Sereno,Normale,Buona,Ore Diurne,0,0,0,2,,,False
2671538,5,27/01/2016 12:50:00,,da specificare,,VIALE DEL TECNOPOLO,,,tratto C.A.R.- A24 SVINCOLO USCITA DA SETTECAMINI,Scontro frontale fra veicoli in marcia,,,,,,,,,,1,0,0,0,"126,431","4,192,558",False
2676007,3,27/01/2016 12:50:00,,da specificare,,VIALE DELL'UNIVERSITA',,,fronte Piazza Confienza,Scontro laterale fra veicoli in marcia,,,,,,,,,,1,0,0,1,,,False
2670807,10,27/01/2016 13:00:00,Statale entro l'abitato,all'intersezione semaforizzata con,VIA APPIA NUOVA,VIA APPIA NUOVA,VIA APPIA NUOVA,,,Scontro laterale fra veicoli in marcia,Intersezione semaforizzata,Due carreggiate,Asciutto,Asfaltata,Verticale ed orizzontale,Sereno,Normale,Buona,Ore Diurne,4,0,0,0,,,False
2671158,1,27/01/2016 13:30:00,Strada Urbana,in corrispondenza,del civico n.,LARGO DELLA FONTANELLA DI BORGHESE,,77,,Veicolo in marcia contro veicolo in sosta,Rettilineo,Una carreggiata a senso unico di marcia,Asciutto,In cubetti di porfido,Verticale ed orizzontale,Sereno,Normale,Buona,Ore Diurne,0,0,0,2,"124,771","4,190,376",True
2671558,19,27/01/2016 14:00:00,Strada Urbana,in prossimit•À_,del civico n.,VIA PIETRO MAFFI,,84,,Scontro frontale/laterale DX fra veicoli in marcia,Rettilineo,Una carreggiata a doppio senso,Asciutto,Asfaltata,Verticale ed orizzontale,Sereno,Normale,Sufficiente,Ore Diurne,0,0,0,3,"1,241,887","4,192,445",True
2682767,18,27/01/2016 14:00:00,Strada Urbana,in prossimit•À_,del civico n.,PIAZZA DI VILLA CARPEGNA,,46,,Veicolo in marcia contro veicolo fermo,Rettilineo,Una carreggiata a senso unico di marcia,Asciutto,Asfaltata,Verticale ed orizzontale,Sereno,Normale,Buona,Ore Diurne,0,0,0,2,"1,242,974","4,189,541",False
2671563,5,27/01/2016 14:00:00,Strada Urbana,all'intersezione con,VIA PIEVEBOVIGLIANA,LARGO CAMERANO,VIA PIEVEBOVIGLIANA,,,Scontro frontale/laterale DX fra veicoli in marcia,Incrocio,Una carreggiata a doppio senso,Asciutto,Asfaltata,Verticale ed orizzontale,Sereno,Normale,Buona,Ore Diurne,2,0,0,0,"1,258,697","419,394",False
2671077,19,27/01/2016 14:15:00,Strada Urbana,in prossimit•À_,del civico n.,VIA ANDERSEN,,135,,Scontro laterale fra veicoli in marcia,Rettilineo,Una carreggiata a doppio senso,Asciutto,Asfaltata,Orizzontale,Sereno,Normale,Buona,Ore Diurne,1,0,0,1,"1,239,853","4,192,151",True
2671530,11,27/01/2016 14:30:00,Strada Urbana,da specificare,,VIALE GUGLIELMO MARCONI,,,in prossimit•À_ di VIA GIBILMANNA,Scontro laterale fra veicoli in marcia,Rettilineo,Due carreggiate,Asciutto,Asfaltata,Verticale ed orizzontale,Nuvoloso,Intenso,Buona,Ore Diurne,0,0,0,3,"1,247,576","4,184,704",True
2673745,18,27/01/2016 14:30:00,Statale entro l'abitato,in prossimit•À_,del civico n.,VIA AURELIA,,699,,Tamponamento Multiplo,Rettilineo,Due carreggiate,Asciutto,Asfaltata,Verticale ed orizzontale,Sereno,Normale,Buona,Ore Diurne,3,0,0,4,"1,241,482","4,189,306",True
2671582,5,27/01/2016 14:30:00,Strada Urbana,in prossimit•À_,del civico n.,VIA TIBURTINA,,1210,,Scontro laterale fra veicoli in marcia,Rettilineo,Una carreggiata a doppio senso,Asciutto,Asfaltata,Verticale ed orizzontale,Sereno,Intenso,Buona,Ore Diurne,1,0,0,2,"1,260,347","4,193,372",True
2671571,19,27/01/2016 14:35:00,Strada Urbana,in prossimit•À_,del civico n.,VIA MATTIA BATTISTINI,,480,,Scontro frontale/laterale DX fra veicoli in marcia,Rettilineo,Una carreggiata a doppio senso,Asciutto,Asfaltata,Orizzontale,Sereno,Normale,Buona,Ore Diurne,1,0,0,1,"1,241,928","4,191,982",True
2670972,20,27/01/2016 14:45:00,Regionale entro l'abitato,in corrispondenza,del civico n.,VIA CASSIA,,1817,,Investimento di pedone,Rettilineo,Una carreggiata a doppio senso,Asciutto,Asfaltata,Verticale ed orizzontale,Sereno,Normale,Buona,Ore Diurne,0,0,0,2,,,False
2671474,8,27/01/2016 14:45:00,Strada Urbana,all'intersezione con,VICOLO DI TOR FORAME,VIA DI PRATAPORCI,VICOLO DI TOR FORAME,,,Scontro frontale/laterale DX fra veicoli in marcia,Incrocio,Una carreggiata a doppio senso,Asciutto,Asfaltata,Verticale ed orizzontale,Sereno,Normale,Buona,Ore Diurne,1,0,0,1,"1,268,458","4,185,426",True
2671586,5,27/01/2016 14:50:00,Strada Urbana,da specificare,,VIA DELLE CASE ROSSE,,,prossimit•À_ via di Salone,Scontro frontale/laterale SX fra veicoli in marcia,Rettilineo,Una carreggiata a doppio senso,Asciutto,Asfaltata,Verticale ed orizzontale,Sereno,Normale,Buona,Ore Diurne,0,0,0,2,"1,263,054","419,257",True
2671509,8,27/01/2016 15:00:00,Strada Urbana,da specificare,,VIA DEL PONTE DI NONA,,,alt. Via Carlo B. Mosca,Veicolo in marcia contro ostacolo accidentale,Rettilineo,Una carreggiata a doppio senso,Asciutto,Asfaltata,Verticale ed orizzontale,Sereno,Normale,Buona,Ore Diurne,0,0,0,2,"1,266,116","4,189,939",True
2671498,11,27/01/2016 15:15:00,Strada Urbana,all'intersezione con,VIALE GIUSTINIANO IMPERATORE,VIA CRISTOFORO COLOMBO,VIALE GIUSTINIANO IMPERATORE,,,Tamponamento,Incrocio,Pi•À_ di due carreggiate,Asciutto,Asfaltata,Verticale ed orizzontale,Nuvoloso,Normale,Buona,Ore Diurne,1,0,0,1,"1,248,949","4,185,368",True
2673589,18,27/01/2016 15:30:00,Strada Urbana,da specificare,,VIA BALDO DEGLI UBALDI,,,FRONTE CIVICO 181,Tamponamento Multiplo,Rettilineo,Una carreggiata a senso unico di marcia,Asciutto,Asfaltata,Verticale ed orizzontale,Sereno,Scarso,Buona,Ore Diurne,0,0,0,3,"1,243,608","4,189,976",True
2671471,8,27/01/2016 15:35:00,,in prossimit•À_,del civico n.,VIA COLLATINA,,521,,Tamponamento Multiplo,,,,,,,,,,1,0,0,2,,,False
2671078,2,27/01/2016 15:35:00,Strada Urbana,all'intersezione con,VIA DI VILLA ADA,VIA LARIANA,VIA DI VILLA ADA,,,Scontro frontale/laterale SX fra veicoli in marcia,Incrocio,Una carreggiata a senso unico di marcia,Asciutto,Asfaltata,Verticale ed orizzontale,Sereno,Normale,Buona,Ore Diurne,2,0,0,0,,,False
2673728,18,27/01/2016 15:35:00,Statale entro l'abitato,all'intersezione con,VIA DI PORTA PERTUSA,VIA AURELIA,VIA DI PORTA PERTUSA,,,Scontro frontale/laterale SX fra veicoli in marcia,Intersezione stradale segnalata,Una carreggiata a doppio senso,Asciutto,Asfaltata,Verticale ed orizzontale,Sereno,Normale,Buona,Ore Diurne,1,0,0,1,"1,244,534","4,190,132",False
2672299,1,27/01/2016 15:40:00,Strada Urbana,all'intersezione con,VIA DEI QUERCETI,VIA DI S. GIOVANNI IN LATERANO,VIA DEI QUERCETI,,,Scontro frontale/laterale SX fra veicoli in marcia,Incrocio,Una carreggiata a senso unico di marcia,Asciutto,In cubetti di porfido,Verticale ed orizzontale,Nuvoloso,Normale,Buona,Ore Diurne,0,0,0,3,"1,249,805","4,188,894",False
2671516,8,27/01/2016 15:45:00,Provinciale entro l'abitato,da specificare,,VIA PRENESTINA,,,alt. VIA CANNAROLI,Ribaltamento senza urto contro ostacolo fisso,Curva a visuale libera,Una carreggiata a doppio senso,Asciutto,Asfaltata,Orizzontale,Sereno,Normale,Buona,Ore Diurne,0,0,0,1,"126,069","4,189,378",False
2671506,8,27/01/2016 15:50:00,Strada Urbana,in prossimit•À_,del civico n.,VIA DI TOR BELLA MONACA,,38,,Tamponamento,Rettilineo,Due carreggiate,Asciutto,Asfaltata,Verticale ed orizzontale,Sereno,Normale,Buona,Ore Diurne,1,0,0,1,"1,262,813","4,187,636",False
2671537,13,27/01/2016 16:00:00,Strada Urbana,in prossimit•À_,del civico n.,VIA DEI PESCATORI,,123,,Veicolo in marcia contro ostacolo fisso,Rettilineo,Una carreggiata a doppio senso,Asciutto,Sterrata,Assente,Sereno,Normale,Buona,Ore Diurne,0,0,0,1,"1,230,992","4,173,097",True
2671489,8,27/01/2016 16:00:00,Statale entro l'abitato,in prossimit•À_,del palo luce n.,VIA CASILINA,,470,,Tamponamento,Rettilineo,Una carreggiata a doppio senso,Asciutto,Asfaltata,Orizzontale,Sereno,Normale,Buona,Ore Diurne,1,0,0,2,,,False
2672396,1,27/01/2016 16:00:00,Strada Urbana,all'intersezione con,VIA DEL PORTO,LUNGOTEVERE RIPA,VIA DEL PORTO,,,Tamponamento,Incrocio,Due carreggiate,Asciutto,Asfaltata,Verticale ed orizzontale,Sereno,Normale,Buona,Ore Diurne,1,0,0,1,,,False
2679533,18,27/01/2016 16:00:00,Strada Urbana,all'intersezione semaforizzata con,PIAZZA DEI GIURECONSULTI,CIRCONVALLAZIONE CORNELIA,PIAZZA DEI GIURECONSULTI,,,Tamponamento,Intersezione semaforizzata,Due carreggiate,Asciutto,Asfaltata,Verticale ed orizzontale,Sereno,Normale,Buona,Ore Diurne,1,0,0,1,"1,242,587","4,190,196",True
2671261,15,27/01/2016 16:40:00,Strada Urbana,in prossimit•À_,del civico n.,VIA PORTUENSE,,474,,Scontro laterale fra veicoli in marcia,Rettilineo,Due carreggiate,Asciutto,Asfaltata,Verticale ed orizzontale,Sereno,Normale,Buona,Ore Diurne,0,0,0,4,"1,244,967","4,185,885",True
2676028,3,27/01/2016 16:50:00,Strada Urbana,in prossimit•À_,del civico n.,VIA DEI VILLINI,,4A,,Veicolo in marcia contro veicolo in sosta,Rettilineo,Una carreggiata a senso unico di marcia,Asciutto,Asfaltata,Verticale ed orizzontale,Sereno,Scarso,Buona,Ore Diurne,0,0,0,0,"1,250,474","4,191,092",False
2671499,8,27/01/2016 17:05:00,Strada Urbana,da specificare,,VIA DELLA MASSA CALCIANA,,,alt. civico 7,Veicolo in marcia contro veicoli in arresto,Rettilineo,Una carreggiata a senso unico di marcia,Asciutto,Asfaltata,Verticale ed orizzontale,Sereno,Normale,Buona,Ore Diurne,0,0,0,3,"1,261,239","4,186,299",True
2671728,17,27/01/2016 17:10:00,Strada Urbana,in prossimit•À_,del civico n.,VIA CANDIA,,70,,Scontro frontale fra veicoli in marcia,Rettilineo,Una carreggiata a senso unico di marcia,Asciutto,Asfaltata,Verticale ed orizzontale,Sereno,Intenso,Buona,Sufficiente,0,0,0,1,"1,245,284","4,190,814",True
2671246,15,27/01/2016 17:15:00,,all'intersezione con,VIA LUIGI RAVA,VIA DELLA MAGLIANA NUOVA,VIA LUIGI RAVA,,,Scontro frontale/laterale DX fra veicoli in marcia,,,,,,,,,,0,0,0,2,,,False
2671259,15,27/01/2016 17:45:00,Strada Urbana,da specificare,,VIA ANTONIO PACINOTTI,,,fronte civico 14,Scontro frontale/laterale DX fra veicoli in marcia,Rettilineo,Una carreggiata a doppio senso,Asciutto,Asfaltata,Orizzontale,Sereno,Intenso,Sufficiente,Sufficiente,0,0,0,2,"124,678","4,187,103",True
2672031,12,27/01/2016 17:45:00,Strada Urbana,in corrispondenza,del civico n.,VIA LAURENTINA,,608,,Scontro laterale fra veicoli in marcia,Rettilineo,Due carreggiate,Asciutto,Asfaltata,Verticale ed orizzontale,Sereno,Intenso,Sufficiente,Sufficiente,0,0,0,2,"1,247,936","4,182,277",True
2671508,8,27/01/2016 18:30:00,Provinciale,in prossimit•À_,della chilometrica,VIA POLENSE,,29.3,,Veicolo in marcia contro ostacolo accidentale,Rettilineo,Una carreggiata a doppio senso,Asciutto,Asfaltata,Verticale ed orizzontale,Nuvoloso,Scarso,Insufficiente,Inesistente,0,0,0,1,"128,048","4,190,104",True
2671594,5,27/01/2016 18:30:00,Strada Urbana,da specificare,,VIALE GIUSEPPE CAPPI,,,100 mt prima di svincolo per Belmonte in Sabina,Veicolo in marcia contro ostacolo accidentale,Curva a visuale libera,Due carreggiate,Asciutto,Asfaltata,Orizzontale,Sereno,Normale,Buona,Sufficiente,0,0,0,1,"1,258,793","4,194,433",True
2671456,11,27/01/2016 18:30:00,Strada Urbana,all'intersezione con,VIA ROSA GUARNIERI CARDUCCI,VIA ROSA RAIMONDI GARIBALDI,VIA ROSA GUARNIERI CARDUCCI,,,Scontro laterale fra veicoli in marcia,Intersezione stradale segnalata,Una carreggiata a senso unico di marcia,Asciutto,Asfaltata,Verticale ed orizzontale,Sereno,Normale,Buona,Sufficiente,0,0,0,3,"1,249,101","4,185,769",True
2671608,5,27/01/2016 18:45:00,Strada Urbana,in prossimit•À_,del civico n.,VIALE FERNANDO SANTI,,65,,Veicolo in marcia contro veicolo in sosta,Rettilineo,Una carreggiata a senso unico di marcia,Asciutto,Asfaltata,Verticale ed orizzontale,Sereno,Normale,Sufficiente,Sufficiente,0,0,0,1,"1,256,664","4,191,245",True
2672446,1,27/01/2016 18:45:00,Strada Urbana,in prossimit•À_,del civico n.,VIA DEL CONSOLATO,,6,,Veicolo in marcia contro veicolo in sosta,Rettilineo,Una carreggiata a doppio senso,Asciutto,In cubetti di porfido,Assente,Sereno,Scarso,Buona,Sufficiente,0,0,0,1,,,False
2676194,3,27/01/2016 18:45:00,Strada Urbana,in prossimit•À_,del civico n.,VIA CATANIA,,80,,Tamponamento,Rettilineo,Una carreggiata a doppio senso,Asciutto,Asfaltata,Verticale ed orizzontale,Nuvoloso,Normale,Sufficiente,Sufficiente,0,0,0,2,"1,252,014","4,190,955",True
2672333,1,27/01/2016 18:50:00,Strada Urbana,in prossimit•À_,del civico n.,VIA VITTORIO VENETO,,19,,Tamponamento,Rettilineo,Pi•À_ di due carreggiate,Asciutto,Asfaltata,Verticale ed orizzontale,Nuvoloso,Normale,Buona,Sufficiente,2,0,0,0,,,False
2672378,1,27/01/2016 18:56:00,Strada Urbana,all'intersezione con,VIA LUIGI PETROSELLI,PIAZZA DELLA BOCCA DELLA VERITA',VIA LUIGI PETROSELLI,,,Tamponamento,Incrocio,Una carreggiata a doppio senso,Asciutto,In cubetti di porfido,Verticale ed orizzontale,Sereno,Scarso,Buona,Sufficiente,0,0,0,2,"1,248,114","418,894",True
2671613,19,27/01/2016 19:10:00,Strada Urbana,all'intersezione con,PIAZZA GIOVENALE,VIA DUCCIO GALIMBERTI,PIAZZA GIOVENALE,,,Tamponamento,Incrocio,Una carreggiata a senso unico di marcia,Asciutto,Asfaltata,Verticale ed orizzontale,Sereno,Intenso,Sufficiente,Sufficiente,0,0,0,4,"1,244,253","4,191,359",True
2676204,3,27/01/2016 19:35:00,Strada Urbana,all'intersezione con,VIA DEI VOLSCI,LARGO DEGLI OSCI,VIA DEI VOLSCI,,,Investimento di pedone,Incrocio,Una carreggiata a senso unico di marcia,Asciutto,In cubetti di porfido,Assente,Sereno,Normale,Sufficiente,Sufficiente,1,0,0,3,"1,251,359","4,189,709",False
2679280,18,27/01/2016 20:20:00,Strada Urbana,da specificare,,VIA GAETANO MAZZONI,,,fronte civico 39,Veicolo in marcia contro veicoli in sosta,Rettilineo,Una carreggiata a senso unico alternato,Asciutto,Asfaltata,Verticale,Sereno,Normale,Sufficiente,Sufficiente,0,0,0,1,"1,239,508","4,190,845",True
2671602,5,27/01/2016 20:20:00,Strada Urbana,da specificare,,VIA TIBURTINA,,,inv. marcia da dir. Centro a G.R.A. prox civ. 910,Veicolo in marcia contro ostacolo fisso,Curva a visuale libera,Due carreggiate,Asciutto,Asfaltata,Verticale ed orizzontale,Sereno,Normale,Sufficiente,Sufficiente,0,0,0,1,"1,256,872","4,192,416",True
2671458,6,27/01/2016 20:30:00,Strada Urbana,all'intersezione con,VIA CAMILLO MANFRONI,PIAZZA GIUSEPPE CARDINALI,VIA CAMILLO MANFRONI,,,Scontro laterale fra veicoli in marcia,Intersezione stradale segnalata,Una carreggiata a senso unico di marcia,Asciutto,Asfaltata,Verticale ed orizzontale,Sereno,Normale,Sufficiente,Sufficiente,0,0,0,4,"1,254,568","4,187,414",True
2672348,12,27/01/2016 20:35:00,Comunale extraurbana,da specificare,,VIA DI PRATICA,,,200 mt dopo scinvolo Pontina dir. Torvajanica,Veicolo in marcia contro ostacolo accidentale,Rettilineo,Una carreggiata a doppio senso,Bagnato (umidit•À_ in atto),Asfaltata,Verticale ed orizzontale,Nebbia,Scarso,Insufficiente,Inesistente,0,0,0,1,"1,243,012","4,172,183",True
2672564,9,27/01/2016 21:00:00,,da specificare,,Tangenziale Est,,,prossimit•À_ SVINCOLO PRENESTINA direz. SAN GIOVANNI,Veicolo in marcia contro ostacolo accidentale,,,,,,,,,,0,0,0,2,"1,252,051","4,189,192",False
2676235,3,27/01/2016 21:00:00,Strada Urbana,all'intersezione con,VIA DANTE DA MAIANO,VIA NOMENTANA,VIA DANTE DA MAIANO,,,Scontro laterale fra veicoli in marcia,Incrocio,Una carreggiata a doppio senso,Bagnato (umidit•À_ in atto),Asfaltata,Verticale ed orizzontale,Nebbia,Scarso,Sufficiente,Sufficiente,0,0,0,3,,,False
2672447,1,27/01/2016 21:10:00,Strada Urbana,in corrispondenza,del civico n.,VIALE IPPOCRATE,,119,,Investimento di pedone,Rettilineo,Due carreggiate,Asciutto,Asfaltata,Verticale ed orizzontale,Sereno,Scarso,Sufficiente,Sufficiente,1,0,0,1,,,False
2672344,12,27/01/2016 23:10:00,Strada Urbana,in corrispondenza,del civico n.,VIA MARIO VINCIGUERRA,,151,,Veicolo in marcia contro ostacolo accidentale,Rettilineo,Una carreggiata a doppio senso,Bagnato (umidit•À_ in atto),Asfaltata,Orizzontale,Nebbia,Scarso,Insufficiente,Insufficiente,0,0,0,3,"1,246,905","4,174,713",True
2672976,4,28/01/2016,Provinciale entro l'abitato,all'intersezione semaforizzata con,VIALE KANT,VIA NOMENTANA,VIALE KANT,,,Scontro frontale/laterale SX fra veicoli in marcia,Intersezione semaforizzata,Una carreggiata a doppio senso,Asciutto,Lastricata,Verticale ed orizzontale,Sereno,Scarso,Buona,Sufficiente,0,0,0,2,"1,255,238","4,194,111",True
2672343,16,28/01/2016 04:45:00,Strada Urbana,da specificare,,VIA DI MONTE CUCCO,,,prossimit•À_ L.go Giuncugnano,Veicolo in marcia contro veicolo in sosta,Rettilineo,Una carreggiata a doppio senso,Asciutto,Asfaltata,Assente,Foschia,Scarso,Sufficiente,Sufficiente,0,0,0,1,"1,243,917","4,184,309",False