ID,Gruppo,_DataOraIncidente,_Localizzazione1,_Localizzazione2,Strada02,Strada1,Strada2,Chilometrica,DaSpecificare,_NaturaIncidente,_ParticolaritaStrade,_TipoStrada,_FondoStradale,_Pavimentazione,_Segnaletica,_CondizioneAtmosferica,_Traffico,_Visibilita,_Illuminazione,NUM_FERITI,_NUM_RISERVATA,_NUM_MORTI,_NUM_ILLESI,Longitudine,Latitudine,CONFERMATO
2672764,10,28/01/2016 08:00:00,Strada Urbana,in prossimit•À_,del civico n.,VIA SESTIO CALVINO,,201,,Scontro frontale/laterale DX fra veicoli in marcia,Rettilineo,Una carreggiata a senso unico di marcia,Asciutto,Asfaltata,Verticale ed orizzontale,Sereno,Scarso,Buona,Ore Diurne,0,0,0,2,"1,256,137","4,185,057",True
2672845,8,28/01/2016 08:15:00,Strada Urbana,all'intersezione con,VIA MONTAGNAREALE,VIA AVOLA,VIA MONTAGNAREALE,,,Scontro frontale/laterale DX fra veicoli in marcia,Intersezione stradale segnalata,Una carreggiata a doppio senso,Asciutto,Asfaltata,Verticale ed orizzontale,Nuvoloso,Intenso,Buona,Ore Diurne,0,0,0,4,"1,265,825","4,188,878",True
2673094,4,28/01/2016 08:25:00,Strada Urbana,da specificare,,VIA DEI PRATI FISCALI,,,in prossimit•À_ di via Cavriglia,Tamponamento,Rettilineo,Due carreggiate,Bagnato (pioggia),Asfaltata,Verticale ed orizzontale,Nebbia,Intenso,Buona,Ore Diurne,0,0,0,2,"1,251,709","4,194,637",True
2673230,16,28/01/2016 08:30:00,Strada Urbana,all'intersezione con,VIA S. GIOVANNI EUDES,VIA DELLA PISANA,VIA S. GIOVANNI EUDES,,,Scontro frontale/laterale DX fra veicoli in marcia,Intersezione stradale segnalata,Due carreggiate,Bagnato (umidit•À_ in atto),Asfaltata,Verticale ed orizzontale,Nuvoloso,Normale,Buona,Ore Diurne,0,0,0,2,"1,239,764","4,185,757",True
2671660,6,28/01/2016 08:30:00,Strada Urbana,all'intersezione con,VIA DEI GLICINI,VIALE DELLA PRIMAVERA,VIA DEI GLICINI,,,Veicolo in marcia contro veicoli in sosta,Incrocio,Due carreggiate,Asciutto,Asfaltata,Orizzontale,Foschia,Normale,Buona,Ore Diurne,1,0,0,1,"1,256,031","4,188,001",False
2676048,18,28/01/2016 08:40:00,Strada Urbana,in corrispondenza,del civico n.,VIA DI BOCCEA,,673,,Scontro frontale/laterale DX fra veicoli in marcia,Curva senza visuale libera,Una carreggiata a doppio senso,Bagnato (pioggia),Asfaltata,Verticale ed orizzontale,Nuvoloso,Normale,Buona,Ore Diurne,1,0,0,1,"1,237,387","4,192,049",True
2671645,10,28/01/2016 08:45:00,Strada Urbana,all'intersezione con,VIA AURELIO COTTA,VIA SCRIBONIO CURIONE,VIA AURELIO COTTA,,,Scontro laterale fra veicoli in marcia,Incrocio,Due carreggiate,Asciutto,Asfaltata,Orizzontale,Sereno,Normale,Buona,Ore Diurne,1,0,0,1,,,False
2672473,11,28/01/2016 08:50:00,Strada Urbana,in corrispondenza,del civico n.,VIA DELL'ALMONE,,111,,Scontro laterale fra veicoli in marcia,Rettilineo,Una carreggiata a doppio senso,Bagnato (umidit•À_ in atto),Asfaltata,Verticale ed orizzontale,Nebbia,Normale,Buona,Ore Diurne,1,0,0,1,"1,252,719","4,185,203",True
2672522,15,28/01/2016 09:05:00,Strada Urbana,in corrispondenza,del civico n.,VIA PORTUENSE,,761/B,,Scontro laterale fra veicoli in marcia,Rettilineo,Una carreggiata a doppio senso,Asciutto,Asfaltata,Verticale ed orizzontale,Nebbia,Normale,Buona,Ore Diurne,0,0,0,3,"1,242,433","4,185,052",True
2673025,4,28/01/2016 09:25:00,Strada Urbana,all'intersezione con,VIA SARANDI,VIA DELLE ISOLE CURZOLANE,VIA SARANDI,,,Scontro laterale fra veicoli in marcia,Incrocio,Due carreggiate,Asciutto,Asfaltata,Verticale ed orizzontale,Sereno,Normale,Buona,Ore Diurne,0,0,0,2,"1,253,194","4,194,885",True
2671788,10,28/01/2016 09:30:00,Statale entro l'abitato,in prossimit•À_,del palo luce n.,VIA TUSCOLANA,,788,,Tamponamento,Rettilineo,Due carreggiate,Asciutto,Asfaltata,Verticale ed orizzontale,Sereno,Normale,Buona,Ore Diurne,3,0,0,1,"1,257,971","4,184,579",True
2672948,13,28/01/2016 09:30:00,Strada Urbana,da specificare,,VIA AGOSTINO CHIGI,,,prossimit•À_ Via Viola,Veicolo in marcia contro ostacolo accidentale,Rettilineo,Una carreggiata a doppio senso,Asciutto,Strada pavimentata dissestata,Verticale,Sereno,Normale,Buona,Ore Diurne,0,0,0,1,"1,231,418","4,176,354",True
2672848,8,28/01/2016 09:30:00,Strada Urbana,in prossimit•À_,del civico n.,VIA DELLA RISERVA NUOVA,,32,,Scontro frontale/laterale DX fra veicoli in marcia,Rettilineo,Una carreggiata a doppio senso,Asciutto,Asfaltata,Orizzontale,Sereno,Normale,Buona,Ore Diurne,0,0,0,4,"1,267,992","418,917",True
2673139,4,28/01/2016 09:45:00,Strada Urbana,all'intersezione con,VIA GASPARA STAMPA,VIA UGO OJETTI,VIA GASPARA STAMPA,,,Veicolo in marcia contro ostacolo fisso,Incrocio,Due carreggiate,Asciutto,Asfaltata,Verticale ed orizzontale,Sereno,Normale,Buona,Ore Diurne,0,0,0,1,"1,255,461","4,194,712",False
2672509,1,28/01/2016 10:05:00,Strada Urbana,da specificare,,VIA MARSALA,,,all'altezza del Autosilo Terminal Park,Scontro laterale fra veicoli in marcia,Rettilineo,Una carreggiata a senso unico di marcia,Asciutto,In cubetti di porfido,Verticale,Sereno,Intenso,Buona,Ore Diurne,0,0,0,3,"1,250,178","419,028",False
2673188,13,28/01/2016 10:15:00,Strada Urbana,in corrispondenza,della chilometrica,VIA DEL MARE,,25.73,,Veicolo in marcia contro ostacolo accidentale,Rettilineo,Una carreggiata a senso unico di marcia,Asciutto,Asfaltata,Verticale ed orizzontale,Sereno,Normale,Buona,Ore Diurne,0,0,0,1,"1,230,477","4,176,056",True
2672258,1,28/01/2016 10:15:00,Strada Urbana,in prossimit•À_,del civico n.,VIALE DI TRASTEVERE,,141,,Infortunio per sola frenata improvvisa,Rettilineo,Pi•À_ di due carreggiate,Asciutto,Asfaltata,Verticale ed orizzontale,Sereno,Intenso,Buona,Ore Diurne,4,0,0,2,,,False
2672529,15,28/01/2016 10:20:00,,in prossimit•À_,del civico n.,VIA QUIRINO MAJORANA,,39,,Veicolo in marcia contro ostacolo accidentale,,,,,,,,,,1,0,0,1,"1,246,427","4,186,586",False
2673461,18,28/01/2016 10:30:00,Strada Urbana,in prossimit•À_,del civico n.,VIA ORBASSANO,,61,,Veicolo in marcia contro ostacolo fisso,Pendenza,Una carreggiata a doppio senso,Asciutto,Asfaltata,Verticale,Sereno,Normale,Buona,Ore Diurne,0,0,0,1,"1,238,581","4,191,597",True
2672540,15,28/01/2016 10:30:00,,in corrispondenza,del civico n.,VIA QUIRINO MAJORANA,,31,,Veicolo in marcia contro ostacolo accidentale,,,,,,,,,,1,0,0,2,"1,246,445","4,186,572",False
2672567,15,28/01/2016 10:45:00,Strada Urbana,all'intersezione con,VIA DI GENEROSA,VIA DELLA MAGLIANA,VIA DI GENEROSA,,,Scontro frontale/laterale SX fra veicoli in marcia,Intersezione stradale segnalata,Una carreggiata a doppio senso,Asciutto,Asfaltata,Verticale ed orizzontale,Sereno,Normale,Buona,Ore Diurne,0,0,0,2,"1,242,401","4,183,394",True
2671924,9,28/01/2016 11:00:00,Strada Urbana,in prossimit•À_,del civico n.,VIA TOMMASO FORTIFIOCCA,,75,,Tamponamento,Rettilineo,Una carreggiata a doppio senso,Asciutto,Asfaltata,Verticale ed orizzontale,Sereno,Normale,Buona,Ore Diurne,0,0,0,2,"12,523","4,187,043",True
2671913,10,28/01/2016 11:35:00,Statale entro l'abitato,da specificare,,VIA TUSCOLANA,,,USCITA RAMPA GRA CARR.ESTERNA X TUSCOLANA,Scontro laterale fra veicoli in marcia,Rettilineo,Una carreggiata a senso unico di marcia,Asciutto,Asfaltata,Verticale ed orizzontale,Sereno,Normale,Buona,Ore Diurne,0,0,0,2,"1,259,149","4,183,765",True
2672045,7,28/01/2016 11:40:00,Strada Urbana,in prossimit•À_,del civico n.,VIALE PALMIRO TOGLIATTI,,682,,Investimento di pedone,Rettilineo,Due carreggiate,Asciutto,Asfaltata,Verticale ed orizzontale,Sereno,Intenso,Buona,Ore Diurne,1,0,0,1,"1,257,324","4,188,046",True
2673554,16,28/01/2016 11:45:00,Strada Urbana,da specificare,,LARGO NOSTRA SIGNORA DI COROMOTO,,,prox. V.le Colli Portuensi,Investimento di pedone,Rettilineo,Due carreggiate,Asciutto,Asfaltata,Verticale ed orizzontale,Sereno,Normale,Buona,Ore Diurne,1,0,0,1,"1,244,371","418,628",False
2671977,20,28/01/2016 11:55:00,Strada Urbana,all'intersezione semaforizzata con,VIALE DELLA MACCHIA DELLA FARNESINA,LARGO FERRARIS IV,VIALE DELLA MACCHIA DELLA FARNESINA,,,Scontro frontale/laterale SX fra veicoli in marcia,Intersezione semaforizzata,Una carreggiata a senso unico di marcia,Asciutto,Asfaltata,Verticale ed orizzontale,Sereno,Normale,Buona,Ore Diurne,0,0,0,2,"124,549","4,193,641",True
2676243,3,28/01/2016 12:15:00,Strada Urbana,in prossimit•À_,del civico n.,VIALE DELLE PROVINCIE,,59,,Scontro laterale fra veicoli in marcia,Rettilineo,Una carreggiata a senso unico di marcia,Asciutto,Asfaltata,Verticale ed orizzontale,Sereno,Normale,Buona,Ore Diurne,0,0,0,2,"125,213","4,190,996",True
2672852,8,28/01/2016 12:30:00,Strada Urbana,in prossimit•À_,del palo luce n.,VIA ACQUAVIVA D'ISERNIA,,10,,Veicolo in marcia contro ostacolo accidentale,Rettilineo,Una carreggiata a doppio senso,Asciutto,Asfaltata,Assente,Sereno,Normale,Sufficiente,Ore Diurne,0,0,0,1,"126,688","41,92",True
2672580,15,28/01/2016 12:30:00,Strada Urbana,da specificare,,VIA LEONARDO GREPPI,,,fronte civico 8,Veicolo in marcia contro ostacolo accidentale,Rettilineo,Una carreggiata a doppio senso,Asciutto,Asfaltata,Orizzontale,Sereno,Scarso,Buona,Ore Diurne,0,0,0,2,"1,245,887","418,628",True
2680591,18,28/01/2016 12:50:00,,da specificare,,VIA ORBASSANO,,,fronte civico 74,Veicoli in marcia contro veicolo fermo,,,,,,,,,,1,0,0,1,,,False
2673012,4,28/01/2016 13:20:00,Provinciale entro l'abitato,da specificare,,VIA NOMENTANA,,,all'intersezione con largo G. Arci,Scontro frontale/laterale DX fra veicoli in marcia,Rettilineo,Una carreggiata a doppio senso,Bagnato (pioggia),Asfaltata,Verticale ed orizzontale,Nuvoloso,Normale,Buona,Ore Diurne,0,0,0,2,"1,256,277","4,194,534",True
2672912,13,28/01/2016 14:00:00,Strada Urbana,all'intersezione con,VIA DEI MONTI DI S. PAOLO,VIALE DEI ROMAGNOLI,VIA DEI MONTI DI S. PAOLO,,,Veicolo in marcia contro ostacolo accidentale,Incrocio,Una carreggiata a senso unico di marcia,Asciutto,Asfaltata,Verticale,Nuvoloso,Normale,Buona,Ore Diurne,1,0,0,1,"1,232,203","4,176,901",False
2672861,8,28/01/2016 14:40:00,Provinciale entro l'abitato,all'intersezione con,VIA OLLOLAI,VIA PRENESTINA,VIA OLLOLAI,,,Veicolo in marcia contro ostacolo accidentale,Incrocio,Una carreggiata a doppio senso,Asciutto,Asfaltata,Orizzontale,Sereno,Normale,Buona,Ore Diurne,0,0,0,1,"1,267,909","4,189,048",True
2672794,11,28/01/2016 15:00:00,Strada Urbana,in prossimit•À_,del palo luce n.,VIA DI GROTTA PERFETTA,,100,,Tamponamento,Curva a visuale libera,Una carreggiata a doppio senso,Asciutto,Asfaltata,Orizzontale,Sereno,Normale,Buona,Ore Diurne,1,0,0,4,"1,250,158","4,184,057",True
2672458,2,28/01/2016 15:10:00,,in prossimit•À_,del civico n.,VIA DEL FORO ITALICO,,491,,Scontro laterale fra veicoli in marcia,,,,,,,,,,0,1,0,2,,,False
2672593,15,28/01/2016 15:10:00,Strada Urbana,all'intersezione con,VIA DEL FOSSO DELLA MAGLIANA,VIA DELLA MAGLIANA,VIA DEL FOSSO DELLA MAGLIANA,,,Scontro laterale fra veicoli in marcia,Incrocio,Una carreggiata a doppio senso,Asciutto,Asfaltata,Orizzontale,Nuvoloso,Normale,Buona,Ore Diurne,0,0,0,2,"1,241,511","4,183,627",True
2672878,20,28/01/2016 15:30:00,Strada Urbana,in corrispondenza,del civico n.,VIA CONCESIO,,13,,Scontro frontale/laterale SX fra veicoli in marcia,Rettilineo,Una carreggiata a doppio senso,Asciutto,Asfaltata,Orizzontale,Nebbia,Normale,Buona,Ore Diurne,0,1,0,1,,,False
2672856,8,28/01/2016 15:30:00,Strada Urbana,in prossimit•À_,del palo luce n.,VIALE DI TORRE MAURA,,20,,Veicolo in marcia contro ostacolo accidentale,Curva senza visuale libera,Due carreggiate,Asciutto,Con buche,Verticale ed orizzontale,Nuvoloso,Normale,Sufficiente,Ore Diurne,0,0,0,1,"1,259,217","4,186,022",True
2672623,15,28/01/2016 15:45:00,Strada Urbana,in corrispondenza,del civico n.,VIALE GUGLIELMO MARCONI,,283,,Tamponamento,Rettilineo,Due carreggiate,Asciutto,Asfaltata,Verticale,Sereno,Normale,Buona,Ore Diurne,0,0,0,3,"1,246,987","4,186,255",True
2672863,19,28/01/2016 16:00:00,Strada Urbana,in corrispondenza,del civico n.,VIA STRESA,,107,,Veicolo in marcia contro veicolo in sosta,Curva a visuale libera,Una carreggiata a senso unico di marcia,Asciutto,Asfaltata,Assente,Sereno,Normale,Buona,Ore Diurne,0,0,0,0,"124,393","4,193,865",True
2673093,2,28/01/2016 16:10:00,,all'intersezione con,VIA LARIANA,VIA DI VILLA ADA,VIA LARIANA,,,Scontro frontale/laterale SX fra veicoli in marcia,,,,,,,,,,2,0,0,1,"1,250,523","4,192,446",False
2672943,4,28/01/2016 16:15:00,Strada Urbana,in corrispondenza,del civico n.,VIALE JONIO,,292,,Veicolo in marcia contro veicolo in sosta,Rettilineo,Due carreggiate,Asciutto,Asfaltata,Verticale ed orizzontale,Sereno,Normale,Buona,Ore Diurne,0,0,0,1,"1,253,028","4,194,594",True
2672973,20,28/01/2016 16:20:00,Strada Urbana,da specificare,,VIA DEL FORO ITALICO,,,rampa di uscita Corso di Francia ,Tamponamento Multiplo,Rettilineo,Una carreggiata a senso unico di marcia,Asciutto,Asfaltata,Orizzontale,Sereno,Normale,Buona,Ore Diurne,1,0,0,3,"1,248,278","4,194,005",True
2672490,1,28/01/2016 16:35:00,Strada Urbana,in prossimit•À_,del civico n.,VIALE CARLO FELICE,,35,,Tamponamento,Rettilineo,Una carreggiata a senso unico di marcia,Asciutto,Asfaltata,Verticale ed orizzontale,Sereno,Scarso,Buona,Ore Diurne,0,0,0,2,"1,250,976","4,188,694",False
2672844,11,28/01/2016 16:45:00,Strada Urbana,da specificare,,VIA CRISTOFORO COLOMBO,,,prossimit•À_ Via Severo,Tamponamento,Rettilineo,Pi•À_ di due carreggiate,Asciutto,Asfaltata,Verticale ed orizzontale,Nuvoloso,Normale,Sufficiente,Sufficiente,1,0,0,3,"1,244,704","4,180,373",False
2672849,8,28/01/2016 16:50:00,Strada Urbana,in prossimit•À_,del palo luce n.,VIALE DI TORRE MAURA,,20,,Veicolo in marcia contro ostacolo accidentale,Curva senza visuale libera,Due carreggiate,Asciutto,Con buche,Verticale ed orizzontale,Nuvoloso,Normale,Sufficiente,Ore Diurne,0,0,0,2,"1,259,217","4,186,022",True
2672818,11,28/01/2016 17:00:00,Strada Urbana,all'intersezione con,VIA ENRICO CRAVERO,PIAZZA BARTOLOMEO ROMANO,VIA ENRICO CRAVERO,,,Scontro frontale/laterale SX fra veicoli in marcia,Incrocio,Pi•À_ di due carreggiate,Asciutto,Asfaltata,Verticale ed orizzontale,Nuvoloso,Normale,Buona,Ore Diurne,1,0,0,2,"1,248,521","4,186,289",False
2672452,7,28/01/2016 17:15:00,Strada Urbana,all'intersezione con,VIALE DELLA BELLA VILLA,VIA DI TOR TRE TESTE,VIALE DELLA BELLA VILLA,,,Scontro frontale/laterale DX fra veicoli in marcia,Incrocio,Due carreggiate,Asciutto,Asfaltata,Verticale ed orizzontale,Sereno,Normale,Buona,Sufficiente,0,0,0,3,"1,258,647","4,187,336",True
2672917,19,28/01/2016 17:25:00,Strada Urbana,in prossimit•À_,del civico n.,VIA TRIONFALE,,f.c. 8872,,Tamponamento,Rettilineo,Due carreggiate,Asciutto,Asfaltata,Orizzontale,Sereno,Normale,Buona,Ore Diurne,0,0,0,4,"1,242,227","4,194,126",True
2676254,3,28/01/2016 17:30:00,Strada Urbana,in prossimit•À_,del civico n.,VIA GIAN LUCA SQUARCIALUPO,,13,,Scontro laterale fra veicoli in marcia,Rettilineo,Una carreggiata a senso unico di marcia,Asciutto,Asfaltata,Verticale ed orizzontale,Sereno,Normale,Sufficiente,Sufficiente,0,0,0,3,"1,252,658","4,191,305",True
2672895,20,28/01/2016 17:45:00,Regionale,in prossimit•À_,del civico n.,VIA FLAMINIA,,2194,,Tamponamento Multiplo,Rettilineo,Una carreggiata a doppio senso,Asciutto,Asfaltata,Verticale ed orizzontale,Nuvoloso,Normale,Buona,Inesistente,0,0,0,4,"1,248,284","4,207,356",True
2672455,1,28/01/2016 17:50:00,Strada Urbana,all'intersezione semaforizzata con,VIA EMANUELE FILIBERTO,PIAZZA DI PORTA S. GIOVANNI,VIA EMANUELE FILIBERTO,,,Scontro laterale fra veicoli in marcia,Intersezione semaforizzata,Una carreggiata a doppio senso,Asciutto,Asfaltata,Verticale ed orizzontale,Sereno,Normale,Buona,Sufficiente,0,0,0,2,"1,250,796","418,865",True
2678305,12,28/01/2016 17:55:00,Statale,in prossimit•À_,della chilometrica,VIA DEL MARE,,10.3,,Tamponamento,Rettilineo,Una carreggiata a doppio senso,Asciutto,Asfaltata,Verticale ed orizzontale,Sereno,Normale,Buona,Sufficiente,0,0,0,2,"124,361","4,181,943",True
2673584,16,28/01/2016 18:15:00,Strada Urbana,all'intersezione semaforizzata con,VIALE DEI COLLI PORTUENSI,PIAZZALE EUGENIO MORELLI,VIALE DEI COLLI PORTUENSI,,,Scontro laterale fra veicoli in marcia,Incrocio,Pi•À_ di due carreggiate,Asciutto,Asfaltata,Verticale ed orizzontale,Sereno,Normale,Sufficiente,Sufficiente,0,0,0,4,"1,244,292","4,185,977",True
2672775,10,28/01/2016 18:20:00,Strada Urbana,da specificare,,VIA TUSCOLANA,,,direzione GRA 100 mt.prima di Via delle Capannell,Tamponamento,Rettilineo,Una carreggiata a senso unico di marcia,Asciutto,Asfaltata,Assente,Grandine in atto,Intenso,Buona,Ore Diurne,0,0,0,3,"1,257,887","4,184,638",False
2673072,2,28/01/2016 18:30:00,Strada Urbana,da specificare,,VIA PIETRO DE COUBERTIN,,,palo Acea  n.32,Veicolo in marcia contro ostacolo accidentale,Rettilineo,Una carreggiata a doppio senso,Asciutto,Asfaltata,Verticale ed orizzontale,Sereno,Normale,Buona,Sufficiente,0,0,0,1,"1,247,327","4,192,956",True
2672512,6,28/01/2016 18:40:00,Strada Urbana,all'intersezione con,VIA GABRINO FONDULO,VIA RENZO DA CERI,VIA GABRINO FONDULO,,,Scontro frontale/laterale SX fra veicoli in marcia,Incrocio,Una carreggiata a senso unico di marcia,Asciutto,Asfaltata,Verticale ed orizzontale,Sereno,Normale,Buona,Sufficiente,1,0,0,1,"1,253,851","4,188,657",True
2672840,8,28/01/2016 19:00:00,Strada Urbana,all'intersezione con,VIA TOMMASO PIROLI,VIA DI GIARDINETTI,VIA TOMMASO PIROLI,,,Scontro frontale/laterale DX fra veicoli in marcia,Incrocio,Una carreggiata a doppio senso,Asciutto,Asfaltata,Verticale,Sereno,Normale,Buona,Sufficiente,1,0,0,1,"1,260,304","4,185,986",False
2672791,9,28/01/2016 19:10:00,,da specificare,,VIA TOMMASO FORTIFIOCCA,,,fronte civico 68,Investimento di pedone,,,,,,,,,,1,0,0,1,,,False
2673163,17,28/01/2016 19:30:00,Strada Urbana,in corrispondenza,del civico n.,VIALE GIULIO CESARE,,15,,Tamponamento,Rettilineo,Pi•À_ di due carreggiate,Asciutto,Asfaltata,Verticale ed orizzontale,Nuvoloso,Intenso,Buona,Sufficiente,0,0,0,5,"1,246,905","4,191,191",False
2685562,18,28/01/2016 19:45:00,Strada Urbana,da specificare,,VIA DI BOCCEA,,,in prossimit•À_ del civ. fronte 321,Veicolo in marcia contro veicoli in sosta,Curva a visuale libera,Due carreggiate,Asciutto,Asfaltata,Verticale ed orizzontale,Sereno,Normale,Buona,Sufficiente,1,0,0,0,"124,156","4,190,347",True
2672625,15,28/01/2016 19:45:00,Strada Urbana,da specificare,,VIA PORTUENSE,,,fronte civico 301/b,Scontro laterale fra veicoli in marcia,Rettilineo,Due carreggiate,Asciutto,Asfaltata,Orizzontale,Nuvoloso,Normale,Buona,Sufficiente,0,0,0,2,"1,240,939","4,184,342",True
2672628,15,28/01/2016 19:45:00,,all'intersezione con,VIA DI VIGNA CORSETTI,VIA ODERISI DA GUBBIO,VIA DI VIGNA CORSETTI,,,Investimento di pedone,,,,,,,,,,1,0,0,1,"1,246,548","4,186,595",False
2672974,4,28/01/2016 19:50:00,Strada Urbana,da specificare,,VIA GIOVANNI VERGA,,,altezza via G. Stampa,Veicolo in marcia contro veicolo in sosta,Rettilineo,Una carreggiata a senso unico di marcia,Asciutto,Asfaltata,Verticale ed orizzontale,Sereno,Normale,Buona,Sufficiente,0,0,0,1,"1,256,089","4,194,876",True
2672904,1,28/01/2016 19:50:00,Strada Urbana,in prossimit•À_,del civico n.,LUNGOTEVERE TESTACCIO,,7,,Scontro laterale fra veicoli in marcia,Rettilineo,Una carreggiata a doppio senso,Asciutto,Asfaltata,Verticale ed orizzontale,Sereno,Normale,Buona,Sufficiente,0,0,0,1,,,False
2672925,19,28/01/2016 20:00:00,Strada Urbana,da specificare,,VIA IGEA,,,fronte Via B. Blumestihl,Scontro frontale/laterale SX fra veicoli in marcia,Rettilineo,Una carreggiata a doppio senso,Asciutto,Asfaltata,Verticale ed orizzontale,Sereno,Scarso,Buona,Sufficiente,2,0,0,1,"1,244,175","419,346",True
2672783,11,28/01/2016 21:30:00,Strada Urbana,all'intersezione semaforizzata con,PIAZZALE TOMMASO EDISON,VIALE GUGLIELMO MARCONI,PIAZZALE TOMMASO EDISON,,,Scontro frontale/laterale DX fra veicoli in marcia,Intersezione semaforizzata,Due carreggiate,Asciutto,Asfaltata,Verticale ed orizzontale,Nuvoloso,Scarso,Sufficiente,Sufficiente,0,0,0,3,"1,247,093","4,185,859",True
2672841,8,28/01/2016 21:50:00,Strada Urbana,all'intersezione con,VIA DELLE ALLODOLE,VIA DEL FRINGUELLO,VIA DELLE ALLODOLE,,,Scontro frontale/laterale DX fra veicoli in marcia,Incrocio,Una carreggiata a senso unico di marcia,Asciutto,Asfaltata,Verticale ed orizzontale,Sereno,Scarso,Buona,Sufficiente,5,0,0,1,"1,259,637","4,186,885",True
2673061,4,28/01/2016 22:05:00,Strada Urbana,da specificare,,PIAZZA GIUSEPPE PRIMOLI,,,angolo via A. Garf,Scontro laterale fra veicoli in marcia,Rettilineo,Due carreggiate,Asciutto,Asfaltata,Verticale ed orizzontale,Nuvoloso,Normale,Sufficiente,Sufficiente,0,0,0,5,"125,525","4,194,475",True
2672781,5,28/01/2016 23:00:00,Strada Urbana,all'intersezione con,VIA EUGENIO TORELLI VIOLLIER,LARGO ANTONIO BELTRAMELLI,VIA EUGENIO TORELLI VIOLLIER,,,Scontro laterale fra veicoli in marcia,Incrocio,Una carreggiata a senso unico di marcia,Asciutto,Asfaltata,Verticale ed orizzontale,Sereno,Scarso,Sufficiente,Sufficiente,2,0,0,0,"1,253,786","419,105",False
2675955,5,29/01/2016 00:20:00,Strada Urbana,in corrispondenza,del civico n.,VIA TIBURTINA,,779,,Fuoriuscita dalla sede stradale,Rettilineo,Due carreggiate,Asciutto,Asfaltata,Verticale ed orizzontale,Sereno,Scarso,Insufficiente,Insufficiente,1,0,0,0,"1,255,706","4,191,359",False
2675157,1,29/01/2016 06:30:00,Strada Urbana,all'intersezione con,VIA STATILIA,PIAZZA DI PORTA MAGGIORE,VIA STATILIA,,,Scontro laterale fra veicoli in marcia,Incrocio,Una carreggiata a senso unico di marcia,Asciutto,Asfaltata,Verticale ed orizzontale,Sereno,Normale,Buona,Ore Diurne,0,0,0,4,,,False
2674085,8,29/01/2016 06:50:00,Strada Urbana,da specificare,,VIA AMICO ASPERTINI,,,a 150 metri da incrocio VIA DELL'ARCHEOLOGIA,Scontro laterale fra veicoli in marcia,Curva a visuale libera,Una carreggiata a doppio senso,Asciutto,Asfaltata,Verticale,Nuvoloso,Scarso,Sufficiente,Sufficiente,0,0,0,2,"126,299","4,187,275",True
2674088,8,29/01/2016 07:00:00,Statale entro l'abitato,all'intersezione con,PIAZZA DI TORRE GAIA,VIA CASILINA,PIAZZA DI TORRE GAIA,,,Scontro frontale fra veicoli in marcia,Intersezione semaforizzata,Una carreggiata a doppio senso,Asciutto,Asfaltata,Verticale ed orizzontale,Nuvoloso,Intenso,Buona,Ore Diurne,0,0,0,2,"1,264,015","4,186,315",True
2679378,12,29/01/2016 07:25:00,Strada Urbana,all'intersezione con,VIALE CARLO LEVI,VIA CRISTOFORO COLOMBO,VIALE CARLO LEVI,,,Scontro laterale fra veicoli in marcia,Incrocio,Due carreggiate,Asciutto,Asfaltata,Verticale ed orizzontale,Nuvoloso,Intenso,Buona,Ore Diurne,0,0,0,2,"1,244,704","4,180,373",True
2672921,10,29/01/2016 07:30:00,Strada Urbana,all'intersezione con,VIA MARIO BROGLIO,VIA LUCREZIA ROMANA,VIA MARIO BROGLIO,,,Scontro frontale/laterale SX fra veicoli in marcia,Intersezione stradale segnalata,Una carreggiata a doppio senso,Asciutto,Asfaltata,Verticale ed orizzontale,Nuvoloso,Normale,Buona,Ore Diurne,2,0,0,3,,,False
2673565,13,29/01/2016 08:00:00,Strada Urbana,all'intersezione con,VIA DELLA GENTE SALINATORIA,VIA DEL MARE,VIA DELLA GENTE SALINATORIA,,,Scontro laterale fra veicoli in marcia,Incrocio,Una carreggiata a doppio senso,Asciutto,Asfaltata,Verticale ed orizzontale,Nuvoloso,Normale,Buona,Ore Diurne,0,0,0,2,"1,230,376","4,175,971",True
2675174,1,29/01/2016 08:05:00,Strada Urbana,all'intersezione con,VIA DELLE TERME DI TRAIANO,VIA DEL MONTE OPPIO,VIA DELLE TERME DI TRAIANO,,,Scontro laterale fra veicoli in marcia,Incrocio,Una carreggiata a doppio senso,Asciutto,Asfaltata,Verticale ed orizzontale,Nuvoloso,Normale,Buona,Ore Diurne,0,0,0,2,,,False
2673572,16,29/01/2016 08:15:00,Strada Urbana,in corrispondenza,del civico n.,VIA SILVESTRI,,fc 316,,Tamponamento,Rettilineo,Una carreggiata a doppio senso,Asciutto,Asfaltata,Verticale ed orizzontale,Nuvoloso,Normale,Buona,Ore Diurne,0,0,0,2,"1,249,637","4,190,278",True
2674056,11,29/01/2016 09:00:00,,da specificare,,VIA CRISTOFORO COLOMBO,,,100 mt. dopo incr. Via Grottaperfetta dir. Eur,Scontro frontale fra veicoli in marcia,,,,,,,,,,1,0,0,1,"1,244,704","4,180,373",False