ID,Gruppo,_DataOraIncidente,_Localizzazione1,_Localizzazione2,Strada02,Strada1,Strada2,Chilometrica,DaSpecificare,_NaturaIncidente,_ParticolaritaStrade,_TipoStrada,_FondoStradale,_Pavimentazione,_Segnaletica,_CondizioneAtmosferica,_Traffico,_Visibilita,_Illuminazione,NUM_FERITI,_NUM_RISERVATA,_NUM_MORTI,_NUM_ILLESI,Longitudine,Latitudine,CONFERMATO
2691669,18,1/2/16 18:00,Strada Urbana,all'intersezione con,VIA DI BOCCEA,PIAZZA DEI GIURECONSULTI,VIA DI BOCCEA,,,Tamponamento Multiplo,Intersezione non regolata/non segnalata,Una carreggiata a doppio senso,Asciutto,Asfaltata,Verticale ed orizzontale,Sereno,Intenso,Buona,Sufficiente,0,0,0,4,"1,242,561","4,190,196",True
2676969,10,1/2/16 18:15,Statale entro l'abitato,all'intersezione semaforizzata con,VIA ACERENZA,VIA APPIA NUOVA,VIA ACERENZA,,,Scontro frontale/laterale SX fra veicoli in marcia,Intersezione semaforizzata,Pi•À_ di due carreggiate,Asciutto,Asfaltata,Verticale ed orizzontale,Sereno,Normale,Sufficiente,Sufficiente,3,0,0,0,"1,255,158","418,418",True
2678968,12,1/2/16 18:15,Strada Urbana,da specificare,,VIA PADRE GIOVANNI ANTONIO FILIPPINI,,,in prossimit•À_ via B.V. del Carmelo,Veicolo in marcia contro ostacolo accidentale,Rettilineo,Una carreggiata a doppio senso,Asciutto,Con buche,Verticale ed orizzontale,Nevicata in atto,Scarso,Buona,Sufficiente,0,0,0,1,"12,437","4,180,717",True
2677773,7,1/2/16 18:45,Strada Urbana,in corrispondenza,del civico n.,VIA GALATEA,,5,,Veicolo in marcia contro ostacolo fisso,Rettilineo,Una carreggiata a doppio senso,Asciutto,Asfaltata,Assente,Sereno,Scarso,Sufficiente,Sufficiente,0,0,0,1,"1,261,102","4,191,251",True
2677022,15,1/2/16 19:00,Strada Urbana,in prossimit•À_,del civico n.,VIALE GUGLIELMO MARCONI,,139,,Veicolo in marcia contro veicolo fermo,Rettilineo,Due carreggiate,Asciutto,Asfaltata,Assente,Sereno,Normale,Buona,Sufficiente,0,0,0,2,"1,246,889","4,186,679",True
2677707,2,1/2/16 19:10,,da specificare,,VIA DELL'AGONISTICA,,,alt. via del Pentathlon,Veicolo in marcia contro ostacolo accidentale,,,,,,,,,,1,0,0,0,,,False
2691445,18,1/2/16 19:10,Strada Urbana,in prossimit•À_,del civico n.,VIA AURELIA,,768,,Scontro laterale fra veicoli in marcia,Rettilineo,Due carreggiate,Asciutto,Asfaltata,Verticale ed orizzontale,Sereno,Intenso,Sufficiente,Sufficiente,1,0,0,2,"124,129","4,189,146",True
2677279,8,1/2/16 19:10,Strada Urbana,all'intersezione con,VIA COLUMBIA,VIALE DELLA SORBONA,VIA COLUMBIA,,,Fuoriuscita dalla sede stradale,Rotatoria,Una carreggiata a senso unico di marcia,Asciutto,Asfaltata,Verticale ed orizzontale,Sereno,Scarso,Buona,Insufficiente,1,0,0,0,"1,261,206","4,185,464",False
2678441,1,1/2/16 19:15,Strada Urbana,da specificare,,PONTE SUBLICIO,,,fronte deposito ama,Veicolo in marcia contro ostacolo accidentale,Rettilineo,Una carreggiata a doppio senso,Asciutto,In cubetti di porfido,Verticale ed orizzontale,Sereno,Normale,Sufficiente,Sufficiente,1,0,0,0,,,False
2678266,17,1/2/16 19:20,Strada Urbana,in prossimit•À_,del civico n.,VIA DEGLI SCIPIONI,,147,,Scontro frontale fra veicoli in marcia,Rettilineo,Una carreggiata a senso unico di marcia,Asciutto,Asfaltata,Verticale ed orizzontale,Sereno,Scarso,Sufficiente,Sufficiente,0,0,0,2,"1,246,011","4,190,915",True
2677734,2,1/2/16 19:30,Strada Urbana,in prossimit•À_,del civico n.,VIA ALESSANDRIA,,108,,Scontro laterale fra veicoli in marcia,Rettilineo,Una carreggiata a senso unico di marcia,Asciutto,Asfaltata,Verticale ed orizzontale,Sereno,Normale,Buona,Ore Diurne,0,0,0,2,"1,250,292","4,191,205",True
2679037,12,1/2/16 19:40,Strada Urbana,in prossimit•À_,del civico n.,VIA FIUME BIANCO,,26,,Investimento di pedone,Rettilineo,Una carreggiata a doppio senso,Asciutto,Asfaltata,Verticale ed orizzontale,Sereno,Scarso,Sufficiente,Sufficiente,1,0,0,1,"1,244,003","4,181,548",False
2677276,8,1/2/16 19:45,,all'intersezione con,VIA SALEMI,VIA PARTANNA,VIA SALEMI,,,Scontro frontale/laterale SX fra veicoli in marcia,,,,,,,,,,2,0,0,0,,,False
2677428,17,1/2/16 20:35,Strada Urbana,in prossimit•À_,del civico n.,VIALE ANGELICO,,301,,Investimento di pedone,Rettilineo,,Asciutto,Asfaltata,Verticale ed orizzontale,Sereno,Scarso,Sufficiente,Sufficiente,2,0,0,0,,,False
2677220,7,1/2/16 21:00,Strada Urbana,all'intersezione con,VIA ACHILLE VERTUNNI,VIA COLLATINA,VIA ACHILLE VERTUNNI,,,Scontro frontale/laterale SX fra veicoli in marcia,Incrocio,Una carreggiata a doppio senso,Asciutto,Asfaltata,Verticale ed orizzontale,Sereno,Normale,Sufficiente,Sufficiente,0,0,0,3,"1,261,507","4,190,423",True
2677776,2,1/2/16 22:00,,in prossimit•À_,del civico n.,LUNGOTEVERE DELLE NAVI,,21,,Scontro laterale fra veicoli in marcia,,,,,,,,,,1,0,0,1,,,False
2678107,3,1/2/16 22:45,,in corrispondenza,del civico n.,VIA TIBURTINA,,205,,Scontro frontale/laterale SX fra veicoli in marcia,,,,,,,,,,0,0,0,4,,,False
2691416,18,1/2/16 22:45,Strada Urbana,in prossimit•À_,del civico n.,VIA DI BOCCEA,,306,,Scontro laterale fra veicoli in marcia,Rettilineo,Una carreggiata a doppio senso,Bagnato (umidit•À_ in atto),Asfaltata,Verticale ed orizzontale,Nuvoloso,Scarso,Sufficiente,Sufficiente,1,0,0,1,"1,241,644","4,190,361",False
2678369,1,1/2/16 23:40,Strada Urbana,in prossimit•À_,del civico n.,VIA SESSORIANA,,2a,,Veicolo in marcia contro veicoli in sosta,Rettilineo,Una carreggiata a senso unico di marcia,Asciutto,Asfaltata,Verticale ed orizzontale,Sereno,Scarso,Buona,Sufficiente,0,0,0,0,,,False
2677291,11,1/2/16 23:50,Strada Urbana,all'intersezione con,VIA DI CASAL PALOCCO,VIA CRISTOFORO COLOMBO,VIA DI CASAL PALOCCO,,,Scontro frontale/laterale DX fra veicoli in marcia,Intersezione semaforizzata,Pi•À_ di due carreggiate,Asciutto,Asfaltata,Verticale ed orizzontale,Sereno,Scarso,Buona,Sufficiente,3,0,0,0,"1,235,739","4,174,532",False
2679231,17,2/2/16,Strada Urbana,in prossimit•À_,del civico n.,VIA SANTAMAURA,,2a,,Veicolo in marcia contro veicolo in sosta,Rettilineo,Una carreggiata a senso unico di marcia,Asciutto,In cubetti di porfido,Verticale ed orizzontale,Sereno,Normale,Buona,Ore Diurne,0,0,0,1,"1,245,422","4,190,744",False
2677339,19,2/2/16 1:30,Strada Urbana,da specificare,,VIA UGO DE CAROLIS,,,prossimit•À_ LARGO DAMIANO CHIESA,Veicolo in marcia contro veicoli in sosta,Rettilineo,Una carreggiata a doppio senso,Asciutto,Asfaltata,Verticale ed orizzontale,Sereno,Scarso,Buona,Sufficiente,0,0,0,1,"1,243,843","4,191,915",True
2678419,1,2/2/16 3:15,Strada Urbana,in prossimit•À_,del palo luce n.,PIAZZA FARNESE,,51,,Veicolo in marcia contro ostacolo fisso,Rettilineo,Una carreggiata a senso unico di marcia,Asciutto,Lastricata,Assente,Sereno,Scarso,Buona,Sufficiente,0,0,0,1,,,False
2691443,18,2/2/16 5:00,Strada Urbana,all'intersezione con,VIA GIUSEPPE PIOLTI DE' BIANCHI,LARGO BEATA TERESA VERZERI,VIA GIUSEPPE PIOLTI DE' BIANCHI,,,Scontro frontale/laterale SX fra veicoli in marcia,Incrocio,Una carreggiata a doppio senso,Bagnato (umidit•À_ in atto),Asfaltata,Assente,Sereno,Scarso,Buona,Sufficiente,1,0,0,1,"1,239,479","4,191,171",True
2678149,16,2/2/16 7:10,Strada Urbana,all'intersezione con,PIAZZA OTTAVILLA,VIA FONTEIANA,PIAZZA OTTAVILLA,,,Scontro frontale/laterale SX fra veicoli in marcia,Intersezione stradale segnalata,Una carreggiata a doppio senso,Bagnato (umidit•À_ in atto),Asfaltata,Verticale ed orizzontale,Sereno,Normale,Sufficiente,Ore Diurne,0,1,0,2,"1,245,437","418,806",False
2677877,6,2/2/16 7:15,Strada Urbana,in prossimit•À_,del civico n.,VIA CHERSO,,148,,Scontro laterale fra veicoli in marcia,Rettilineo,Una carreggiata a doppio senso,Asciutto,Asfaltata,Orizzontale,Sereno,Scarso,Buona,Ore Diurne,0,0,0,3,"1,256,132","4,189,615",True
2677392,7,2/2/16 7:45,Strada Urbana,all'intersezione con,VIA DELLE BETULLE,VIA DELLE ROSE,VIA DELLE BETULLE,,,Scontro frontale/laterale SX fra veicoli in marcia,Incrocio,Due carreggiate,Asciutto,Asfaltata,Verticale ed orizzontale,Sereno,Normale,Buona,Ore Diurne,2,0,0,1,"1,256,292","418,898",True
2677483,19,2/2/16 7:50,Strada Urbana,all'intersezione con,VIA PASQUALE II,PIAZZA CLEMENTE XI,VIA PASQUALE II,,,Scontro frontale/laterale DX fra veicoli in marcia,Rotatoria,Una carreggiata a senso unico di marcia,Asciutto,Asfaltata,Verticale ed orizzontale,Sereno,Normale,Buona,Ore Diurne,0,0,0,2,"1,241,451","4,191,402",True
2679529,12,2/2/16 8:20,Provinciale,da specificare,,VIA OSTIENSE,,,altezza rampa G.R.A. dir. Ostia,Tamponamento,Rettilineo,Una carreggiata a senso unico di marcia,Asciutto,Asfaltata,Verticale ed orizzontale,Sereno,Intenso,Buona,Ore Diurne,0,0,0,3,,,False
2678492,9,2/2/16 8:40,Strada Urbana,in prossimit•À_,del civico n.,VIA TUSCOLANA,,199/b,,Scontro frontale/laterale SX fra veicoli in marcia,Rettilineo,Una carreggiata a doppio senso,Asciutto,Asfaltata,Orizzontale,Sereno,Normale,Buona,Ore Diurne,0,0,0,3,"1,252,262","4,187,901",False
2678789,11,2/2/16 8:45,Strada Urbana,all'intersezione con,VIA DEI CADUTI SENZA CROCE,VIA OSTIENSE,VIA DEI CADUTI SENZA CROCE,,,Scontro frontale/laterale DX fra veicoli in marcia,Intersezione stradale segnalata,Una carreggiata a senso unico di marcia,Asciutto,Asfaltata,Verticale ed orizzontale,Sereno,Normale,Buona,Ore Diurne,1,0,0,1,"124,751","4,184,995",True
2678116,1,2/2/16 8:45,Strada Urbana,all'intersezione con,VIA DOMENICO FONTANA,VIA EMANUELE FILIBERTO,VIA DOMENICO FONTANA,,,Scontro laterale fra veicoli in marcia,Incrocio,Una carreggiata a doppio senso,Asciutto,Asfaltata,Verticale ed orizzontale,Sereno,Normale,Buona,Ore Diurne,0,0,0,4,"1,250,781","4,188,808",True
2677928,6,2/2/16 8:45,Strada Urbana,all'intersezione con,VIA CORI,VIA TEANO,VIA CORI,,,Scontro frontale/laterale DX fra veicoli in marcia,Incrocio,Una carreggiata a doppio senso,Asciutto,Asfaltata,Orizzontale,Sereno,Normale,Buona,Ore Diurne,1,0,0,1,,,False
2677546,9,2/2/16 8:45,Strada Urbana,all'intersezione con,VIA FOLIGNO,VIA TARANTO,VIA FOLIGNO,,,Scontro laterale fra veicoli in marcia,Incrocio,Una carreggiata a doppio senso,Asciutto,Asfaltata,Verticale ed orizzontale,Sereno,Intenso,Buona,Ore Diurne,2,0,0,1,,,False
2679203,17,2/2/16 8:55,Strada Urbana,in prossimit•À_,del palo luce n.,PIAZZA DELLA LIBERTA',,17,,Scontro laterale fra veicoli in marcia,Pendenza,Una carreggiata a senso unico di marcia,Asciutto,Asfaltata,Verticale ed orizzontale,Sereno,Normale,Buona,Ore Diurne,0,0,0,2,,,False
2677568,10,2/2/16 9:00,Strada Urbana,in prossimit•À_,del palo luce n.,VIA FRANCESCO GENTILE,,39,,Scontro laterale fra veicoli in marcia,Rettilineo,Una carreggiata a doppio senso,Asciutto,Asfaltata,Orizzontale,Sereno,Normale,Buona,Ore Diurne,0,0,0,5,"1,258,564","4,185,436",True
2678844,13,2/2/16 9:40,Strada Urbana,in corrispondenza,del civico n.,VIA ALGAJOLA,,14,,Veicolo in marcia contro ostacolo fisso,Rettilineo,Una carreggiata a doppio senso,Asciutto,Asfaltata,Verticale,Sereno,Normale,Buona,Ore Diurne,0,0,0,1,"1,229,143","4,172,634",True
2691502,18,2/2/16 9:40,,in prossimit•À_,del civico n.,VIA GIACINTO DE VECCHI PIERALICE,,24,,Investimento di pedone,,,,,,,,,,1,0,0,2,"1,244,025","4,190,034",False
2678963,4,2/2/16 9:50,Strada Urbana,in prossimit•À_,del civico n.,VIALE CARNARO,,4/A,,Scontro laterale fra veicoli in marcia,Rettilineo,Una carreggiata a senso unico di marcia,Asciutto,Asfaltata,Verticale ed orizzontale,Sereno,Normale,Buona,Ore Diurne,0,0,0,2,"1,253,791","4,193,589",True
2680785,12,2/2/16 9:50,Strada Urbana,in corrispondenza,del civico n.,VIALE AMERICA,,111,,Scontro frontale/laterale DX fra veicoli in marcia,Rettilineo,Una carreggiata a doppio senso,Asciutto,Asfaltata,Verticale ed orizzontale,Sereno,Normale,Buona,Ore Diurne,1,0,0,1,,,False
2678938,20,2/2/16 9:50,Strada Urbana,all'intersezione semaforizzata con,VIA FLAMINIA,CORSO DI FRANCIA,VIA FLAMINIA,,,Scontro laterale fra veicoli in marcia,Intersezione semaforizzata,Due carreggiate,Asciutto,Asfaltata,Verticale ed orizzontale,Sereno,Intenso,Buona,Ore Diurne,1,0,0,2,,,False
2678823,8,2/2/16 10:00,Strada Urbana,in prossimit•À_,del civico n.,VIA ANDREA NOALE,,178,,Tamponamento,Rettilineo,Una carreggiata a doppio senso,Asciutto,Asfaltata,Verticale ed orizzontale,Sereno,Normale,Buona,Ore Diurne,0,0,0,2,"1,261,961","4,191,229",True
2677671,1,2/2/16 10:00,Strada Urbana,in prossimit•À_,del civico n.,VIA DEL BOSCHETTO,,39,,Scontro laterale fra veicoli in marcia,Rettilineo,Una carreggiata a senso unico di marcia,Asciutto,Asfaltata,Verticale ed orizzontale,Sereno,Normale,Buona,Ore Diurne,0,0,0,2,,,False
2679771,12,2/2/16 10:00,Strada Urbana,da specificare,,VIA CRISTOFORO COLOMBO,,,dir. Gra alt. P.le G. Marconi ,Scontro laterale fra veicoli in marcia,Rotatoria,Due carreggiate,Asciutto,Asfaltata,Verticale ed orizzontale,Sereno,Scarso,Buona,Ore Diurne,1,0,0,1,"1,247,051","4,183,332",False
2678835,8,2/2/16 10:15,Strada Urbana,in prossimit•À_,del civico n.,VIA CASILINA,,1088/c,,Veicoli in marcia contro veicolo fermo,Rettilineo,Una carreggiata a doppio senso,Asciutto,Asfaltata,Assente,Sereno,Scarso,Buona,Ore Diurne,0,0,0,2,"1,259,372","4,186,711",False
2678188,4,2/2/16 10:15,Strada Urbana,all'intersezione con,VIA GIOVANNI CONTI,VIA MONTE MASSICO,VIA GIOVANNI CONTI,,,Investimento di pedone,Intersezione non regolata/non segnalata,Due carreggiate,Asciutto,Asfaltata,Verticale ed orizzontale,Sereno,Normale,Buona,Ore Diurne,1,0,0,1,"1,253,196","419,513",False
2677922,19,2/2/16 10:20,Strada Urbana,in corrispondenza,del civico n.,VIALE DELLE MEDAGLIE D'ORO,,250,,Veicolo in marcia contro veicolo fermo,Rettilineo,Una carreggiata a doppio senso,Asciutto,Asfaltata,Assente,Sereno,Normale,Buona,Ore Diurne,2,0,0,1,"1,244,242","4,191,806",True
2677793,7,2/2/16 10:50,Strada Urbana,all'intersezione con,VIA NAIDE,VIA DAMETA,VIA NAIDE,,,Scontro frontale/laterale DX fra veicoli in marcia,Incrocio,Due carreggiate,Asciutto,Asfaltata,Verticale ed orizzontale,Sereno,Normale,Buona,Ore Diurne,0,0,0,3,"1,260,705","4,191,679",True
2679438,23,2/2/16 11:00,Strada Urbana,in prossimit•À_,del palo luce n.,PIAZZALE GIUSEPPE GARIBALDI,,21,,Veicolo in marcia contro veicolo in sosta,Rettilineo,Una carreggiata a doppio senso,Asciutto,Asfaltata,Verticale ed orizzontale,Sereno,Scarso,Buona,Ore Diurne,0,0,0,1,"1,246,072","418,913",False
2679765,1,2/2/16 11:15,Strada Urbana,in corrispondenza,del civico n.,VIALE MARCO POLO,,89,,Scontro frontale fra veicoli in marcia,Rettilineo,Una carreggiata a doppio senso,Asciutto,Asfaltata,Verticale ed orizzontale,Sereno,Normale,Buona,Ore Diurne,0,0,0,2,"1,248,918","4,187,291",False
2691462,18,2/2/16 11:15,Strada Urbana,all'intersezione con,VIA ALESSANDRO NERONI,VIA CORNELIA,VIA ALESSANDRO NERONI,,,Scontro laterale fra veicoli in marcia,Intersezione stradale segnalata,Una carreggiata a doppio senso,Asciutto,Asfaltata,Verticale ed orizzontale,Sereno,Normale,Buona,Ore Diurne,1,0,0,1,"1,238,983","419,005",False
2678764,5,2/2/16 11:30,Strada Urbana,all'intersezione semaforizzata con,VIA DEL PEPERINO,VIA DI PIETRALATA,VIA DEL PEPERINO,,,Scontro frontale/laterale DX fra veicoli in marcia,Intersezione semaforizzata,Una carreggiata a doppio senso,Asciutto,Asfaltata,Verticale ed orizzontale,Sereno,Normale,Buona,Ore Diurne,2,0,0,2,"1,255,506","4,191,777",False
2691825,18,2/2/16 11:30,Strada Urbana,in prossimit•À_,del civico n.,VIA DELLA CELLULOSA,,48,,Tamponamento,Rettilineo,Una carreggiata a doppio senso,Asciutto,Asfaltata,Assente,Sereno,Scarso,Buona,Ore Diurne,0,0,0,2,"1,236,522","4,192,105",False
2678925,19,2/2/16 11:30,Strada Urbana,da specificare,,VIA EUGENIO DI MATTEI,,,prossimit•À_ Via Barellai,Scontro laterale fra veicoli in marcia,Rettilineo,Una carreggiata a doppio senso,Asciutto,Asfaltata,Verticale ed orizzontale,Sereno,Normale,Buona,Ore Diurne,0,0,0,2,"1,241,804","4,194,331",True
2678971,13,2/2/16 11:45,Strada Urbana,da specificare,,VIA AGOSTINO CHIGI,,,in prossimit•À_ di via Pasquale Crazzolara,Veicolo in marcia contro ostacolo accidentale,Rettilineo,Una carreggiata a doppio senso,Asciutto,Asfaltata,Assente,Sereno,Normale,Buona,Ore Diurne,0,0,0,1,"1,231,418","4,176,354",True
2679259,17,2/2/16 11:45,Strada Urbana,all'intersezione con,VIA ALESSANDRO FARNESE,VIALE GIULIO CESARE,VIA ALESSANDRO FARNESE,,,Scontro frontale/laterale DX fra veicoli in marcia,Intersezione stradale segnalata,Pi•À_ di due carreggiate,Asciutto,Asfaltata,Verticale ed orizzontale,Sereno,Intenso,Buona,Ore Diurne,1,0,0,1,"1,246,269","4,191,067",False
2677937,9,2/2/16 12:00,,in prossimit•À_,del civico n.,VIA TARANTO,,72,,Investimento di pedone,,,,,,,,,,1,0,0,1,,,False
2677876,10,2/2/16 12:10,Strada Urbana,all'intersezione semaforizzata con,PIAZZA DI CINECITTA',VIALE PALMIRO TOGLIATTI,PIAZZA DI CINECITTA',,,Scontro laterale fra veicoli in marcia,Intersezione semaforizzata,Pi•À_ di due carreggiate,Asciutto,Asfaltata,Verticale ed orizzontale,Sereno,Normale,Buona,Ore Diurne,0,0,0,2,"1,256,789","4,185,384",True
2678884,13,2/2/16 12:15,Strada Urbana,in corrispondenza,del civico n.,VIA OSTIENSE,,2201,,Tamponamento,Rettilineo,Una carreggiata a doppio senso,Asciutto,Asfaltata,Verticale ed orizzontale,Sereno,Scarso,Buona,Ore Diurne,0,0,0,5,"1,232,054","4,176,819",False
2678098,6,2/2/16 12:15,Strada Urbana,in prossimit•À_,del civico n.,VIA ISIDORO DI CARACE,,103,,Veicolo in marcia contro veicolo in sosta,Rettilineo,Una carreggiata a senso unico di marcia,Asciutto,Asfaltata,Assente,Sereno,Scarso,Buona,Ore Diurne,0,0,0,1,"125,381","4,188,409",True
2679696,1,2/2/16 12:15,Strada Urbana,in corrispondenza,del civico n.,LUNGOTEVERE DEI SANGALLO,,2,,Scontro laterale fra veicoli in marcia,Curva a visuale libera,Una carreggiata a senso unico di marcia,Asciutto,Asfaltata,Verticale ed orizzontale,Sereno,Intenso,Buona,Ore Diurne,0,0,0,2,"124,643","4,189,942",False
2679058,2,2/2/16 12:20,,da specificare,,VIA PANAMA,,,in corrisp. L.GO BANGLADESH,Scontro laterale fra veicoli in marcia,,,,,,,,,,1,0,0,1,,,False
2678788,11,2/2/16 12:40,Strada Urbana,all'intersezione con,VIA ANDREA MILLEVOI,VIA ARDEATINA,VIA ANDREA MILLEVOI,,,Scontro frontale/laterale SX fra veicoli in marcia,Intersezione stradale segnalata,Due carreggiate,Asciutto,Asfaltata,Verticale ed orizzontale,Sereno,Normale,Buona,Ore Diurne,1,0,0,1,"1,251,911","4,182,259",False
2678767,5,2/2/16 12:45,Strada Urbana,all'intersezione con,VIA CARLO ARTURO JEMOLO,VIA FRANCESCO PAOLO BONIFACIO,VIA CARLO ARTURO JEMOLO,,,Scontro frontale/laterale DX fra veicoli in marcia,Intersezione stradale segnalata,Due carreggiate,Asciutto,Asfaltata,Verticale ed orizzontale,Sereno,Normale,Buona,Ore Diurne,1,0,0,1,"1,258,107","4,195,099",True
2679754,12,2/2/16 13:00,Strada Urbana,all'intersezione con,VIA LAURENTINA,PIAZZALE GIULIO DOUHET,VIA LAURENTINA,,,Scontro laterale fra veicoli in marcia,Intersezione semaforizzata,Una carreggiata a senso unico di marcia,Asciutto,Asfaltata,Verticale ed orizzontale,Sereno,Normale,Buona,Ore Diurne,0,0,0,2,"1,247,847","4,182,631",True
2678446,2,2/2/16 13:00,Strada Urbana,da specificare,,CORSO DI FRANCIA,,,alt. VIA PILDSUSKI dir. v.le Tiziano,Tamponamento Multiplo,Rettilineo,Due carreggiate,Asciutto,Asfaltata,Orizzontale,Sereno,Normale,Buona,Ore Diurne,0,0,0,3,"1,247,578","41,928",True
2678021,10,2/2/16 13:00,Strada Urbana,in corrispondenza,del civico n.,VIA LUCIO ELIO SEIANO,,130,,Scontro laterale fra veicoli in marcia,Rettilineo,Una carreggiata a senso unico di marcia,Asciutto,Asfaltata,Verticale ed orizzontale,Sereno,Scarso,Buona,Ore Diurne,0,0,0,3,"1,255,776","4,185,381",True
2678209,7,2/2/16 13:10,Strada Urbana,in prossimit•À_,del palo luce n.,VIA DAVIDE CAMPARI,,12,,Scontro laterale fra veicoli in marcia,Rettilineo,Una carreggiata a doppio senso,Asciutto,Asfaltata,Verticale ed orizzontale,Nuvoloso,Normale,Buona,Ore Diurne,0,0,0,2,"12,587","4,188,618",True
2679441,16,2/2/16 13:20,Strada Urbana,in prossimit•À_,del civico n.,PIAZZALE EUGENIO MORELLI,,1,,Scontro frontale/laterale DX fra veicoli in marcia,Rettilineo,Una carreggiata a senso unico di marcia,Asciutto,Asfaltata,Verticale ed orizzontale,Sereno,Normale,Buona,Ore Diurne,0,0,0,2,"1,244,356","4,186,121",True
2678863,8,2/2/16 13:30,Strada Urbana,in prossimit•À_,del civico n.,VIA NINO ILARI,,11,,Scontro laterale fra veicoli in marcia,Rettilineo,Una carreggiata a doppio senso,Asciutto,Asfaltata,Assente,Sereno,Scarso,Buona,Ore Diurne,0,0,0,2,"12,586","4,186,689",True
2678159,19,2/2/16 13:45,Strada Urbana,da specificare,,VIA DELLA VALLE DEI FONTANILI,,,prossimita' via Guicciardi,Scontro laterale fra veicoli in marcia,Rettilineo,Una carreggiata a doppio senso,Asciutto,Asfaltata,Orizzontale,Sereno,Normale,Buona,Ore Diurne,0,0,0,5,"1,240,821","4,192,742",True
2678431,9,2/2/16 13:45,Strada Urbana,in prossimit•À_,del civico n.,PIAZZA TUSCOLO,,19,,Infortunio per sola frenata improvvisa,Rettilineo,Una carreggiata a doppio senso,Asciutto,Asfaltata,Verticale ed orizzontale,Sereno,Normale,Buona,Ore Diurne,1,0,0,1,,,False
2679038,2,2/2/16 13:55,,in corrispondenza,del civico n.,VIA CHISIMAIO,,fr. 26,,Veicolo in marcia contro veicoli in sosta,,,,,,,,,,0,0,0,0,,,False
2679869,1,2/2/16 14:00,Strada Urbana,in prossimit•À_,del palo luce n.,PONTE PRINCIPE AMEDEO SAVOIA AOSTA,,4,,Scontro laterale fra veicoli in marcia,Rettilineo,Una carreggiata a senso unico di marcia,Asciutto,Asfaltata,Verticale ed orizzontale,Sereno,Intenso,Buona,Ore Diurne,0,0,0,2,"1,246,295","4,189,973",True
2679063,2,2/2/16 14:10,,in corrispondenza,del civico n.,VIA SALARIA,,228,,Tamponamento Multiplo,,,,,,,,,,1,0,0,2,"1,249,834","4,191,938",False
2678129,6,2/2/16 14:15,Statale entro l'abitato,in corrispondenza,del civico n.,VIA CASILINA,,619,,Tamponamento Multiplo,Rettilineo,Due carreggiate,Asciutto,Asfaltata,Orizzontale,Sereno,Normale,Buona,Ore Diurne,3,0,0,3,"1,254,706","4,187,836",True
2679805,12,2/2/16 14:25,Provinciale entro l'abitato,da specificare,,VIA ARDEATINA,,,altezza ingresso Santuario del Divino Amore,Tamponamento,Curva a visuale libera,Una carreggiata a doppio senso,Asciutto,Asfaltata,Verticale ed orizzontale,Sereno,Normale,Buona,Ore Diurne,0,0,0,2,"1,254,316","4,177,698",True
2678858,8,2/2/16 14:28,Strada Urbana,in prossimit•À_,del civico n.,VIA SAN GREGORIO DI CATANIA,,80,,Veicolo in marcia contro ostacolo accidentale,Rettilineo,Una carreggiata a senso unico di marcia,Asciutto,Strada pavimentata dissestata,Verticale,Sereno,Scarso,Buona,Ore Diurne,0,0,0,1,"1,264,772","418,783",True
2679471,16,2/2/16 14:30,Strada Urbana,in prossimit•À_,del civico n.,PIAZZALE ENRICO DUNANT,,71,,Scontro laterale fra veicoli in marcia,,Pi•À_ di due carreggiate,Asciutto,Asfaltata,Verticale ed orizzontale,Sereno,Normale,Buona,Ore Diurne,1,0,0,2,"1,245,989","4,187,213",False
2678232,10,2/2/16 15:00,Strada Urbana,da specificare,,VIA ANAGNINA,,,bivio grottaferratarascati altezza gra,Tamponamento,Rettilineo,Una carreggiata a senso unico di marcia,Asciutto,Asfaltata,Orizzontale,Sereno,Normale,Buona,Ore Diurne,1,0,0,2,"1,259,043","4,183,765",True
2678839,15,2/2/16 15:00,Strada Urbana,in corrispondenza,del civico n.,VIA DELLA MAGLIANA,,182,,Tamponamento,Rettilineo,Una carreggiata a doppio senso,Asciutto,Asfaltata,Orizzontale,Nuvoloso,Normale,Buona,Ore Diurne,0,0,0,2,"1,245,904","4,185,102",True
2678475,9,2/2/16 15:00,Strada Urbana,all'intersezione semaforizzata con,VIA DELL'ARCO DI TRAVERTINO,VIA TUSCOLANA,VIA DELL'ARCO DI TRAVERTINO,,,Scontro laterale fra veicoli in marcia,Intersezione semaforizzata,Una carreggiata a doppio senso,Asciutto,Asfaltata,Verticale ed orizzontale,Sereno,Normale,Buona,Ore Diurne,1,0,0,4,,,False
2679054,2,2/2/16 15:40,,all'intersezione con,VIA DEI CAMPI SPORTIVI,LARGO GIULIO ONESTI,VIA DEI CAMPI SPORTIVI,,,Scontro laterale fra veicoli in marcia,,,,,,,,,,1,0,0,1,,,False
2679261,12,2/2/16 15:40,Provinciale,da specificare,,VIA OSTIENSE,,,pross. Via Fosso del Torrino,Tamponamento,Rettilineo,Una carreggiata a doppio senso,Asciutto,Asfaltata,Verticale ed orizzontale,Nuvoloso,Intenso,Buona,Ore Diurne,1,0,0,1,"1,245,895","4,183,686",False
2678834,12,2/2/16 15:45,Strada Urbana,in prossimit•À_,del civico n.,LARGO SORELLE GIUSSANI,,471,,Veicolo in marcia contro ostacolo fisso,Rettilineo,Una carreggiata a doppio senso,Asciutto,Asfaltata,Verticale ed orizzontale,Nuvoloso,Scarso,Buona,Ore Diurne,0,0,0,2,"1,242,814","4,179,187",True