ID,Gruppo,_DataOraIncidente,_Localizzazione1,_Localizzazione2,Strada02,Strada1,Strada2,Chilometrica,DaSpecificare,_NaturaIncidente,_ParticolaritaStrade,_TipoStrada,_FondoStradale,_Pavimentazione,_Segnaletica,_CondizioneAtmosferica,_Traffico,_Visibilita,_Illuminazione,NUM_FERITI,_NUM_RISERVATA,_NUM_MORTI,_NUM_ILLESI,Longitudine,Latitudine,CONFERMATO
2682417,12,2/2/16 15:50,Strada Urbana,in corrispondenza,del civico n.,VIA DELLA SETA,,13,,Scontro laterale fra veicoli in marcia,Rettilineo,Una carreggiata a senso unico di marcia,Asciutto,Asfaltata,Verticale ed orizzontale,Sereno,Normale,Buona,Ore Diurne,0,0,0,4,"1,243,339","4,180,778",True
2679905,1,2/2/16 15:50,Strada Urbana,in prossimit•À_,del civico n.,VIA ALESSANDRO VOLTA,,39,,Veicolo in marcia contro veicolo in sosta,Rettilineo,Una carreggiata a senso unico di marcia,Asciutto,Asfaltata,Verticale ed orizzontale,Sereno,Scarso,Buona,Ore Diurne,0,0,0,0,,,False
2678934,4,2/2/16 16:10,Strada Urbana,in prossimit•À_,del civico n.,VIA DELLO SCALO DI SETTEBAGNI,,13a,,Scontro laterale fra veicoli in marcia,Rettilineo,Una carreggiata a doppio senso,Asciutto,Asfaltata,Verticale ed orizzontale,Nuvoloso,Normale,Buona,Ore Diurne,0,0,0,2,"1,252,057","4,200,881",True
2678939,10,2/2/16 16:20,Strada Urbana,da specificare,,VIA QUINTO PUBLICIO,,,prosimita' v.le p. togliatti direzione via tuscol.,Tamponamento,Rettilineo,Due carreggiate,Asciutto,Asfaltata,Verticale ed orizzontale,Sereno,Normale,Buona,Ore Diurne,1,0,0,1,"1,257,071","4,185,597",False
2679028,20,2/2/16 16:45,,in corrispondenza,del civico n.,VIA CASSIA,,1286,,Tamponamento,,,,,,,,,,0,0,0,2,,,False
2678893,15,2/2/16 16:48,Strada Urbana,in prossimit•À_,del civico n.,VIA PORTUENSE,,743,,Veicolo in marcia contro veicoli in sosta,Rettilineo,Una carreggiata a doppio senso,Asciutto,Asfaltata,Verticale ed orizzontale,Nuvoloso,Normale,Buona,Ore Diurne,1,0,0,0,"1,242,817","4,185,099",True
2678804,13,2/2/16 17:15,Strada Urbana,all'intersezione con,VIA PROSPERO INTORCETTA,VIA DI DRAGONE,VIA PROSPERO INTORCETTA,,,Scontro frontale/laterale DX fra veicoli in marcia,Incrocio,Una carreggiata a doppio senso,Asciutto,Asfaltata,Assente,Sereno,Normale,Sufficiente,Sufficiente,2,0,0,0,"1,232,994","4,178,691",False
2682503,12,2/2/16 17:30,Strada Urbana,all'intersezione con,VIALE BARTOLOMEO CAVACEPPI,VIALE LUIGI GUGLIELMI,VIALE BARTOLOMEO CAVACEPPI,,,Scontro laterale fra veicoli in marcia,Rotatoria,Una carreggiata a senso unico di marcia,Asciutto,Asfaltata,Verticale ed orizzontale,Sereno,Normale,Sufficiente,Sufficiente,0,0,0,3,"1,243,392","4,180,006",True
2678792,11,2/2/16 17:30,Strada Urbana,in corrispondenza,del civico n.,PIAZZALE ANTONIO TOSTI,,12,,Veicolo in marcia contro ostacolo fisso,Rettilineo,Due carreggiate,Asciutto,Asfaltata,Verticale ed orizzontale,Nuvoloso,Normale,Buona,Sufficiente,0,0,0,1,"125,013","4,185,736",True
2678960,19,2/2/16 18:00,Strada Urbana,in corrispondenza,del civico n.,VIA DIANO MARINA,,38,,Veicolo in marcia contro veicolo in sosta,Rettilineo,Una carreggiata a senso unico di marcia,Asciutto,Asfaltata,Assente,Sereno,Normale,Buona,Sufficiente,0,0,0,1,"1,241,897","4,192,906",False
2678879,15,2/2/16 18:05,Strada Urbana,all'intersezione con,VIA PORTUENSE,VIA QUIRINO MAJORANA,VIA PORTUENSE,,,Scontro laterale fra veicoli in marcia,Intersezione non regolata/non segnalata,Una carreggiata a senso unico di marcia,Asciutto,Asfaltata,Verticale ed orizzontale,Nuvoloso,Intenso,Buona,Sufficiente,0,0,0,2,"1,246,317","4,186,669",True
2678543,10,2/2/16 18:45,Statale entro l'abitato,da specificare,,VIA APPIA NUOVA,,,altezza rampa gra carreggiata esterna,Tamponamento Multiplo,Rettilineo,Una carreggiata a senso unico di marcia,Asciutto,Asfaltata,Orizzontale,Sereno,Intenso,Buona,Sufficiente,1,0,0,2,,,False
2678852,8,2/2/16 18:50,Strada Urbana,in prossimit•À_,del civico n.,VIA CASILINA,,617,,Scontro laterale fra veicoli in marcia,Rettilineo,Una carreggiata a doppio senso,Asciutto,Asfaltata,Verticale ed orizzontale,Nuvoloso,Intenso,Buona,Sufficiente,0,0,0,2,"1,254,697","4,187,854",True
2678846,8,2/2/16 19:10,Strada Urbana,in prossimit•À_,del civico n.,VIA DEL TORRACCIO,,282,,Veicolo in marcia contro ostacolo accidentale,Rettilineo,Una carreggiata a doppio senso,Asciutto,Asfaltata,Verticale ed orizzontale,Nuvoloso,Normale,Sufficiente,Sufficiente,0,0,0,1,"1,264,865","4,185,609",True
2678915,7,2/2/16 19:20,Strada Urbana,in prossimit•À_,del palo luce n.,VIA DELLA RUSTICA,,38,,Veicolo in marcia contro ostacolo fisso,Curva a visuale libera,Una carreggiata a doppio senso,Asciutto,Asfaltata,Orizzontale,Nuvoloso,Normale,Sufficiente,Sufficiente,1,0,0,0,"1,260,088","4,191,094",True
2678841,8,2/2/16 19:45,Strada Urbana,da specificare,,VIA WALTER TOBAGI,,,altezza Via Ruderi di Casa Calda,Tamponamento Multiplo,Rettilineo,Una carreggiata a doppio senso,Asciutto,Asfaltata,Verticale ed orizzontale,Nuvoloso,Normale,Sufficiente,Sufficiente,0,0,0,7,"1,259,738","4,187,507",True
2678801,6,2/2/16 20:30,Strada Urbana,in prossimit•À_,del civico n.,VIA TOR DE' SCHIAVI,,406,,Scontro laterale fra veicoli in marcia,Rettilineo,Due carreggiate,Asciutto,Asfaltata,Verticale ed orizzontale,Nuvoloso,Scarso,Buona,Sufficiente,0,0,0,2,"1,255,937","4,189,427",True
2679034,2,2/2/16 20:50,Strada Urbana,da specificare,,VIA SALARIA,,,fr. VIALE SOMALIA,Veicolo in marcia contro ostacolo fisso,Rettilineo,Due carreggiate,Asciutto,Asfaltata,Verticale ed orizzontale,Nuvoloso,Scarso,Sufficiente,Sufficiente,0,0,0,1,"1,251,166","4,194,544",True
2691567,18,2/2/16 21:20,Statale,in prossimit•À_,del civico n.,VIA AURELIA,,1051,,Scontro frontale/laterale DX fra veicoli in marcia,Curva a visuale libera,Due carreggiate,Bagnato (pioggia),Asfaltata,Verticale ed orizzontale,Pioggia in atto,Scarso,Buona,Sufficiente,0,0,0,3,"1,237,848","4,188,321",False
2680735,1,2/2/16 21:40,Strada Urbana,in prossimit•À_,del civico n.,LUNGOTEVERE DEI FIORENTINI,,2,,Tamponamento,Rettilineo,Una carreggiata a senso unico di marcia,Bagnato (pioggia),Asfaltata,Verticale ed orizzontale,Pioggia in atto,Normale,Sufficiente,Sufficiente,0,0,0,3,,,False
2679351,17,2/2/16 22:00,Strada Urbana,all'intersezione con,VIA ULPIANO,LUNGOTEVERE PRATI,VIA ULPIANO,,,Scontro frontale/laterale SX fra veicoli in marcia,Incrocio,Una carreggiata a senso unico di marcia,Bagnato (pioggia),Asfaltata,Verticale ed orizzontale,Pioggia in atto,Normale,Sufficiente,Sufficiente,1,0,0,2,"1,247,196","4,190,374",False
2679738,12,2/2/16 22:30,Strada Urbana,all'intersezione con,VIA FRANCESCO MENZIO,VIA DI ACILIA,VIA FRANCESCO MENZIO,,,Scontro frontale/laterale SX fra veicoli in marcia,Incrocio,Una carreggiata a doppio senso,Bagnato (umidit•À_ in atto),Asfaltata,Verticale ed orizzontale,Nuvoloso,Scarso,Buona,Sufficiente,0,0,0,2,,,False
2678814,6,2/2/16 23:15,Strada Urbana,all'intersezione semaforizzata con,LARGO GALEAZZO ALESSI,VIA CASILINA,LARGO GALEAZZO ALESSI,,,Tamponamento,Intersezione semaforizzata,Due carreggiate,Bagnato (pioggia),Asfaltata,Verticale,Pioggia in atto,Scarso,Buona,Sufficiente,1,0,0,2,,,False
2678923,4,2/2/16 23:20,Strada Urbana,da specificare,,VIA GIUSEPPE DE SANTIS,,,Pross. via Elsa de Giorgi,Scontro frontale/laterale SX fra veicoli in marcia,Curva senza visuale libera,Una carreggiata a doppio senso,Bagnato (pioggia),Asfaltata,Verticale ed orizzontale,Pioggia in atto,Scarso,Sufficiente,Sufficiente,0,0,0,4,"1,253,709","4,196,556",True
2678874,6,3/2/16 0:01,Strada Urbana,all'intersezione semaforizzata con,VIA LEONARDO BUFALINI,VIA CASILINA,VIA LEONARDO BUFALINI,,,Scontro frontale/laterale DX fra veicoli in marcia,Intersezione semaforizzata,Due carreggiate,Bagnato (pioggia),Asfaltata,Verticale ed orizzontale,Pioggia in atto,Scarso,Buona,Sufficiente,0,0,0,2,"125,388","4,188,151",True
2679480,16,3/2/16 0:20,Strada Urbana,all'intersezione semaforizzata con,VIALE AMERICA,VIA CRISTOFORO COLOMBO,VIALE AMERICA,,,Tamponamento Multiplo,Incrocio,Una carreggiata a senso unico di marcia,Bagnato (pioggia),Asfaltata,Verticale ed orizzontale,Pioggia in atto,Normale,Sufficiente,Sufficiente,0,0,0,4,"1,244,704","4,180,373",True
2678979,7,3/2/16 0:20,,all'intersezione con,VIA SALVIATI,VIA DI TOR CERVARA,VIA SALVIATI,,,Scontro laterale fra veicoli in marcia,,,,,,,,,,1,0,0,1,,,False
2692378,18,3/2/16 0:45,Strada Urbana,all'intersezione con,VIA GIOVANNI SENZATERRA,VIA GAETANO MAZZONI,VIA GIOVANNI SENZATERRA,,,Veicolo in marcia contro ostacolo fisso,Intersezione stradale segnalata,Una carreggiata a senso unico di marcia,Bagnato (pioggia),Asfaltata,Verticale ed orizzontale,Sereno,Scarso,Sufficiente,Sufficiente,0,0,0,2,"1,239,506","4,190,842",True
2679593,9,3/2/16 1:00,,in corrispondenza,del civico n.,VIA APPIA NUOVA,,522,,Tamponamento,,,,,,,,,,1,0,0,3,"1,252,503","4,187,314",False
2679142,2,3/2/16 1:30,Strada Urbana,all'intersezione semaforizzata con,VIALE DELL'UNIVERSITA',VIALE DELLE SCIENZE,VIALE DELL'UNIVERSITA',,,Veicolo in marcia contro ostacolo fisso,Incrocio,Due carreggiate,Bagnato (umidit•À_ in atto),Asfaltata,Verticale ed orizzontale,Nuvoloso,Scarso,Buona,Sufficiente,0,0,0,0,"1,251,092","4,190,408",True
2680012,1,3/2/16 2:45,Strada Urbana,all'intersezione semaforizzata con,VIA FLORIDA,LARGO ARENULA,VIA FLORIDA,,,Veicolo in marcia contro ostacolo fisso,Intersezione semaforizzata,Una carreggiata a senso unico di marcia,Bagnato (pioggia),Asfaltata,Verticale ed orizzontale,Pioggia in atto,Scarso,Sufficiente,Sufficiente,0,0,0,2,,,False
2680571,16,3/2/16 3:30,Strada Urbana,da specificare,,VIADOTTO DELLA MAGLIANA,,,in prossimit•À_ di Via del Cappellaccio,Veicolo in marcia contro veicolo fermo,Curva senza visuale libera,Una carreggiata a senso unico di marcia,Bagnato (pioggia),Asfaltata,Orizzontale,Nuvoloso,Normale,Sufficiente,Sufficiente,0,0,0,2,"1,246,221","4,184,062",True
2678973,19,3/2/16 5:23,Strada Urbana,all'intersezione semaforizzata con,VIA FLAMINIA,CORSO DI FRANCIA,VIA FLAMINIA,,,Tamponamento,Intersezione semaforizzata,Due carreggiate,Bagnato (umidit•À_ in atto),Asfaltata,Verticale ed orizzontale,Nuvoloso,Normale,Buona,Sufficiente,0,0,0,2,"1,247,154","4,193,683",True
2680767,4,3/2/16 6:35,Provinciale entro l'abitato,all'intersezione con,VIA DI S. ALESSANDRO,VIA NOMENTANA,VIA DI S. ALESSANDRO,,,Scontro laterale fra veicoli in marcia,Incrocio,Una carreggiata a doppio senso,Asciutto,Asfaltata,Verticale,Nuvoloso,Intenso,Buona,Ore Diurne,3,0,0,2,"1,258,419","4,195,863",False
2680514,8,3/2/16 6:40,Strada Urbana,da specificare,,VIA DEL TORRACCIO DI TORRENOVA,,,In prossimit•À_ di VIA CARLO LASINIO,Veicolo in marcia contro ostacolo accidentale,Rettilineo,Una carreggiata a doppio senso,Asciutto,Asfaltata,Orizzontale,Nuvoloso,Normale,Sufficiente,Sufficiente,0,0,0,1,"1,262,574","4,186,849",True
2680493,11,3/2/16 6:45,Strada Urbana,in prossimit•À_,del civico n.,VIA DEL SERAFICO,,64,,Veicolo in marcia contro veicolo in sosta,Rettilineo,Una carreggiata a doppio senso,Bagnato (pioggia),Asfaltata,Orizzontale,Nuvoloso,Normale,Buona,Sufficiente,0,0,0,1,"1,248,498","418,298",True
2680494,16,3/2/16 8:00,Strada Urbana,all'intersezione con,VIA VINCENZO TIZZANI,VIA LUIGI ARATI,VIA VINCENZO TIZZANI,,,Scontro frontale/laterale SX fra veicoli in marcia,Incrocio,Due carreggiate,Bagnato (umidit•À_ in atto),Asfaltata,Verticale ed orizzontale,Nuvoloso,Normale,Sufficiente,Ore Diurne,0,0,0,3,"1,244,132","4,187,255",True
2680683,4,3/2/16 8:10,Strada Urbana,da specificare,,VIALE CARMELO BENE,,,prossimit•À_ fronte civico 281,Veicolo in marcia contro ostacolo fisso,Curva a visuale libera,Pi•À_ di due carreggiate,Bagnato (pioggia),Asfaltata,Verticale ed orizzontale,Nuvoloso,Scarso,Buona,Ore Diurne,2,0,0,0,"1,253,371","4,197,505",False
2679437,2,3/2/16 8:10,Strada Urbana,da specificare,,VIA DEL FORO ITALICO,,,dir. Stadio alt. rampa accesso Salaria,Scontro laterale fra veicoli in marcia,Rettilineo,Due carreggiate,Bagnato (pioggia),Asfaltata,Verticale ed orizzontale,Nuvoloso,Normale,Buona,Ore Diurne,0,0,0,2,"1,248,278","4,194,005",True
2680604,11,3/2/16 8:25,Strada Urbana,da specificare,,VIA APPIA PIGNATELLI,,,altezza civico 245,Investimento di pedone,Rettilineo,Una carreggiata a doppio senso,Bagnato (umidit•À_ in atto),Asfaltata,Verticale ed orizzontale,Nuvoloso,Intenso,Buona,Ore Diurne,2,0,0,1,"1,254,786","4,183,815",False
2679402,2,3/2/16 8:45,,all'intersezione semaforizzata con,VIA ADIGE,VIA SALARIA,VIA ADIGE,,,Scontro frontale/laterale DX fra veicoli in marcia,,,,,,,,,,1,0,0,2,,,False
2680413,5,3/2/16 8:50,Strada Urbana,da specificare,,VIA GIUSEPPE ANTONIO ANDRIULLI,,,rampa di afflusso dalla A24,Veicolo in marcia contro ostacolo accidentale,Rettilineo,Due carreggiate,Bagnato (pioggia),Asfaltata,Verticale ed orizzontale,Pioggia in atto,Normale,Buona,Ore Diurne,0,0,0,1,"1,255,823","4,190,322",True
2680517,8,3/2/16 9:00,Strada Urbana,in prossimit•À_,del civico n.,VIA DEL TORRACCIO,,282,,Veicolo in marcia contro ostacolo accidentale,Rettilineo,Una carreggiata a doppio senso,Asciutto,Asfaltata,Orizzontale,Nuvoloso,Scarso,Buona,Ore Diurne,0,0,0,1,"1,264,865","418,561",True
2679613,9,3/2/16 9:15,,da specificare,,VIALE FURIO CAMILLO,,,altezza VIA EURIALO,Scontro frontale/laterale DX fra veicoli in marcia,,,,,,,,,,0,0,0,2,"1,252,398","4,187,539",False
2680361,13,3/2/16 9:20,Strada Urbana,in corrispondenza,del civico n.,VIA ERMANNO WOLF FERRARI,,263,,Veicolo in marcia contro veicolo fermo,Rettilineo,Una carreggiata a doppio senso,Asciutto,Asfaltata,Assente,Nuvoloso,Normale,Buona,Ore Diurne,0,0,0,3,"1,237,423","417,516",False
2680836,3,3/2/16 9:25,,da specificare,,PIAZZA DEI SANNITI,,,FRONTE CIVICO 9 A,Scontro frontale/laterale DX fra veicoli in marcia,,,,,,,,,,1,0,0,1,,,False
2680518,20,3/2/16 9:40,Strada Urbana,in corrispondenza,del civico n.,PIAZZA LAURO DE BOSIS,,16,,Scontro frontale/laterale DX fra veicoli in marcia,Rettilineo,Due carreggiate,Bagnato (umidit•À_ in atto),Asfaltata,Verticale ed orizzontale,Nuvoloso,Normale,Buona,Ore Diurne,0,0,0,2,"1,245,861","4,193,174",True
2679216,17,3/2/16 10:00,Strada Urbana,all'intersezione con,VIA CARLO EVANGELISTI,VIA TRIONFALE,VIA CARLO EVANGELISTI,,,Scontro frontale/laterale DX fra veicoli in marcia,Intersezione semaforizzata,Una carreggiata a doppio senso,Bagnato (umidit•À_ in atto),Asfaltata,Verticale ed orizzontale,Nuvoloso,Normale,Buona,Ore Diurne,2,0,0,1,,,False
2679996,1,3/2/16 10:35,Strada Urbana,in corrispondenza,del civico n.,CORSO VITTORIO EMANUELE II,,39,,Scontro frontale/laterale DX fra veicoli in marcia,Rettilineo,Una carreggiata a doppio senso,Asciutto,Asfaltata,Verticale ed orizzontale,Nuvoloso,Normale,Buona,Ore Diurne,1,0,0,3,"1,247,762","4,189,591",True
2679825,12,3/2/16 10:35,Strada Urbana,da specificare,,PIAZZA LODOVICO CERVA,,,altezza via Gianfrancesco Biondi,Veicolo in marcia contro veicolo in sosta,Rettilineo,Una carreggiata a doppio senso,Asciutto,Asfaltata,Verticale ed orizzontale,Sereno,Normale,Buona,Ore Diurne,0,0,0,3,"12,489","4,181,706",True
2680451,8,3/2/16 10:50,,all'intersezione con,VIA POLENSE,VIA DI ROCCA CENCIA,VIA POLENSE,,,Scontro laterale fra veicoli in marcia,,,,,,,,,,1,0,0,4,,,False
2691891,18,3/2/16 11:00,Strada Urbana,in corrispondenza,del civico n.,VIA DI BOCCEA,,647/C,,Investimento di pedone,Curva a visuale libera,Una carreggiata a doppio senso,Asciutto,Asfaltata,Orizzontale,Nuvoloso,Normale,Buona,Ore Diurne,1,0,0,1,"123,753","4,192,146",True
2680629,11,3/2/16 11:30,Strada Urbana,in corrispondenza,del civico n.,VIA LAURENTINA,,458,,Tamponamento Multiplo,Rettilineo,Due carreggiate,Bagnato (umidit•À_ in atto),Asfaltata,Assente,Nuvoloso,Intenso,Buona,Ore Diurne,0,0,0,3,"1,248,063","4,183,197",True
2692178,18,3/2/16 11:55,Strada Urbana,all'intersezione semaforizzata con,VIA DI BOCCEA,PIAZZA DEI GIURECONSULTI,VIA DI BOCCEA,,,Tamponamento,Intersezione semaforizzata,Una carreggiata a doppio senso,Asciutto,Asfaltata,Verticale ed orizzontale,Nuvoloso,Normale,Buona,Ore Diurne,1,0,0,1,"1,242,583","4,190,217",True
2679468,2,3/2/16 12:00,Strada Urbana,all'intersezione con,VIA GUIDUBALDO DEL MONTE,VIALE MARESCIALLO PILSUDSKI,VIA GUIDUBALDO DEL MONTE,,,Scontro laterale fra veicoli in marcia,Intersezione semaforizzata,Una carreggiata a doppio senso,Asciutto,Asfaltata,Verticale ed orizzontale,Sereno,Normale,Buona,Ore Diurne,0,0,0,2,"1,247,779","4,192,858",True
2680593,16,3/2/16 12:00,Strada Urbana,in corrispondenza,del civico n.,VIA GIACOMO FOLCHI,,6/A,,Scontro frontale fra veicoli in marcia,Rettilineo,Una carreggiata a doppio senso,Asciutto,Asfaltata,Verticale ed orizzontale,Sereno,Normale,Buona,Ore Diurne,0,0,0,3,"1,245,424","4,186,714",True
2680675,4,3/2/16 12:00,Provinciale entro l'abitato,in corrispondenza,del civico n.,VIA NOMENTANA,,1018,,Tamponamento Multiplo,Rettilineo,Una carreggiata a doppio senso,Asciutto,Asfaltata,Verticale ed orizzontale,Nuvoloso,Normale,Buona,Ore Diurne,0,0,0,7,"1,256,762","4,194,711",True
2679434,17,3/2/16 12:10,Strada Urbana,in corrispondenza,del civico n.,PIAZZA ADRIANA,,10/c,,Scontro laterale fra veicoli in marcia,Rettilineo,Una carreggiata a senso unico di marcia,Asciutto,Asfaltata,Verticale ed orizzontale,Nuvoloso,Normale,Buona,Ore Diurne,0,0,0,2,,,False
2680505,8,3/2/16 12:30,Strada Urbana,in prossimit•À_,del civico n.,VIALE DI TORRE MAURA,,120,,Veicolo in marcia contro ostacolo accidentale,Rettilineo,Una carreggiata a senso unico di marcia,Asciutto,Con buche,Orizzontale,Nuvoloso,Normale,Buona,Ore Diurne,0,0,0,1,"1,259,172","4,186,467",True
2679911,19,3/2/16 12:30,Strada Urbana,in corrispondenza,del civico n.,VIA DELLA BALDUINA,,143,,Veicolo in marcia contro veicolo in sosta,Rettilineo,Una carreggiata a doppio senso,Asciutto,Asfaltata,Assente,Sereno,Normale,Buona,Ore Diurne,0,0,0,0,"1,243,858","4,192,129",True
2680465,8,3/2/16 12:40,Strada Urbana,da specificare,,VIA CASARANO,,,100 MT PRIMA DI VIA SERRACAPRIOLA,Scontro laterale fra veicoli in marcia,Rettilineo,Una carreggiata a doppio senso,Asciutto,Asfaltata,Verticale ed orizzontale,Nuvoloso,Normale,Buona,Ore Diurne,1,0,0,1,"1,261,273","4,188,606",False
2680029,1,3/2/16 12:45,Strada Urbana,in prossimit•À_,del palo luce n.,VIA GIROLAMO DANDINI,,16,,Investimento di pedone,Rettilineo,Una carreggiata a senso unico di marcia,Asciutto,Asfaltata,Verticale ed orizzontale,Nuvoloso,Scarso,Buona,Ore Diurne,1,0,0,1,"1,248,659","418,751",False
2680488,10,3/2/16 12:50,,all'intersezione con,VIA QUINTO NOVIO,VIA MARCO PAPIO,VIA QUINTO NOVIO,,,Veicolo in marcia contro veicolo in sosta,,,,,,,,,,0,0,0,0,"1,255,136","4,186,585",False
2679627,1,3/2/16 13:20,Strada Urbana,in prossimit•À_,del civico n.,VIA DELLA GRECA,,5,,Tamponamento,Rettilineo,Una carreggiata a doppio senso,Asciutto,Asfaltata,Verticale ed orizzontale,Sereno,Normale,Buona,Ore Diurne,1,0,0,2,"1,248,187","4,188,742",False
2679703,6,3/2/16 13:20,Strada Urbana,in prossimit•À_,del civico n.,VIA DEGLI ANGELI,,193,,Tamponamento,Rettilineo,Una carreggiata a doppio senso,Asciutto,Asfaltata,Orizzontale,Nuvoloso,Normale,Buona,Ore Diurne,1,0,0,1,"12,549","4,187,252",True
2679835,1,3/2/16 13:40,Strada Urbana,in corrispondenza,del civico n.,VIA TASSO,,9,,Veicolo in marcia contro ostacolo accidentale,Rettilineo,Una carreggiata a senso unico di marcia,Asciutto,Asfaltata,Verticale ed orizzontale,Nuvoloso,Scarso,Buona,Ore Diurne,0,0,0,1,,,False
2679626,10,3/2/16 13:50,Strada Urbana,all'intersezione con,VIA ORAZIO RAIMONDO,VIA BERNARDINO ALIMENA,VIA ORAZIO RAIMONDO,,,Scontro laterale fra veicoli in marcia,Intersezione non regolata/non segnalata,Una carreggiata a doppio senso,Asciutto,Asfaltata,Orizzontale,Nuvoloso,Normale,Buona,Ore Diurne,0,0,0,2,"1,259,778","418,485",True
2680821,4,3/2/16 14:15,Strada Urbana,in corrispondenza,del civico n.,SALITA DELLA MARCIGLIANA,,44,,Veicolo in marcia contro ostacolo fisso,Rettilineo,Una carreggiata a doppio senso,Asciutto,Asfaltata,Assente,Nuvoloso,Scarso,Buona,Ore Diurne,1,0,0,0,"125,212","4,201,134",False
2680275,9,3/2/16 14:15,,in prossimit•À_,del civico n.,VIA TUSCOLANA,,608,,Scontro laterale fra veicoli in marcia,,,,,,,,,,0,0,0,2,"1,253,824","4,186,889",False
2680627,13,3/2/16 14:20,Strada Urbana,da specificare,,VIA DI DRAGONE,,,altezza via Nicol•À_ Balanzano,Veicolo in marcia contro ostacolo accidentale,Rettilineo,Una carreggiata a doppio senso,Bagnato (pioggia),Asfaltata,Assente,Nuvoloso,Normale,Buona,Ore Diurne,0,0,0,1,"1,233,643","4,177,851",True
2680502,8,3/2/16 14:20,Strada Urbana,in prossimit•À_,del civico n.,VIA RAOUL CHIODELLI,,206,,Veicolo in marcia contro ostacolo accidentale,Rettilineo,Due carreggiate,Asciutto,Asfaltata,Verticale ed orizzontale,Nuvoloso,Normale,Buona,Ore Diurne,0,0,0,1,"1,266,254","4,190,767",True
2680421,5,3/2/16 14:20,Strada Urbana,all'intersezione con,VIA CUPRA,VIA VACUNA,VIA CUPRA,,,Veicolo in marcia contro veicoli in sosta,Incrocio,Una carreggiata a senso unico di marcia,Asciutto,Asfaltata,Verticale ed orizzontale,Sereno,Normale,Buona,Ore Diurne,1,0,0,4,"1,253,546","4,190,964",True
2680459,8,3/2/16 14:25,Strada Urbana,in prossimit•À_,del palo luce n.,VIA PRENESTINA,,643,,Veicolo in marcia contro veicolo fermo,Rettilineo,Una carreggiata a doppio senso,Asciutto,Asfaltata,Orizzontale,Nuvoloso,Normale,Buona,Ore Diurne,0,0,0,2,"126,069","4,189,378",True
2680057,15,3/2/16 14:30,Strada Urbana,in prossimit•À_,del civico n.,VIA GIUSEPPE BAGNERA,,48,,Veicolo in marcia contro veicolo fermo,Rettilineo,Una carreggiata a senso unico di marcia,Asciutto,Asfaltata,Verticale ed orizzontale,Nuvoloso,Normale,Buona,Ore Diurne,0,0,0,2,"1,246,652","4,186,393",True
2680539,13,3/2/16 15:00,Strada Urbana,da specificare,,VIA OSTIENSE,,,altezza rampa immissione della Via del Mare,Tamponamento,Rettilineo,Una carreggiata a senso unico di marcia,Asciutto,Asfaltata,Orizzontale,Nuvoloso,Intenso,Buona,Ore Diurne,1,0,0,1,"1,230,444","4,176,001",False
2680550,4,3/2/16 15:15,Strada Urbana,in corrispondenza,del civico n.,VIA CONCA D'ORO,,347,,Tamponamento,Rettilineo,Una carreggiata a doppio senso,Asciutto,Asfaltata,Verticale ed orizzontale,Nuvoloso,Normale,Buona,Ore Diurne,0,0,0,3,"125,177","4,194,463",True
2691564,18,3/2/16 16:00,,in prossimit•À_,del civico n.,LARGO GREGORIO XIII,,11,,Scontro laterale fra veicoli in marcia,,,,,,,,,,0,0,0,3,"1,241,881","4,190,387",False
2680438,20,3/2/16 16:15,Strada Urbana,da specificare,,VIA DEL FORO ITALICO,,,in corr. 3•À_giunto prima uscita rampa Tor di Quinto,Veicolo in marcia contro ostacolo accidentale,Rettilineo,Due carreggiate,Asciutto,Strada pavimentata dissestata,Verticale ed orizzontale,Sereno,Normale,Buona,Ore Diurne,0,0,0,1,,,False
2680516,11,3/2/16 16:30,Strada Urbana,in prossimit•À_,del civico n.,VIA GABRIELLO CHIABRERA,,112,,Scontro frontale fra veicoli in marcia,Rettilineo,Due carreggiate,Asciutto,Asfaltata,Orizzontale,Nuvoloso,Normale,Buona,Ore Diurne,0,0,0,4,"1,247,894","4,185,375",True
2691602,18,3/2/16 16:40,,all'intersezione con,VIA ENNIO BONIFAZI,LARGO GREGORIO XIII,VIA ENNIO BONIFAZI,,,Scontro laterale fra veicoli in marcia,,,,,,,,,,0,0,0,1,"1,241,878","4,190,377",False
2680643,4,3/2/16 16:50,Strada Urbana,da specificare,,VIA UGO OJETTI,,,altezza rotatoria Casal Boccone,Scontro laterale fra veicoli in marcia,Rotatoria,Una carreggiata a senso unico di marcia,Asciutto,Asfaltata,Verticale ed orizzontale,Nuvoloso,Normale,Buona,Ore Diurne,0,0,0,2,"1,256,096","4,195,156",True
2680463,8,3/2/16 17:10,,in prossimit•À_,del civico n.,VIA DI TORRENOVA,,244,,Investimento di pedone,,,,,,,,,,1,0,0,1,,,False
2681505,16,3/2/16 17:15,Strada Urbana,da specificare,,PIAZZA FRANCESCO CUCCHI,,,prossimit•À_ fronte civico 2,Scontro laterale fra veicoli in marcia,Rettilineo,Una carreggiata a senso unico di marcia,Asciutto,Asfaltata,Verticale ed orizzontale,Nuvoloso,Normale,Buona,Ore Diurne,0,0,0,3,"1,245,873","4,188,538",True
2680441,8,3/2/16 17:30,Strada Urbana,da specificare,,VIA DEL FONTANILE DI CARCARICOLA,,,alt. VIA YALE,Scontro frontale/laterale DX fra veicoli in marcia,Curva a visuale libera,Una carreggiata a doppio senso,Asciutto,Asfaltata,Orizzontale,Sereno,Normale,Buona,Ore Diurne,1,0,0,2,"1,260,407","4,185,173",False