ID,Gruppo,_DataOraIncidente,_Localizzazione1,_Localizzazione2,Strada02,Strada1,Strada2,Chilometrica,DaSpecificare,_NaturaIncidente,_ParticolaritaStrade,_TipoStrada,_FondoStradale,_Pavimentazione,_Segnaletica,_CondizioneAtmosferica,_Traffico,_Visibilita,_Illuminazione,NUM_FERITI,_NUM_RISERVATA,_NUM_MORTI,_NUM_ILLESI,Longitudine,Latitudine,CONFERMATO
2680575,11,3/2/16 17:40,Strada Urbana,in prossimit•À_,del civico n.,VIA APPIA ANTICA,,16,,Scontro laterale fra veicoli in marcia,Rettilineo,Una carreggiata a senso unico di marcia,Asciutto,In cubetti di porfido,Verticale ed orizzontale,Sereno,Normale,Buona,Sufficiente,0,0,0,2,"1,250,193","4,187,026",True
2680660,11,3/2/16 18:20,Strada Urbana,in prossimit•À_,del palo luce n.,VIA CRISTOFORO COLOMBO,,47,,Veicolo in marcia contro ostacolo accidentale,Rettilineo,Pi•À_ di due carreggiate,Asciutto,Asfaltata,Verticale ed orizzontale,Nuvoloso,Intenso,Buona,Sufficiente,0,0,0,1,"1,247,966","4,184,544",False
2680496,13,3/2/16 18:30,Strada Urbana,da specificare,,VIA OSTIENSE,,,direzione Roma altezza albero 9352,Investimento di pedone,Rettilineo,Una carreggiata a doppio senso,Asciutto,Asfaltata,Verticale ed orizzontale,Sereno,Normale,Buona,Sufficiente,0,1,0,1,"1,245,895","4,183,686",False
2680049,18,3/2/16 18:30,Statale,in prossimit•À_,della chilometrica,VIA AURELIA,,12.4,,Scontro laterale fra veicoli in marcia,Rettilineo,Due carreggiate,Asciutto,Asfaltata,Verticale ed orizzontale,Sereno,Normale,Insufficiente,Insufficiente,0,0,0,2,"1,235,935","4,188,331",True
2681026,17,3/2/16 18:35,Strada Urbana,all'intersezione con,VIA DEGLI SCIPIONI,VIA FABIO MASSIMO,VIA DEGLI SCIPIONI,,,Scontro laterale fra veicoli in marcia,Incrocio,Una carreggiata a senso unico di marcia,Asciutto,Asfaltata,Verticale ed orizzontale,Nuvoloso,Normale,Sufficiente,Sufficiente,0,0,0,4,"1,246,191","4,190,949",False
2681100,17,3/2/16 18:50,Strada Urbana,all'intersezione con,PIAZZA ADRIANA,VIA TRIBONIANO,PIAZZA ADRIANA,,,Scontro laterale fra veicoli in marcia,Incrocio,Due carreggiate,Asciutto,Asfaltata,Verticale ed orizzontale,Nuvoloso,Normale,Sufficiente,Ore Diurne,0,0,0,2,,,False
2691664,18,3/2/16 18:50,Strada Urbana,in prossimit•À_,del civico n.,VIA DI BOCCEA,,619,,Scontro frontale fra veicoli in marcia,Rettilineo,Una carreggiata a doppio senso,Asciutto,Asfaltata,Verticale ed orizzontale,Nuvoloso,Normale,Buona,Sufficiente,0,0,0,3,"1,237,744","4,191,881",True
2680498,10,3/2/16 18:50,,in prossimit•À_,del civico n.,VIA FERENTANO,,27,,Veicoli in marcia contro veicolo fermo,,,,,,,,,,0,0,0,0,"1,254,683","4,184,565",False
2680893,2,3/2/16 19:15,Strada Urbana,all'intersezione semaforizzata con,VIA DELLA FONTE DELL'ACQUA ACETOSA,PIAZZALE DEL PARCO DELLA RIMEMBRANZA,VIA DELLA FONTE DELL'ACQUA ACETOSA,,,Veicolo in marcia contro ostacolo fisso,Incrocio,Due carreggiate,Asciutto,Asfaltata,Verticale ed orizzontale,Nuvoloso,Intenso,Buona,Sufficiente,0,0,0,1,"124,835","4,192,939",True
2680894,2,3/2/16 19:15,,all'intersezione con,VIA REGGIO EMILIA,VIA ALESSANDRIA,VIA REGGIO EMILIA,,,Scontro frontale/laterale SX fra veicoli in marcia,,,,,,,,,,1,0,0,1,,,False
2680481,19,3/2/16 19:15,Strada Urbana,all'intersezione con,VIA PIETRO BEMBO,VIA BERNARDO DA BIBBIENA,VIA PIETRO BEMBO,,,Scontro frontale/laterale DX fra veicoli in marcia,Incrocio,Una carreggiata a senso unico di marcia,Asciutto,Asfaltata,Verticale ed orizzontale,Sereno,Normale,Buona,Sufficiente,0,0,0,3,"1,241,095","4,191,666",True
2686032,12,3/2/16 19:25,Strada Urbana,all'intersezione con,VIA MOSCHIANO,VIA BISACCIA,VIA MOSCHIANO,,,Scontro frontale/laterale SX fra veicoli in marcia,Intersezione stradale segnalata,Due carreggiate,Asciutto,Asfaltata,Verticale ed orizzontale,Nuvoloso,Scarso,Buona,Sufficiente,1,0,0,1,"1,252,116","4,172,151",False
2680533,10,3/2/16 19:30,Strada Urbana,all'intersezione con,VIA BELLICIA,VIA ANAGNINA,VIA BELLICIA,,,Scontro frontale/laterale DX fra veicoli in marcia,Incrocio,Una carreggiata a senso unico di marcia,Bagnato (umidit•À_ in atto),Asfaltata,Verticale,Nuvoloso,Normale,Buona,Sufficiente,2,0,0,0,"1,260,715","4,182,271",False
2681514,16,3/2/16 19:40,Strada Urbana,all'intersezione con,VIA FRANCESCO DURANTE,VIA DI MONTE VERDE,VIA FRANCESCO DURANTE,,,Scontro frontale/laterale DX fra veicoli in marcia,Incrocio,Una carreggiata a doppio senso,Asciutto,Asfaltata,Verticale ed orizzontale,Sereno,Scarso,Sufficiente,Sufficiente,0,0,0,3,"1,244,193","4,186,982",True
2680276,9,3/2/16 19:50,,da specificare,,VIA DI TORRE SPACCATA,,,fronte palo A.C.E.A. n. 2,Veicolo in marcia contro veicolo fermo,,,,,,,,,,1,0,0,2,"1,258,584","4,185,747",False
2680596,4,3/2/16 20:15,Strada Urbana,da specificare,,Tangenziale Est,,,altezza rampa Conca d'Oro dir. stadio Olimpico,Tamponamento,Rettilineo,Due carreggiate,Asciutto,Asfaltata,Orizzontale,Nuvoloso,Scarso,Sufficiente,Sufficiente,0,0,0,4,"1,252,179","419,336",True
2681489,12,3/2/16 20:45,Strada Urbana,da specificare,,LUNGOMARE DUILIO,,,alt. lega Navale Italiana,Scontro laterale fra veicoli in marcia,Rettilineo,Due carreggiate,Asciutto,Asfaltata,Verticale ed orizzontale,Nuvoloso,Normale,Buona,Sufficiente,1,0,0,1,"1,229,661","4,172,212",False
2680427,8,3/2/16 20:50,,all'intersezione con,VIA ANTONIO CASTAGNARO,VIA PIERO CORTI,VIA ANTONIO CASTAGNARO,,,Scontro frontale/laterale SX fra veicoli in marcia,,,,,,,,,,2,0,0,0,,,False
2680766,4,3/2/16 21:10,Strada Urbana,da specificare,,Tangenziale Est,,,altezza rampa Conca d'Oro direzione Foro Italico,Veicolo in marcia contro ostacolo fisso,Rettilineo,Due carreggiate,Asciutto,Asfaltata,Orizzontale,Nuvoloso,Scarso,Sufficiente,Sufficiente,0,0,0,1,"1,252,257","4,193,305",True
2681522,16,3/2/16 22:00,,all'intersezione con,VIA VINCENZO TIZZANI,VIA DI MONTE VERDE,VIA VINCENZO TIZZANI,,,Scontro frontale/laterale SX fra veicoli in marcia,,,,,,,,,,1,0,0,1,,,False
2680431,8,3/2/16 22:00,,all'intersezione con,VIA BERNARDO MINOZZI,VIA ORAZIO BORGIANNI,VIA BERNARDO MINOZZI,,,Scontro frontale/laterale SX fra veicoli in marcia,,,,,,,,,,1,0,0,0,,,False
2688428,1,3/2/16 22:30,Strada Urbana,all'intersezione con,VIA NICOLA FABRIZI,VIA DANDOLO,VIA NICOLA FABRIZI,,,Scontro frontale/laterale SX fra veicoli in marcia,Incrocio,Una carreggiata a doppio senso,Asciutto,Asfaltata,Verticale ed orizzontale,Sereno,Normale,Sufficiente,Sufficiente,0,0,0,3,"1,246,516","4,188,653",False
2680360,6,3/2/16 23:00,Strada Urbana,all'intersezione semaforizzata con,VIA GENAZZANO,VIA TEANO,VIA GENAZZANO,,,Veicolo in marcia contro veicoli in sosta,Intersezione semaforizzata,Due carreggiate,Asciutto,Asfaltata,Verticale,Sereno,Scarso,Sufficiente,Sufficiente,0,0,0,1,"1,255,514","4,188,977",False
2680487,1,4/2/16 0:20,Strada Urbana,all'intersezione semaforizzata con,VIA DI S. FRANCESCO A RIPA,VIALE DI TRASTEVERE,VIA DI S. FRANCESCO A RIPA,,,Scontro laterale fra veicoli in marcia,Intersezione semaforizzata,Una carreggiata a doppio senso,Asciutto,Asfaltata,Verticale ed orizzontale,Sereno,Normale,Sufficiente,Sufficiente,0,0,0,4,,,False
2695216,18,4/2/16 1:00,Strada Urbana,in prossimit•À_,del civico n.,PIAZZA DEL RISORGIMENTO,,16,,Veicolo in marcia contro veicolo in sosta,Rettilineo,Una carreggiata a senso unico di marcia,Asciutto,Asfaltata,Verticale ed orizzontale,Sereno,Scarso,Sufficiente,Sufficiente,0,0,0,2,"1,245,724","4,190,668",True
2682231,3,4/2/16 4:44,Strada Urbana,da specificare,,VIALE VENTUNO APRILE,,,fronte civ. 8,Veicolo in marcia contro ostacolo fisso,Rettilineo,Una carreggiata a doppio senso,Asciutto,Asfaltata,Verticale ed orizzontale,Sereno,Scarso,Buona,Sufficiente,1,0,0,0,,,False
2680780,15,4/2/16 5:00,Strada Urbana,in prossimit•À_,del civico n.,PIAZZA ANTONIO MEUCCI,,5,,Veicolo in marcia contro veicoli in sosta,Rotatoria,Una carreggiata a senso unico di marcia,Asciutto,Asfaltata,Orizzontale,Sereno,Scarso,Buona,Sufficiente,0,0,0,0,"1,246,428","4,186,191",False
2681836,5,4/2/16 6:10,Strada Urbana,in prossimit•À_,del civico n.,VIA DEI MONTI TIBURTINI,,400,,Veicolo in marcia contro ostacolo accidentale,Rettilineo,Due carreggiate,Asciutto,Asfaltata,Verticale ed orizzontale,Sereno,Normale,Buona,Ore Diurne,0,0,0,1,"1,253,888","4,191,846",True
2680525,2,4/2/16 6:40,Strada Urbana,all'intersezione semaforizzata con,VIA PO,PIAZZA BUENOS AIRES,VIA PO,,,Scontro frontale/laterale DX fra veicoli in marcia,Intersezione semaforizzata,Una carreggiata a doppio senso,Asciutto,Asfaltata,Verticale ed orizzontale,Sereno,Normale,Buona,Ore Diurne,0,0,0,2,"1,250,012","419,181",True
2680462,18,4/2/16 6:45,Statale entro l'abitato,in prossimit•À_,del civico n.,VIA AURELIA,,674,,Scontro frontale/laterale SX fra veicoli in marcia,Rettilineo,Una carreggiata a doppio senso,Asciutto,Asfaltata,Verticale ed orizzontale,Sereno,Normale,Buona,Ore Diurne,1,0,0,1,"1,241,574","418,939",False
2681988,20,4/2/16 7:35,Strada Urbana,da specificare,,LARGO MARESCIALLO DIAZ,,,altezza via Antonino di San Giuliano,Tamponamento,Rettilineo,Due carreggiate,Asciutto,Asfaltata,Verticale ed orizzontale,Nuvoloso,Normale,Buona,Ore Diurne,0,0,0,2,,,False
2681900,19,4/2/16 8:00,Strada Urbana,in prossimit•À_,del civico n.,VIALE DELLE MEDAGLIE D'ORO,,73,,Scontro frontale/laterale SX fra veicoli in marcia,Rettilineo,Una carreggiata a doppio senso,Asciutto,Asfaltata,Orizzontale,Sereno,Normale,Buona,Ore Diurne,0,0,0,2,"1,244,442","4,191,129",True
2681848,11,4/2/16 8:00,Strada Urbana,in prossimit•À_,del civico n.,CIRCONVALLAZIONE OSTIENSE,,132,,Investimento di pedone,Rettilineo,Pi•À_ di due carreggiate,Asciutto,Asfaltata,Verticale ed orizzontale,Nuvoloso,Normale,Buona,Ore Diurne,1,0,0,1,"1,248,606","4,186,715",True
2681534,16,4/2/16 8:00,,da specificare,,VIA DELLA VIGNACCIA,,,fronte civico 80,Scontro frontale/laterale SX fra veicoli in marcia,,,,,,,,,,0,0,0,2,,,False
2681495,13,4/2/16 8:00,Strada Urbana,in corrispondenza,del civico n.,VIALE ALFREDO ZAMBRINI,,47,,Investimento di pedone,Rettilineo,Una carreggiata a doppio senso,Asciutto,Asfaltata,Orizzontale,Sereno,Normale,Buona,Ore Diurne,2,0,0,3,"1,226,766","4,173,673",False
2681931,11,4/2/16 8:00,Strada Urbana,all'intersezione con,VIA SALVATORE PINCHERLE,VIALE GUGLIELMO MARCONI,VIA SALVATORE PINCHERLE,,,Veicolo in marcia contro ostacolo accidentale,Intersezione semaforizzata,Due carreggiate,Asciutto,Asfaltata,Verticale ed orizzontale,Nuvoloso,Intenso,Buona,Ore Diurne,1,0,0,0,"1,247,296","4,185,245",False
2681207,1,4/2/16 8:20,Strada Urbana,in prossimit•À_,del palo luce n.,VIALE DELLE TERME DI CARACALLA,,116,,Scontro frontale/laterale SX fra veicoli in marcia,Rettilineo,Pi•À_ di due carreggiate,Asciutto,Asfaltata,Verticale ed orizzontale,Sereno,Normale,Buona,Ore Diurne,1,0,0,1,"1,249,516","4,187,849",True
2681318,1,4/2/16 8:20,Strada Urbana,in prossimit•À_,del civico n.,PIAZZA DI PORTA MAGGIORE,,17,,Scontro laterale fra veicoli in marcia,Rotatoria,Una carreggiata a senso unico di marcia,Asciutto,Asfaltata,Verticale ed orizzontale,Sereno,Intenso,Buona,Ore Diurne,0,0,0,4,,,False
2680634,7,4/2/16 8:25,Strada Urbana,all'intersezione con,VIA DEI CASTANI,PIAZZA DEI GERANI,VIA DEI CASTANI,,,Scontro laterale fra veicoli in marcia,Incrocio,Due carreggiate,Asciutto,Asfaltata,Verticale ed orizzontale,Nuvoloso,Normale,Buona,Ore Diurne,0,0,0,2,"1,256,634","4,188,597",True
2682555,12,4/2/16 8:30,Strada Urbana,da specificare,,VIALE DELL'AERONAUTICA,,,alt. civico 122,Veicolo in marcia contro veicolo in sosta,Rettilineo,Due carreggiate,Asciutto,Asfaltata,Verticale ed orizzontale,Sereno,Normale,Buona,Ore Diurne,0,0,0,1,"1,247,553","4,182,615",True
2682069,4,4/2/16 8:40,Strada Urbana,in corrispondenza,del civico n.,VIA NOMENTANA,,348,,Veicolo in marcia contro veicolo in sosta,Rettilineo,Pi•À_ di due carreggiate,Asciutto,Asfaltata,Verticale ed orizzontale,Sereno,Normale,Buona,Ore Diurne,0,0,0,1,"1,253,613","419,403",True
2686253,16,4/2/16 8:40,Strada Urbana,all'intersezione semaforizzata con,CIRCONVALLAZIONE GIANICOLENSE,PIAZZALE ENRICO DUNANT,CIRCONVALLAZIONE GIANICOLENSE,,,Scontro laterale fra veicoli in marcia,Incrocio,Pi•À_ di due carreggiate,Asciutto,Asfaltata,Verticale ed orizzontale,Sereno,Normale,Buona,Ore Diurne,0,0,0,2,"1,245,862","4,187,276",True
2681243,1,4/2/16 8:45,Strada Urbana,in corrispondenza,del civico n.,VIA GIUSEPPE ZANARDELLI,,22,,Investimento di pedone,Rettilineo,Una carreggiata a doppio senso,Asciutto,Asfaltata,Verticale ed orizzontale,Sereno,Normale,Buona,Ore Diurne,1,0,0,1,,,False
2681569,4,4/2/16 9:00,Strada Urbana,in corrispondenza,del civico n.,PIAZZA MENENIO AGRIPPA,,29,,Investimento di pedone,Curva a visuale libera,Una carreggiata a senso unico di marcia,Asciutto,Asfaltata,Verticale ed orizzontale,Sereno,Normale,Buona,Ore Diurne,1,0,0,1,"1,253,584","4,193,455",False
2682253,3,4/2/16 9:10,Strada Urbana,da specificare,,VIA NOMENTANA,,,altezza civ. 297,Tamponamento Multiplo,Rettilineo,Pi•À_ di due carreggiate,Asciutto,Asfaltata,Verticale ed orizzontale,Sereno,Normale,Buona,Ore Diurne,0,0,0,4,"1,251,228","4,191,703",True
2679302,20,4/2/16 10:10,Statale entro l'abitato,in corrispondenza,della chilometrica,VIA CASSIA,,16.5,,Veicolo in marcia contro ostacolo fisso,Rettilineo,Una carreggiata a senso unico di marcia,Asciutto,Asfaltata,Verticale ed orizzontale,Sereno,Normale,Buona,Ore Diurne,1,0,0,0,,,False
2681499,13,4/2/16 10:45,Provinciale,da specificare,,VIA OSTIENSE,,,prossimit•À_ Via Fiumalbo,Veicolo in marcia contro ostacolo accidentale,Rettilineo,Una carreggiata a doppio senso,Asciutto,Asfaltata,Verticale ed orizzontale,Vento forte,Normale,Buona,Ore Diurne,0,0,0,2,"1,239,445","4,179,399",True
2687516,12,4/2/16 11:00,Provinciale,in corrispondenza,della chilometrica,VIA DEL MARE,,14.5,,Veicolo in marcia contro ostacolo accidentale,Rettilineo,Una carreggiata a doppio senso,Asciutto,Asfaltata,Verticale ed orizzontale,Sereno,Normale,Buona,Ore Diurne,0,0,0,1,"1,248,786","4,166,404",True
2680924,18,4/2/16 11:20,Strada Urbana,in prossimit•À_,del civico n.,PIAZZA IRNERIO,,47,,Scontro laterale fra veicoli in marcia,Rettilineo,Due carreggiate,Asciutto,Asfaltata,Verticale,Sereno,Normale,Buona,Ore Diurne,1,0,0,2,"1,242,972","4,189,845",True
2681460,17,4/2/16 11:30,Strada Urbana,da specificare,,PIAZZA GIUSEPPE MAZZINI,,,fronte civ. 12,Scontro laterale fra veicoli in marcia,Rotatoria,Una carreggiata a senso unico di marcia,Asciutto,Asfaltata,Verticale ed orizzontale,Sereno,Normale,Buona,Ore Diurne,0,0,0,2,"1,246,406","4,191,609",True
2681849,11,4/2/16 12:05,Strada Urbana,all'intersezione semaforizzata con,VIA PADRE REGINALDO GIULIANI,CIRCONVALLAZIONE OSTIENSE,VIA PADRE REGINALDO GIULIANI,,,Veicolo in marcia contro ostacolo accidentale,Intersezione semaforizzata,Due carreggiate,Asciutto,Asfaltata,Verticale ed orizzontale,Vento forte,Normale,Buona,Ore Diurne,0,0,0,1,"1,249,307","4,186,714",True
2682016,10,4/2/16 12:15,Statale entro l'abitato,da specificare,,VIA TUSCOLANA,,,fronte capolinea Atac,Veicolo in marcia contro veicolo fermo,Rettilineo,Due carreggiate,Asciutto,Asfaltata,Assente,Sereno,Normale,Buona,Ore Diurne,0,0,0,3,"1,258,482","4,184,274",True
2685992,12,4/2/16 12:30,Strada Urbana,all'intersezione con,PIAZZALE VENTICINQUE MARZO 1957,VIALE DELL'OCEANO ATLANTICO,PIAZZALE VENTICINQUE MARZO 1957,,,Scontro frontale/laterale SX fra veicoli in marcia,Incrocio,Una carreggiata a senso unico di marcia,Asciutto,Asfaltata,Verticale ed orizzontale,Sereno,Normale,Buona,Ore Diurne,0,0,0,7,"1,247,153","4,182,012",True
2681503,17,4/2/16 13:00,,all'intersezione con,VIA FRANCESCO CANCELLIERI,VIA CRESCENZIO,VIA FRANCESCO CANCELLIERI,,,Scontro laterale fra veicoli in marcia,,,,,,,,,,1,0,0,1,"1,246,339","4,190,574",False
2681442,17,4/2/16 13:10,Strada Urbana,in prossimit•À_,del civico n.,VIA DELLA CAMILLUCCIA,,119,,Scontro laterale fra veicoli in marcia,Rettilineo,Una carreggiata a senso unico di marcia,Asciutto,Asfaltata,Verticale ed orizzontale,Sereno,Normale,Buona,Ore Diurne,0,0,0,3,"1,244,485","4,193,131",False
2681873,13,4/2/16 13:15,Strada Urbana,in prossimit•À_,del palo luce n.,VIALE ALESSANDRO RUSPOLI,,8,,Veicolo in marcia contro ostacolo fisso,Curva a visuale libera,Due carreggiate,Asciutto,Asfaltata,Verticale ed orizzontale,Sereno,Scarso,Buona,Ore Diurne,0,0,0,4,"1,234,564","4,178,792",True
2681341,17,4/2/16 13:30,Strada Urbana,all'intersezione con,VIA FRANCESCO SIVORI,VIA MARCANTONIO BRAGADIN,VIA FRANCESCO SIVORI,,,Scontro frontale/laterale SX fra veicoli in marcia,Intersezione stradale segnalata,Una carreggiata a senso unico di marcia,Asciutto,Asfaltata,Verticale ed orizzontale,Sereno,Normale,Buona,Ore Diurne,1,0,0,1,"1,244,708","4,190,564",False
2681356,9,4/2/16 13:35,Strada Urbana,all'intersezione con,VIA DON ORIONE,VIA APPIA NUOVA,VIA DON ORIONE,,,Scontro frontale/laterale DX fra veicoli in marcia,Incrocio,Due carreggiate,Asciutto,Asfaltata,Verticale ed orizzontale,Sereno,Normale,Buona,Ore Diurne,1,0,0,1,,,False
2681309,2,4/2/16 13:40,Strada Urbana,all'intersezione semaforizzata con,VIA CHIANA,VIA TAGLIAMENTO,VIA CHIANA,,,Scontro frontale/laterale SX fra veicoli in marcia,Intersezione semaforizzata,Una carreggiata a doppio senso,Asciutto,Asfaltata,Verticale ed orizzontale,Sereno,Normale,Buona,Ore Diurne,0,0,0,2,"1,250,315","4,192,016",True
2687282,12,4/2/16 13:40,Strada Urbana,da specificare,,VIA CRISTOFORO COLOMBO,,,laterale - dir. Ostia - mt.200 dopo svincolo GRA,Infortunio per caduta del veicolo,Rettilineo,Pi•À_ di due carreggiate,Asciutto,Asfaltata,Verticale ed orizzontale,Sereno,Normale,Buona,Ore Diurne,1,0,0,1,,,False
2681860,8,4/2/16 14:00,Strada Urbana,in prossimit•À_,del civico n.,VIA DELLE RUPICOLE,,51,,Veicolo in marcia contro ostacolo accidentale,Curva a visuale libera,Una carreggiata a doppio senso,Asciutto,Asfaltata,Assente,Sereno,Scarso,Buona,Ore Diurne,0,0,0,1,"1,259,384","4,186,087",True
2681161,10,4/2/16 14:00,Statale,all'intersezione semaforizzata con,VIALE GIULIO AGRICOLA,VIA TUSCOLANA,VIALE GIULIO AGRICOLA,,,Tamponamento Multiplo,Incrocio,Due carreggiate,Asciutto,Asfaltata,Verticale ed orizzontale,Sereno,Normale,Buona,Ore Diurne,1,0,0,2,"1,256,244","4,185,661",False
2682058,10,4/2/16 14:05,Strada Urbana,all'intersezione con,VIA LUCREZIA ROMANA,VIA DELLE CAPANNELLE,VIA LUCREZIA ROMANA,,,Scontro frontale/laterale DX fra veicoli in marcia,Intersezione stradale segnalata,Una carreggiata a doppio senso,Asciutto,Asfaltata,Verticale ed orizzontale,Sereno,Normale,Buona,Ore Diurne,0,0,0,4,"1,257,484","4,183,681",True
2681912,19,4/2/16 14:12,Strada Urbana,all'intersezione con,VIA FRATELLI GUALANDI,VIA TRIONFALE,VIA FRATELLI GUALANDI,,,Scontro frontale/laterale DX fra veicoli in marcia,Intersezione semaforizzata,Una carreggiata a doppio senso,Asciutto,Asfaltata,Verticale ed orizzontale,Sereno,Intenso,Buona,Ore Diurne,0,0,0,2,"1,242,093","4,194,177",True
2681972,20,4/2/16 14:30,Strada Urbana,in prossimit•À_,del civico n.,VIA MAROSTICA,,19,,Veicolo in marcia contro veicolo in sosta,Curva a visuale libera,Una carreggiata a doppio senso,Asciutto,Asfaltata,Assente,Sereno,Scarso,Buona,Ore Diurne,0,0,0,1,"1,247,636","4,194,856",True
2682055,2,4/2/16 14:35,,all'intersezione con,VIA FRATELLI RUSPOLI,VIA LISBONA,VIA FRATELLI RUSPOLI,,,Scontro frontale/laterale SX fra veicoli in marcia,,,,,,,,,,1,0,0,1,,,False
2681802,9,4/2/16 14:35,,all'intersezione con,VIA CAMILLA,VIA APPIA NUOVA,VIA CAMILLA,,,Investimento di pedone,,,,,,,,,,1,0,0,2,,,False
2682517,12,4/2/16 14:45,Strada Urbana,all'intersezione con,VIA ANTONIO CARRUCCIO,VIA ARDEATINA,VIA ANTONIO CARRUCCIO,,,Tamponamento,Incrocio,Una carreggiata a doppio senso,Asciutto,Asfaltata,Verticale ed orizzontale,Sereno,Normale,Buona,Ore Diurne,2,0,0,2,"1,253,456","4,179,682",False
2695842,18,4/2/16 15:00,Strada Urbana,da specificare,,LUNGOTEVERE IN AUGUSTA,,,in corrispondenza Ara Pacis,Scontro laterale fra veicoli in marcia,Rettilineo,Una carreggiata a senso unico di marcia,Asciutto,In cubetti di porfido,Verticale ed orizzontale,Sereno,Intenso,Buona,Ore Diurne,0,0,0,3,"1,247,478","4,190,759",False
2681481,17,4/2/16 15:00,Strada Urbana,da specificare,,VIA CIPRO,,,fronte civ. 1,Veicoli in marcia contro veicolo fermo,Rettilineo,Due carreggiate,Asciutto,Asfaltata,Verticale ed orizzontale,Sereno,Normale,Buona,Ore Diurne,1,0,0,1,"1,244,675","4,190,713",False
2682271,3,4/2/16 15:15,Strada Urbana,all'intersezione con,VIA DEI LATINI,VIA TIBURTINA,VIA DEI LATINI,,,Scontro frontale/laterale DX fra veicoli in marcia,Intersezione stradale segnalata,Una carreggiata a doppio senso,Asciutto,Asfaltata,Verticale ed orizzontale,Sereno,Normale,Buona,Ore Diurne,0,0,0,3,"1,257,323","4,192,521",False
2694874,18,4/2/16 15:15,Strada Urbana,all'intersezione con,VIA ARONA,VIA DI CASALOTTI,VIA ARONA,,,Scontro laterale fra veicoli in marcia,Intersezione stradale segnalata,Una carreggiata a doppio senso,Asciutto,Asfaltata,Verticale ed orizzontale,Sereno,Intenso,Buona,Ore Diurne,0,0,0,2,"1,237,115","4,191,604",True
2681375,1,4/2/16 15:45,Strada Urbana,all'intersezione con,VIA SEBASTIANO GRANDIS,VIA ELENIANA,VIA SEBASTIANO GRANDIS,,,Scontro frontale/laterale DX fra veicoli in marcia,Incrocio,Una carreggiata a doppio senso,Asciutto,Asfaltata,Verticale ed orizzontale,Sereno,Scarso,Buona,Ore Diurne,0,0,0,2,"1,251,499","4,188,998",False
2681471,12,4/2/16 15:45,Strada Urbana,in prossimit•À_,del civico n.,PIAZZA SANTO DOMINGO,,14,,Scontro laterale fra veicoli in marcia,Rettilineo,Una carreggiata a doppio senso,Asciutto,Asfaltata,Verticale ed orizzontale,Sereno,Normale,Buona,Ore Diurne,0,0,0,2,"124,777","4,183,786",True
2681449,10,4/2/16 16:40,Strada Urbana,in prossimit•À_,del civico n.,VIA DECIO MURE,,37,,Scontro frontale/laterale DX fra veicoli in marcia,Curva a visuale libera,Una carreggiata a senso unico di marcia,Asciutto,Asfaltata,Orizzontale,Sereno,Scarso,Buona,Ore Diurne,0,0,0,3,"9,644","45,397",True
2681992,20,4/2/16 16:40,Strada Urbana,all'intersezione con,VIA DI COLLE FEBBRARO,VIA DI BACCANELLO,VIA DI COLLE FEBBRARO,,,Scontro frontale/laterale SX fra veicoli in marcia,Intersezione stradale segnalata,Una carreggiata a doppio senso,Asciutto,Asfaltata,Verticale ed orizzontale,Sereno,Normale,Buona,Ore Diurne,0,0,0,3,"1,235,326","4,206,276",True
2692294,18,4/2/16 16:45,,in corrispondenza,del civico n.,VIA NAZARETH,,150,,Tamponamento Multiplo,,,,,,,,,,2,0,0,4,,,False
2681369,10,4/2/16 17:00,Statale entro l'abitato,in prossimit•À_,del civico n.,VIA TUSCOLANA,,975,,Scontro frontale/laterale SX fra veicoli in marcia,Rettilineo,Una carreggiata a senso unico di marcia,Asciutto,Asfaltata,Orizzontale,Sereno,Normale,Buona,Ore Diurne,0,0,0,2,"1,256,561","4,185,521",True
2682414,12,4/2/16 17:15,Strada Urbana,in corrispondenza,del civico n.,VIA STOCCOLMA,,12,,Scontro laterale fra veicoli in marcia,Rettilineo,Due carreggiate,Asciutto,Strada pavimentata dissestata,Verticale ed orizzontale,Sereno,Scarso,Buona,Sufficiente,0,0,0,3,"124,528","4,182,471",True
2681918,20,4/2/16 17:20,Strada Urbana,in prossimit•À_,del civico n.,VIA ORIOLO ROMANO,,93,,Scontro laterale fra veicoli in marcia,Curva senza visuale libera,Una carreggiata a doppio senso,Asciutto,Asfaltata,Orizzontale,Nuvoloso,Scarso,Sufficiente,Sufficiente,2,0,0,0,,,False
2681876,13,4/2/16 17:23,Strada Urbana,in prossimit•À_,del palo luce n.,VIA OSTIENSE,,524,,Scontro laterale fra veicoli in marcia,Rettilineo,Una carreggiata a senso unico di marcia,Asciutto,Asfaltata,Verticale ed orizzontale,Sereno,Intenso,Sufficiente,Sufficiente,1,0,0,2,"1,245,895","4,183,686",False
2681884,13,4/2/16 17:30,Strada Urbana,da specificare,,VIA DI CASTEL FUSANO,,,in prossimit•À_ di Via Ostiense,Scontro laterale fra veicoli in marcia,Rettilineo,Una carreggiata a doppio senso,Asciutto,Asfaltata,Orizzontale,Nuvoloso,Normale,Buona,Ore Diurne,0,0,0,4,"123,057","4,175,756",False
2681927,20,4/2/16 17:30,Strada Urbana,all'intersezione con,VIA DELLA FARNESINA,VIA DEGLI ORTI DELLA FARNESINA,VIA DELLA FARNESINA,,,Scontro frontale/laterale SX fra veicoli in marcia,Incrocio,Una carreggiata a doppio senso,Asciutto,Asfaltata,Verticale ed orizzontale,Sereno,Normale,Buona,Sufficiente,1,0,0,1,,,False