ID,Gruppo,_DataOraIncidente,_Localizzazione1,_Localizzazione2,Strada02,Strada1,Strada2,Chilometrica,DaSpecificare,_NaturaIncidente,_ParticolaritaStrade,_TipoStrada,_FondoStradale,_Pavimentazione,_Segnaletica,_CondizioneAtmosferica,_Traffico,_Visibilita,_Illuminazione,NUM_FERITI,_NUM_RISERVATA,_NUM_MORTI,_NUM_ILLESI,Longitudine,Latitudine,CONFERMATO
2686009,2,7/2/16 18:05,Strada Urbana,all'intersezione con,VIA RAFFAELE STERN,LUNGOTEVERE FLAMINIO,VIA RAFFAELE STERN,,,Scontro frontale/laterale SX fra veicoli in marcia,Intersezione semaforizzata,Una carreggiata a doppio senso,Asciutto,Asfaltata,Verticale ed orizzontale,Sereno,Normale,Buona,Sufficiente,0,0,0,6,"1,246,532","4,192,401",True
2685230,9,7/2/16 18:30,Strada Urbana,in corrispondenza,del civico n.,VIA APPIA NUOVA,,421,,Veicolo in marcia contro veicoli in arresto,Rettilineo,Due carreggiate,Asciutto,Asfaltata,Assente,Nuvoloso,Intenso,Sufficiente,Sufficiente,0,0,0,3,,,False
2685725,8,7/2/16 19:00,Strada Urbana,da specificare,,VIA CASILINA,,,INVR. DI MARCIA METRO TORREANGELA,Veicolo in marcia contro ostacolo accidentale,Rettilineo,Una carreggiata a doppio senso,Asciutto,Asfaltata,Verticale,Sereno,Scarso,Buona,Sufficiente,0,0,0,2,"1,260,933","4,186,405",True
2685324,20,7/2/16 20:45,Strada Urbana,da specificare,,VIALE DI TOR DI QUINTO,,,direzione GRA altezza rampa tangenziale ,Scontro laterale fra veicoli in marcia,Rettilineo,Due carreggiate,Asciutto,Asfaltata,Orizzontale,Sereno,Normale,Sufficiente,Sufficiente,0,0,0,3,,,False
2697242,18,7/2/16 21:00,Strada Urbana,all'intersezione con,VIA ADRIANO I,VIA PIO VII,VIA ADRIANO I,,,Scontro frontale/laterale DX fra veicoli in marcia,Intersezione stradale segnalata,Una carreggiata a senso unico di marcia,Asciutto,Asfaltata,Verticale ed orizzontale,Sereno,Scarso,Buona,Sufficiente,2,0,0,1,"1,241,612","4,190,425",False
2685813,6,7/2/16 21:15,Strada Urbana,all'intersezione con,VIA CONTE DI CARMAGNOLA,VIA MUZIO ATTENDOLO,VIA CONTE DI CARMAGNOLA,,,Scontro frontale/laterale DX fra veicoli in marcia,Incrocio,Una carreggiata a senso unico di marcia,Asciutto,Asfaltata,Verticale ed orizzontale,Sereno,Scarso,Buona,Sufficiente,0,0,0,5,"1,253,561","4,189,037",True
2685585,5,7/2/16 21:30,Strada Urbana,in prossimit•À_,del civico n.,VIA TIBURTINA,,648,,Scontro laterale fra veicoli in marcia,Rettilineo,Due carreggiate,Asciutto,Asfaltata,Verticale ed orizzontale,Sereno,Scarso,Buona,Sufficiente,0,0,0,2,"1,254,791","4,190,991",True
2685642,20,7/2/16 22:10,Strada Urbana,in corrispondenza,del civico n.,VIA TIBERINA,,11,,Investimento di pedone,Rettilineo,Una carreggiata a doppio senso,Asciutto,Asfaltata,Assente,Sereno,Scarso,Buona,Sufficiente,1,0,0,1,,,False
2685436,9,7/2/16 23:00,,in corrispondenza,del civico n.,VIA TUSCOLANA,,374,,Tamponamento,,,,,,,,,,1,0,0,1,"1,252,866","4,187,458",False
2686068,3,7/2/16 23:30,,all'intersezione semaforizzata con,PIAZZALE VALERIO MASSIMO,VIA TIBURTINA,PIAZZALE VALERIO MASSIMO,,,Scontro frontale/laterale SX fra veicoli in marcia,,,,,,,,,,1,0,0,2,,,False
2685700,8,8/2/16 4:20,Strada Urbana,in prossimit•À_,del civico n.,VIA DI TORRENOVA,,39/B,,Tamponamento,Rettilineo,Una carreggiata a doppio senso,Bagnato (pioggia),Asfaltata,Verticale ed orizzontale,Pioggia in atto,Scarso,Buona,Sufficiente,0,0,0,2,"12,618","4,186,595",False
2686019,2,8/2/16 5:40,,all'intersezione con,VIA CERESIO,VIA CRATI,VIA CERESIO,,,Scontro frontale/laterale DX fra veicoli in marcia,,,,,,,,,,1,0,0,1,"1,250,921","4,192,715",False
2686793,9,8/2/16 6:25,,all'intersezione con,VIA ARDEA,LARGO MAGNAGRECIA,VIA ARDEA,,,Scontro laterale fra veicoli in marcia,,,,,,,,,,0,0,0,2,,,False
2687962,12,8/2/16 6:30,Provinciale,da specificare,,VIA LAURENTINA,,,"alt. km. 15,000 (dir. Roma)",Veicolo in marcia contro ostacolo fisso,Curva senza visuale libera,Una carreggiata a doppio senso,Bagnato (pioggia),Asfaltata,Temporanea di cantiere,Pioggia in atto,Normale,Buona,Inesistente,0,0,0,1,"1,249,964","4,175,815",True
2687984,12,8/2/16 6:45,Provinciale,da specificare,,VIA LAURENTINA,,,"alt. km. 15,000 (dir. Roma)",Veicolo in marcia contro veicolo fermo,Curva senza visuale libera,Una carreggiata a doppio senso,Bagnato (pioggia),Asfaltata,Temporanea di cantiere,Pioggia in atto,Normale,Buona,Inesistente,0,0,0,3,"124,993","4,175,725",True
2686837,9,8/2/16 7:00,,all'intersezione con,VIA VETULONIA,VIA ACAIA,VIA VETULONIA,,,Scontro frontale/laterale DX fra veicoli in marcia,,,,,,,,,,0,0,0,3,,,False
2687719,1,8/2/16 7:05,Strada Urbana,in prossimit•À_,del civico n.,PIAZZA DI S. GIOVANNI IN LATERANO,,18/A,,Infortunio per sola frenata improvvisa,Rettilineo,Una carreggiata a senso unico di marcia,Bagnato (pioggia),Asfaltata,Verticale ed orizzontale,Pioggia in atto,Normale,Buona,Sufficiente,1,0,0,0,,,False
2686964,20,8/2/16 7:05,Strada Urbana,da specificare,,GALLERIA GIOVANNI XXIII,,,dir. Pineta Sacchetti dopo uscita Via M. Fani,Veicolo in marcia contro ostacolo fisso,Galleria illuminata,Una carreggiata a senso unico di marcia,Bagnato (umidit•À_ in atto),Asfaltata,Verticale ed orizzontale,Nuvoloso,Intenso,Sufficiente,,0,0,0,1,,,False
2686286,16,8/2/16 7:10,,da specificare,,VIA DI DONNA OLIMPIA,,,prossimit•À_ fronte civico 240,Tamponamento Multiplo,,,,,,,,,,0,0,0,3,,,False
2687047,2,8/2/16 7:15,,da specificare,,SOTTOVIA IGNAZIO GUIDI,,,dir. nomentana fr. NH Vittorio Veneto.,Veicolo in marcia contro ostacolo fisso,,,,,,,,,,0,0,0,3,,,False
2686845,19,8/2/16 7:15,Strada Urbana,in corrispondenza,del civico n.,VIA ENRICO PESTALOZZI,,32,,Tamponamento Multiplo,Rettilineo,Una carreggiata a senso unico di marcia,Bagnato (pioggia),Asfaltata,Orizzontale,Pioggia in atto,Intenso,Buona,Ore Diurne,1,0,0,2,"1,242,576","4,193,621",True
2687476,1,8/2/16 7:20,Strada Urbana,all'intersezione semaforizzata con,VIALE DELLE TERME DI CARACALLA,PIAZZALE NUMA POMPILIO,VIALE DELLE TERME DI CARACALLA,,,Tamponamento,Intersezione semaforizzata,Una carreggiata a doppio senso,Bagnato (pioggia),Asfaltata,Verticale ed orizzontale,Pioggia in atto,Normale,Buona,Ore Diurne,2,0,0,1,,,False
2687382,1,8/2/16 7:24,Strada Urbana,da specificare,,VIA GARIBALDI,,,ALL'ALTEZZA BELVEDERE N. SCATOLI,Veicolo in marcia contro ostacolo fisso,Curva senza visuale libera,Una carreggiata a doppio senso,Asciutto,In cubetti di porfido,Verticale ed orizzontale,Nuvoloso,Scarso,Sufficiente,Sufficiente,0,0,0,0,"1,246,412","4,188,906",False
2687363,2,8/2/16 7:30,Strada Urbana,in corrispondenza,del civico n.,VIALE LIBIA,,233,,Investimento di pedone,Rettilineo,Una carreggiata a senso unico di marcia,Bagnato (pioggia),Asfaltata,Verticale ed orizzontale,Nuvoloso,Intenso,Buona,Ore Diurne,0,0,0,2,"1,252,046","4,193,295",True
2686154,3,8/2/16 7:40,Strada Urbana,all'intersezione con,PIAZZA DEI SICULI,VIA DEI RAMNI,PIAZZA DEI SICULI,,,Scontro frontale/laterale SX fra veicoli in marcia,Rotatoria,Una carreggiata a doppio senso,Bagnato (umidit•À_ in atto),Asfaltata,Verticale ed orizzontale,Nuvoloso,Scarso,Buona,Ore Diurne,0,0,0,4,"1,251,098","4,189,926",True
2686756,13,8/2/16 8:05,Provinciale,in prossimit•À_,della chilometrica,VIA LITORANEA,,8.5,,Veicolo in marcia contro ostacolo fisso,Curva a visuale libera,Una carreggiata a doppio senso,Bagnato (pioggia),Asfaltata,Verticale ed orizzontale,Nuvoloso,Normale,Buona,Ore Diurne,0,0,0,1,"1,237,354","4,168,762",True
2687005,19,8/2/16 8:10,Strada Urbana,in prossimit•À_,della chilometrica,GALLERIA GIOVANNI XXIII,,2.6,,Fuoriuscita dalla sede stradale,Rettilineo,Una carreggiata a senso unico di marcia,Bagnato (pioggia),Asfaltata,Verticale ed orizzontale,Pioggia in atto,Normale,Buona,Ore Diurne,0,0,0,1,"1,244,462","4,194,111",True
2686864,19,8/2/16 8:10,Strada Urbana,in corrispondenza,del civico n.,GALLERIA GIOVANNI XXIII,,2.6,,Tamponamento Multiplo,Rettilineo,Una carreggiata a senso unico di marcia,Bagnato (pioggia),Asfaltata,Verticale ed orizzontale,Pioggia in atto,Intenso,Sufficiente,Ore Diurne,2,0,0,7,"1,244,559","4,194,108",True
2687367,2,8/2/16 8:15,Strada Urbana,in prossimit•À_,del civico n.,VIA ANTONIO BERTOLONI,,54,,Veicolo in marcia contro ostacolo accidentale,Rettilineo,Una carreggiata a doppio senso,Bagnato (pioggia),Asfaltata,Verticale ed orizzontale,Nuvoloso,Normale,Buona,Ore Diurne,0,0,0,1,"1,248,586","4,192,489",True
2687191,4,8/2/16 8:50,Strada Urbana,in corrispondenza,del civico n.,VIA GARGANO,,7,,Scontro laterale fra veicoli in marcia,Rettilineo,Una carreggiata a doppio senso,Bagnato (pioggia),Asfaltata,Verticale ed orizzontale,Pioggia in atto,Intenso,Buona,Ore Diurne,1,0,0,3,"125,343","4,193,568",False
2687009,4,8/2/16 8:50,Strada Urbana,all'intersezione con,VIA DELLE ISOLE CURZOLANE,VIA DELLE VIGNE NUOVE,VIA DELLE ISOLE CURZOLANE,,,Scontro laterale fra veicoli in marcia,Intersezione non regolata/non segnalata,Una carreggiata a doppio senso,Bagnato (umidit•À_ in atto),Asfaltata,Verticale ed orizzontale,Nuvoloso,Normale,Buona,Ore Diurne,0,0,0,3,"1,253,712","4,194,754",True
2686954,20,8/2/16 9:00,,da specificare,,VIA BRACCIANENSE NUOVA,,,"(altezza km 0+400 , direzone centro citt•À_)",Ribaltamento senza urto contro ostacolo fisso,,,Bagnato (pioggia),Asfaltata,Verticale ed orizzontale,Nuvoloso,Scarso,Buona,,1,0,0,0,,,False
2686770,13,8/2/16 9:00,Strada Urbana,in corrispondenza,del civico n.,VIA TANCREDI CHIARALUCE,,250,,Scontro frontale/laterale DX fra veicoli in marcia,Rettilineo,Una carreggiata a doppio senso,Bagnato (pioggia),Asfaltata,Assente,Nuvoloso,Normale,Buona,Ore Diurne,1,0,0,1,"1,226,752","4,174,584",False
2687417,1,8/2/16 9:15,Strada Urbana,in corrispondenza,del palo luce n.,VIALE LUIGI EINAUDI,,14,,Infortunio per sola frenata improvvisa,Rettilineo,Una carreggiata a senso unico di marcia,Bagnato (pioggia),In cubetti di porfido,Verticale ed orizzontale,Pioggia in atto,Normale,Buona,Ore Diurne,0,0,0,1,,,False
2685632,18,8/2/16 9:20,Strada Urbana,in corrispondenza,del civico n.,VIA DI BOCCEA,,303,,Tamponamento,Rettilineo,Una carreggiata a doppio senso,Bagnato (pioggia),Asfaltata,Verticale ed orizzontale,Pioggia in atto,Normale,Buona,Ore Diurne,1,0,0,1,"1,241,418","419,031",False
2686832,11,8/2/16 9:30,Strada Urbana,da specificare,,VIA CRISTOFORO COLOMBO,,,intersezione VIALE GIUSTINIANO IMPERATORE,Scontro frontale fra veicoli in marcia,Rettilineo,Pi•À_ di due carreggiate,Bagnato (pioggia),Asfaltata,Verticale ed orizzontale,Pioggia in atto,Normale,Buona,Ore Diurne,0,0,0,2,"1,248,911","4,185,357",True
2686986,3,8/2/16 9:45,,all'intersezione con,VIALE DELLE PROVINCIE,VIA CATANIA,VIALE DELLE PROVINCIE,,,Scontro frontale/laterale DX fra veicoli in marcia,,,,,,,,,,1,0,0,2,,,False
2687042,4,8/2/16 9:50,Strada Urbana,in prossimit•À_,del civico n.,VIA DARIO NICCODEMI,,69,,Scontro frontale/laterale DX fra veicoli in marcia,Rettilineo,Una carreggiata a doppio senso,Bagnato (pioggia),Asfaltata,Verticale ed orizzontale,Pioggia in atto,Normale,Buona,Ore Diurne,0,0,0,2,"1,254,865","4,195,485",True
2686771,8,8/2/16 10:00,Strada Urbana,in prossimit•À_,del palo luce n.,VIA DI TOR BELLA MONACA,,27,,Veicolo in marcia contro ostacolo fisso,Curva a visuale libera,Una carreggiata a senso unico di marcia,Bagnato (pioggia),Asfaltata,Orizzontale,Pioggia in atto,Scarso,Buona,Ore Diurne,1,0,0,0,"1,262,813","4,187,636",True
2686536,15,8/2/16 10:00,Strada Urbana,da specificare,,AUTOSTRADA ROMA AEROPORTO DI FIUMICINO,,,"km. 0,200 DIREZIONE FIUMICINO",Veicolo in marcia contro ostacolo fisso,Curva a visuale libera,Due carreggiate,Asciutto,Asfaltata,Orizzontale,Nuvoloso,Normale,Buona,Ore Diurne,0,0,0,2,"1,244,023","4,183,153",True
2686855,17,8/2/16 10:10,Strada Urbana,da specificare,,LUNGOTEVERE IN SASSIA,,,sottopas.rampadirez.v.gregorioVIIalt.lampada107/3,Veicolo in marcia contro ostacolo fisso,Sottopasso illuminato,Una carreggiata a senso unico di marcia,Bagnato (umidit•À_ in atto),Asfaltata,Verticale ed orizzontale,Nuvoloso,Normale,Buona,Ore Diurne,0,0,0,1,"1,246,319","4,190,104",False
2686824,20,8/2/16 10:15,,in prossimit•À_,del civico n.,VIA BRACCIANENSE,,73,,Veicolo in marcia contro veicolo in sosta,,,,,,,,,,3,0,0,1,,,False
2687368,2,8/2/16 10:30,,da specificare,,SOTTOVIA IGNAZIO GUIDI,,,fr. NH Vittorio Veneto-dir.Nomentana,Scontro frontale/laterale DX fra veicoli in marcia,,,,,,,,,,2,0,0,0,,,False
2685975,12,8/2/16 10:30,Provinciale,in corrispondenza,della chilometrica,VIA LAURENTINA,,17,,Veicolo in marcia contro ostacolo fisso,Pendenza,Una carreggiata a doppio senso,Bagnato (umidit•À_ in atto),Asfaltata,Verticale ed orizzontale,Nuvoloso,Normale,Buona,Ore Diurne,0,0,0,1,"1,250,492","4,173,551",True
2687390,1,8/2/16 10:30,Strada Urbana,all'intersezione con,VIA DI S. STEFANO ROTONDO,VIA DELLA NAVICELLA,VIA DI S. STEFANO ROTONDO,,,Infortunio per sola frenata improvvisa,Incrocio,Una carreggiata a doppio senso,Bagnato (pioggia),Asfaltata,Verticale ed orizzontale,Nuvoloso,Normale,Buona,Ore Diurne,1,0,0,1,,,False
2687020,1,8/2/16 10:35,Strada Urbana,da specificare,,VIA AURORA,,,IN PROSS. VIA PORTA PINCIANA,Veicolo in marcia contro veicolo in sosta,Rettilineo,Una carreggiata a senso unico di marcia,Bagnato (umidit•À_ in atto),Asfaltata,Verticale ed orizzontale,Nuvoloso,Normale,Buona,Ore Diurne,0,0,0,1,,,False
2687046,19,8/2/16 10:40,Strada Urbana,in corrispondenza,del civico n.,VIA DI TORREVECCHIA,,493,,Veicolo in marcia contro veicolo in sosta,Rettilineo,Una carreggiata a doppio senso,Asciutto,Asfaltata,Orizzontale,Nuvoloso,Normale,Buona,Ore Diurne,0,0,0,0,"1,241,328","4,192,431",True
2686690,5,8/2/16 10:55,Strada Urbana,in prossimit•À_,del civico n.,PIAZZA RICCARDO BALSAMO CRIVELLI,,76,,Tamponamento,Rettilineo,Due carreggiate,Bagnato (pioggia),Asfaltata,Orizzontale,Nuvoloso,Intenso,Buona,Ore Diurne,1,0,0,1,"125,517","4,190,538",False
2686902,16,8/2/16 11:05,Strada Urbana,in corrispondenza,del civico n.,VIA PORTUENSE,,96b,,Scontro laterale fra veicoli in marcia,Rettilineo,Una carreggiata a doppio senso,Asciutto,Asfaltata,Orizzontale,Sereno,Normale,Buona,Ore Diurne,0,0,0,3,"124,659","4,187,152",True
2686775,13,8/2/16 11:15,Strada Urbana,all'intersezione con,VIA SALORNO,VIA TORCEGNO,VIA SALORNO,,,Scontro frontale/laterale DX fra veicoli in marcia,Incrocio,Una carreggiata a doppio senso,Bagnato (pioggia),Asfaltata,Verticale,Nuvoloso,Scarso,Buona,Ore Diurne,0,0,0,2,"123,759","4,173,234",True
2686762,11,8/2/16 11:45,Strada Urbana,in corrispondenza,del civico n.,VIA OSTIENSE,,196 A,,Tamponamento,Rettilineo,Una carreggiata a doppio senso,Bagnato (umidit•À_ in atto),Asfaltata,Verticale ed orizzontale,Nuvoloso,Normale,Buona,Ore Diurne,1,0,0,1,"1,247,698","4,185,543",True
2686749,8,8/2/16 11:50,Strada Urbana,in prossimit•À_,del civico n.,VIA DEL COLLE DELLA LITE,,2,,Scontro frontale/laterale SX fra veicoli in marcia,Curva senza visuale libera,Una carreggiata a doppio senso,Bagnato (umidit•À_ in atto),Asfaltata,Verticale ed orizzontale,Nuvoloso,Normale,Buona,Ore Diurne,0,0,0,3,"1,271,221","4,186,062",True
2686733,8,8/2/16 11:50,Statale entro l'abitato,da specificare,,VIA CASILINA,,,IN PROS. VIA GIGLIOLI,Tamponamento,Rettilineo,Una carreggiata a doppio senso,Bagnato (pioggia),Asfaltata,Verticale ed orizzontale,Pioggia in atto,Normale,Sufficiente,Ore Diurne,0,0,0,2,"1,260,933","4,186,405",True
2685932,10,8/2/16 12:00,Statale,da specificare,,VIA APPIA NUOVA,,,alt. svincolo GRA carr.ta esterna.,Infortunio per caduta del veicolo,Rettilineo,Una carreggiata a senso unico di marcia,Bagnato (pioggia),Asfaltata,Verticale ed orizzontale,Nuvoloso,Normale,Buona,Ore Diurne,1,0,0,0,"1,257,531","4,181,235",True
2685912,7,8/2/16 12:00,Strada Urbana,all'intersezione con,VIA PRENESTINA,VIA DEL MAGGIOLINO,VIA PRENESTINA,,,Veicolo in marcia contro ostacolo fisso,Incrocio,Due carreggiate,Bagnato (umidit•À_ in atto),Asfaltata,Orizzontale,Nuvoloso,Intenso,Buona,Ore Diurne,0,0,0,1,"1,260,659","4,189,385",True
2686784,8,8/2/16 12:20,Strada Urbana,in prossimit•À_,del civico n.,VIA MASSA DI SAN GIULIANO,,553,,Investimento di pedone,Rettilineo,Una carreggiata a doppio senso,Bagnato (pioggia),Asfaltata,Verticale ed orizzontale,Nuvoloso,Normale,Buona,Ore Diurne,2,0,0,1,"126,841","4,191,672",False
2687400,13,8/2/16 13:00,Strada Urbana,all'intersezione con,VIA MENIPPO,VIA ARISTONICO D'ALESSANDRIA,VIA MENIPPO,,,Scontro frontale/laterale DX fra veicoli in marcia,Incrocio,Una carreggiata a senso unico di marcia,Asciutto,Asfaltata,Verticale ed orizzontale,Sereno,Normale,Buona,Ore Diurne,1,0,0,1,"1,236,172","4,175,813",False
2686740,11,8/2/16 13:15,Strada Urbana,in corrispondenza,del civico n.,VIA ARDEATINA,,588,,Scontro laterale fra veicoli in marcia,Rettilineo,Una carreggiata a doppio senso,Asciutto,Asfaltata,Orizzontale,Sereno,Normale,Sufficiente,Ore Diurne,2,0,0,4,"125,181","4,182,609",False
2687357,1,8/2/16 13:45,Strada Urbana,all'intersezione con,PIAZZA CELIMONTANA,LARGO DELLA SANITA' MILITARE,PIAZZA CELIMONTANA,,,Scontro frontale/laterale SX fra veicoli in marcia,Incrocio,Una carreggiata a doppio senso,Asciutto,Asfaltata,Verticale ed orizzontale,Sereno,Scarso,Buona,Ore Diurne,0,0,0,2,"1,249,539","4,188,617",False
2686191,19,8/2/16 13:50,Strada Urbana,da specificare,,VIA DELLA VALLE DEI FONTANILI,,,pross. via Guicciardi,Tamponamento,Rettilineo,Una carreggiata a doppio senso,Bagnato (umidit•À_ in atto),Asfaltata,Orizzontale,Nuvoloso,Normale,Buona,Ore Diurne,0,0,0,4,"1,240,912","4,192,784",True
2698163,18,8/2/16 14:05,Strada Urbana,in prossimit•À_,del civico n.,VIA DI TORRE ROSSA,,35,,Veicolo in marcia contro veicoli in sosta,Rettilineo,Una carreggiata a doppio senso,Asciutto,Asfaltata,Verticale ed orizzontale,Sereno,Scarso,Buona,Ore Diurne,0,0,0,1,"1,242,858","418,939",False
2687011,12,8/2/16 14:25,Provinciale entro l'abitato,in corrispondenza,del civico n.,VIA ARDEATINA,,1432,,Investimento di pedone,Rettilineo,Una carreggiata a doppio senso,Asciutto,Asfaltata,Verticale ed orizzontale,Sereno,Normale,Buona,Ore Diurne,1,0,0,2,"1,255,876","4,176,292",False
2686967,4,8/2/16 14:30,Statale entro l'abitato,in prossimit•À_,del civico n.,VIA SALARIA,,981,,Scontro laterale fra veicoli in marcia,Rettilineo,Due carreggiate,Asciutto,Asfaltata,Orizzontale,Sereno,Normale,Buona,Ore Diurne,0,0,0,2,"1,250,589","4,196,896",True
2686781,13,8/2/16 14:30,Strada Urbana,in corrispondenza,del civico n.,VIA AGOSTINO CHIGI,,194,,Veicolo in marcia contro ostacolo fisso,Rettilineo,Una carreggiata a doppio senso,Asciutto,Asfaltata,Assente,Sereno,Normale,Buona,Ore Diurne,0,0,0,2,"1,231,619","4,176,443",True
2686739,8,8/2/16 15:00,,all'intersezione con,VIALE PAOLO FERDINANDO QUAGLIA,VIA DI TOR BELLA MONACA,VIALE PAOLO FERDINANDO QUAGLIA,,,Scontro frontale/laterale SX fra veicoli in marcia,,,,,,,,,,2,0,0,1,,,False
2686788,13,8/2/16 16:00,,da specificare,,VIALE DESIDERATO PIETRI,,,in corrispondenza di Via Calenzana,Veicolo in marcia contro ostacolo fisso,,,,,,,,,,0,0,0,1,"1,228,893","4,172,802",False
2687016,19,8/2/16 16:10,Strada Urbana,in corrispondenza,del civico n.,VIA PRISCIANO,,67,,Scontro frontale/laterale SX fra veicoli in marcia,Rettilineo,Una carreggiata a doppio senso,Asciutto,Asfaltata,Orizzontale,Sereno,Normale,Buona,Ore Diurne,1,0,0,1,"1,244,705","4,192,587",True
2687066,19,8/2/16 16:15,Strada Urbana,in corrispondenza,del civico n.,VIA DI TORREVECCHIA,,572B,,Investimento di pedone,Rettilineo,Una carreggiata a doppio senso,Asciutto,Asfaltata,Orizzontale,Nuvoloso,Intenso,Buona,Ore Diurne,1,0,0,2,"1,241,249","419,236",True
2687088,4,8/2/16 16:25,Strada Urbana,all'intersezione con,VIA MONTE ROCCHETTA,VIALE JONIO,VIA MONTE ROCCHETTA,,,Scontro frontale/laterale DX fra veicoli in marcia,Intersezione stradale segnalata,Una carreggiata a senso unico di marcia,Asciutto,Asfaltata,Verticale ed orizzontale,Sereno,Normale,Buona,Ore Diurne,1,0,0,1,"1,253,135","4,194,568",False
2687176,12,8/2/16 17:30,Strada Urbana,in corrispondenza,del civico n.,VIALE DELL'OCEANO PACIFICO,,16,,Scontro laterale fra veicoli in marcia,Rettilineo,Una carreggiata a doppio senso,Asciutto,Asfaltata,Orizzontale,Sereno,Normale,Buona,Ore Diurne,1,0,0,1,,,False
2686752,8,8/2/16 17:30,Strada Urbana,in prossimit•À_,del civico n.,VIA CASILINA,,1665,,Scontro laterale fra veicoli in marcia,Rettilineo,Pi•À_ di due carreggiate,Asciutto,Asfaltata,Verticale ed orizzontale,Nuvoloso,Intenso,Buona,Sufficiente,1,0,0,4,"1,267,353","4,186,421",False
2686452,10,8/2/16 17:40,Statale,in corrispondenza,del civico n.,VIA ANAGNINA,,261,,Tamponamento,Rettilineo,Pi•À_ di due carreggiate,Asciutto,Asfaltata,Verticale ed orizzontale,Nuvoloso,Normale,Buona,Sufficiente,0,0,0,2,,,False
2687050,2,8/2/16 17:45,,da specificare,,VIA NEMORENSE,,,alt. piazza S. Emerenziana,Scontro laterale fra veicoli in marcia,,,,,,,,,,1,0,0,1,,,False
2686927,3,8/2/16 17:45,Strada Urbana,da specificare,,VIALE DELL'UNIVERSITA',,,pross.t•À_ fronte civ. 30,Scontro laterale fra veicoli in marcia,Rettilineo,Una carreggiata a doppio senso,Asciutto,Asfaltata,Verticale ed orizzontale,Sereno,Normale,Sufficiente,Sufficiente,0,0,0,2,"1,251,179","4,190,433",False
2687208,1,8/2/16 17:55,Strada Urbana,all'intersezione semaforizzata con,VIA DEL GIANICOLO,PIAZZA DELLA ROVERE,VIA DEL GIANICOLO,,,Scontro laterale fra veicoli in marcia,Intersezione semaforizzata,Una carreggiata a doppio senso,Asciutto,Asfaltata,Verticale ed orizzontale,Nuvoloso,Normale,Buona,Sufficiente,0,0,0,2,"1,246,241","4,189,956",False
2686736,8,8/2/16 18:00,Strada Urbana,da specificare,,VIALE FRANCESCO CALTAGIRONE,,,ALT. VIA L. GASTINELLI,Scontro frontale/laterale DX fra veicoli in marcia,Rettilineo,Due carreggiate,Asciutto,Asfaltata,Verticale ed orizzontale,Sereno,Normale,Sufficiente,Sufficiente,0,0,0,4,"1,265,512","41,909",True
2687743,12,8/2/16 18:10,Provinciale entro l'abitato,da specificare,,VIA PONTINA,,,direzione Pomezia km 11.600,Tamponamento,Rettilineo,Due carreggiate,Asciutto,Asfaltata,Verticale,Sereno,Normale,Buona,Ore Diurne,2,0,0,1,"1,245,106","4,179,235",False
2687371,2,8/2/16 19:05,Strada Urbana,all'intersezione con,VIA NINO OXILIA,VIALE PARIOLI,VIA NINO OXILIA,,,Scontro frontale/laterale SX fra veicoli in marcia,Incrocio,Una carreggiata a doppio senso,Asciutto,Asfaltata,Verticale ed orizzontale,Sereno,Intenso,Buona,Sufficiente,0,0,0,4,"1,249,015","4,192,454",True
2687061,2,8/2/16 19:13,Strada Urbana,in prossimit•À_,del civico n.,VIALE SOMALIA,,137,,Veicolo in marcia contro veicolo in sosta,Rettilineo,Una carreggiata a doppio senso,Asciutto,Asfaltata,Verticale ed orizzontale,Sereno,Normale,Buona,Sufficiente,0,0,0,1,"1,251,708","4,193,562",True
2687571,12,8/2/16 19:20,Strada Urbana,da specificare,,VIA OSTIENSE,,,dir. Ostia altezza svincolo G.R.A. - Firenze,Scontro laterale fra veicoli in marcia,Curva a visuale libera,Una carreggiata a senso unico di marcia,Asciutto,Asfaltata,Verticale ed orizzontale,Sereno,Normale,Insufficiente,Insufficiente,0,0,0,3,,,False
2687781,12,8/2/16 20:00,Strada Urbana,all'intersezione con,PIAZZA DEL SOLE,VIALE DEGLI ASTRI,PIAZZA DEL SOLE,,,Scontro frontale/laterale SX fra veicoli in marcia,Intersezione stradale segnalata,Una carreggiata a doppio senso,Asciutto,Asfaltata,Verticale ed orizzontale,Sereno,Normale,Sufficiente,Sufficiente,0,0,0,2,"1,244,847","4,181,293",False
2686807,9,8/2/16 20:25,,all'intersezione con,VIA LUCREZIA ROMANA,VIA DELLE CAPANNELLE,VIA LUCREZIA ROMANA,,,Scontro frontale fra veicoli in marcia,,,,,,,,,,1,0,0,0,,,False
2687043,2,8/2/16 20:30,,all'intersezione con,VIA FILIPPO MARCHETTI,VIALE ARRIGO BOITO,VIA FILIPPO MARCHETTI,,,Scontro frontale/laterale SX fra veicoli in marcia,,,,,,,,,,2,0,0,1,,,False
2686729,6,8/2/16 20:30,Strada Urbana,da specificare,,VIALE CASTRENSE,,,fronte Via Altamura,Tamponamento,Rettilineo,Una carreggiata a senso unico di marcia,Asciutto,Asfaltata,Verticale,Sereno,Scarso,Sufficiente,Sufficiente,1,0,0,1,,,False
2688619,16,8/2/16 20:45,Strada Urbana,da specificare,,VIA DEL CASALE LUMBROSO,,,50 mt prima di Via della Tenuta S. Cecilia,Ribaltamento senza urto contro ostacolo fisso,Rettilineo,Una carreggiata a doppio senso,Asciutto,Asfaltata,Assente,Sereno,Scarso,Sufficiente,Inesistente,0,0,0,1,"1,235,492","4,186,274",True