ID,Gruppo,_DataOraIncidente,_Localizzazione1,_Localizzazione2,Strada02,Strada1,Strada2,Chilometrica,DaSpecificare,_NaturaIncidente,_ParticolaritaStrade,_TipoStrada,_FondoStradale,_Pavimentazione,_Segnaletica,_CondizioneAtmosferica,_Traffico,_Visibilita,_Illuminazione,NUM_FERITI,_NUM_RISERVATA,_NUM_MORTI,_NUM_ILLESI,Longitudine,Latitudine,CONFERMATO
2691387,13,11/2/16 20:20,,all'intersezione con,VIA DEI MARTIRI OSTIENSI,VIA DELLA GENTE SALINATORIA,VIA DEI MARTIRI OSTIENSI,,,Investimento di pedone,,,,,,,,,,0,0,0,3,,,False
2691348,5,11/2/16 20:25,Strada Urbana,da specificare,,VIA RINALDO D'AQUINO,,,circa 200 mt dall'innesto del GRA,Scontro frontale/laterale DX fra veicoli in marcia,Rettilineo,Due carreggiate,Asciutto,Asfaltata,Verticale ed orizzontale,Sereno,Intenso,Buona,Sufficiente,0,0,0,2,"1,260,008","4,195,088",True
2691321,20,11/2/16 20:30,Strada Urbana,in prossimit•À_,del civico n.,VIA DELLA GIUSTINIANA,,951,,Veicolo in marcia contro ostacolo accidentale,Curva senza visuale libera,Una carreggiata a doppio senso,Asciutto,Asfaltata,Assente,Sereno,Normale,Sufficiente,Sufficiente,0,0,0,2,"1,242,274","41,994",True
2691646,8,11/2/16 21:15,Strada Urbana,in corrispondenza,del civico n.,VIA DI VERMICINO,,176,,Scontro frontale fra veicoli in marcia,Rettilineo,Una carreggiata a doppio senso,Asciutto,Asfaltata,Verticale ed orizzontale,Sereno,Normale,Insufficiente,Insufficiente,1,0,0,2,"126,722","4,185,158",True
2691528,13,11/2/16 22:10,Strada Urbana,all'intersezione con,VIA FRANCO MEZZADRA,CORSO DUCA DI GENOVA,VIA FRANCO MEZZADRA,,,Scontro frontale/laterale SX fra veicoli in marcia,Incrocio,Una carreggiata a doppio senso,Asciutto,Asfaltata,Verticale ed orizzontale,Nuvoloso,Scarso,Buona,Sufficiente,0,0,0,2,"1,227,003","4,173,441",True
2691270,10,11/2/16 23:20,,in prossimit•À_,del civico n.,VIA DI CIAMPINO,,70,,Scontro frontale fra veicoli in marcia,,,,,,,,,,1,0,0,0,"125,811","4,181,016",False
2692297,1,11/2/16 23:35,Strada Urbana,all'intersezione con,VIA ALEARDO ALEARDI,VIA MERULANA,VIA ALEARDO ALEARDI,,,Scontro laterale fra veicoli in marcia,Incrocio,Una carreggiata a doppio senso,Bagnato (pioggia),Asfaltata,Verticale ed orizzontale,Pioggia in atto,Normale,Sufficiente,Sufficiente,1,0,0,1,,,False
2692867,4,12/2/16,Strada Urbana,da specificare,,VIA DELLA BUFALOTTA,,,prossimit•À_ via della Cecchina,Veicolo in marcia contro veicolo in sosta,Rettilineo,Una carreggiata a doppio senso,Asciutto,Asfaltata,Verticale ed orizzontale,Nuvoloso,Normale,Buona,Sufficiente,0,0,0,0,"1,254,958","4,196,665",False
2691532,7,12/2/16,Strada Urbana,in prossimit•À_,del civico n.,VIA DEI PIOPPI,,66,,Veicolo in marcia contro veicoli in sosta,Rettilineo,Due carreggiate,Bagnato (pioggia),Asfaltata,Orizzontale,Pioggia in atto,Scarso,Buona,Sufficiente,0,0,0,0,"1,257,198","4,187,807",False
2692196,1,12/2/16 0:05,Strada Urbana,all'intersezione semaforizzata con,VIA BUCCARI,VIA TRIONFALE,VIA BUCCARI,,,Scontro frontale/laterale SX fra veicoli in marcia,Intersezione semaforizzata,Una carreggiata a senso unico di marcia,Asciutto,Asfaltata,Verticale ed orizzontale,Nuvoloso,Scarso,Buona,Sufficiente,1,0,0,1,,,False
2695561,17,12/2/16 0:15,Strada Urbana,all'intersezione semaforizzata con,PIAZZA DELLA ROVERE,LUNGOTEVERE IN SASSIA,PIAZZA DELLA ROVERE,,,Scontro frontale/laterale SX fra veicoli in marcia,Intersezione semaforizzata,Una carreggiata a senso unico di marcia,Asciutto,Asfaltata,Verticale ed orizzontale,Nuvoloso,Normale,Sufficiente,Sufficiente,1,0,0,6,,,False
2693318,20,12/2/16 1:40,Provinciale entro l'abitato,all'intersezione con,VIA MONTE PELOSO,VIA CASSIA,VIA MONTE PELOSO,,,Veicolo in marcia contro ostacolo fisso,Incrocio,Una carreggiata a doppio senso,Bagnato (pioggia),Asfaltata,Orizzontale,Pioggia in atto,Scarso,Sufficiente,Sufficiente,0,0,0,1,,,False
2691659,13,12/2/16 2:00,,da specificare,,VIA DEL PONTE DI TOR BOACCIANA,,,40 m SS296,Veicolo in marcia contro ostacolo fisso,,,,,,,,,,0,0,0,1,,,False
2691374,11,12/2/16 2:30,Strada Urbana,in corrispondenza,del civico n.,VIA DELLE VIGNE,,62,,Veicolo in marcia contro ostacolo fisso,Rettilineo,Una carreggiata a doppio senso,Bagnato (pioggia),Lastricata,Assente,Pioggia in atto,Scarso,Buona,Sufficiente,0,0,0,1,"1,242,158","4,183,667",True
2692873,12,12/2/16 3:00,,da specificare,,PIAZZA ANTONIO MEUCCI,,,prossimit•À_ via della Magliana,Scontro frontale fra veicoli in marcia,,,,,,,,,,2,0,0,0,"1,246,318","4,186,155",False
2692315,1,12/2/16 3:45,Strada Urbana,in prossimit•À_,del civico n.,CAMPO DE' FIORI,,14,,Veicolo in marcia contro ostacolo fisso,Rettilineo,Una carreggiata a senso unico di marcia,Bagnato (pioggia),In cubetti di porfido,Verticale ed orizzontale,Pioggia in atto,Scarso,Buona,Sufficiente,0,0,0,2,,,False
2691483,7,12/2/16 5:00,,all'intersezione con,VIA DELLE ROBINIE,VIA DEI CASTANI,VIA DELLE ROBINIE,,,Scontro frontale/laterale SX fra veicoli in marcia,,,,,,,,,,1,0,0,1,"1,256,672","4,188,267",False
2691357,10,12/2/16 5:40,Strada Urbana,da specificare,,VIA ENRICO SCHLIEMANN,,,all'intersezione con il GRA,Scontro frontale/laterale DX fra veicoli in marcia,Rettilineo,Una carreggiata a senso unico di marcia,Bagnato (umidit•À_ in atto),Asfaltata,Verticale ed orizzontale,Nuvoloso,Normale,Sufficiente,Sufficiente,0,0,0,3,"1,258,254","4,182,534",True
2692765,13,12/2/16 6:10,Strada Urbana,da specificare,,VIA GUIDO CALZA,,,direzione Fiumicino,Tamponamento Multiplo,Curva a visuale libera,Due carreggiate,Bagnato (umidit•À_ in atto),Asfaltata,Verticale ed orizzontale,Nuvoloso,Normale,Buona,Ore Diurne,1,0,0,2,"1,228,742","4,174,874",False
2693209,20,12/2/16 7:30,Strada Urbana,all'intersezione con,VIA COSTANTINO NIGRA,VIALE PAOLO BOSELLI,VIA COSTANTINO NIGRA,,,Tamponamento,,,Bagnato (pioggia),Asfaltata,Verticale ed orizzontale,Nuvoloso,Scarso,Buona,,1,0,0,1,,,False
2692395,9,12/2/16 7:45,,in prossimit•À_,del civico n.,VIA ACIREALE,,3,,Veicolo in marcia contro ostacolo fisso,,,,,,,,,,0,0,0,1,,,False
2692367,9,12/2/16 7:45,Strada Urbana,in prossimit•À_,del civico n.,VIA CILICIA,,1,,Tamponamento Multiplo,Rettilineo,Due carreggiate,Bagnato (pioggia),Asfaltata,Verticale ed orizzontale,Nuvoloso,Intenso,Buona,Ore Diurne,0,0,0,3,"1,250,617","418,738",True
2694930,16,12/2/16 8:05,,da specificare,,LARGO ALFREDO ORIANI,,,altezza Via F.D.Guerrazzi,Infortunio per caduta del veicolo,,,,,,,,,,0,0,0,3,,,False
2694731,5,12/2/16 8:10,,da specificare,,VIALE PALMIRO TOGLIATTI,,,alt. Ponte Mammolo dir. Prenestina,Infortunio per sola frenata improvvisa,,,,,,,,,,0,0,0,0,"1,256,644","4,192,137",False
2692917,12,12/2/16 8:15,,da specificare,,VIA CRISTOFORO COLOMBO,,,prossimit•À_ fermata bus n•À_74333 p.le Nervi,Investimento di pedone,,,,,,,,,,1,0,0,2,,,False
2692881,12,12/2/16 8:15,Strada Urbana,all'intersezione con,VIALE ITALO CALVINO,VIA DI ACQUA ACETOSA OSTIENSE,VIALE ITALO CALVINO,,,Infortunio per caduta del veicolo,Incrocio,Una carreggiata a doppio senso,Bagnato (umidit•À_ in atto),Asfaltata,Verticale ed orizzontale,Sereno,Normale,Buona,Ore Diurne,1,0,0,3,,,False
2692870,4,12/2/16 8:25,Strada Urbana,all'intersezione con,VIA MONTE S. VICINO,VIA MONTE MASSICO,VIA MONTE S. VICINO,,,Scontro laterale fra veicoli in marcia,Incrocio,Una carreggiata a doppio senso,Asciutto,Asfaltata,Assente,Sereno,Normale,Buona,Ore Diurne,0,0,0,3,"1,253,196","419,513",True
2692804,13,12/2/16 8:25,Strada Urbana,in prossimit•À_,del civico n.,VIALE CARDINAL GINNASI,,11,,Scontro frontale/laterale SX fra veicoli in marcia,Rettilineo,Una carreggiata a doppio senso,Asciutto,Asfaltata,Assente,Nuvoloso,Normale,Buona,Ore Diurne,0,0,0,2,"1,228,186","4,173,207",False
2692802,11,12/2/16 8:30,Strada Urbana,all'intersezione con,G.R.A. bretella corsia interna ,VIA ARDEATINA,G.R.A. bretella corsia interna ,,,Scontro frontale/laterale SX fra veicoli in marcia,Incrocio,Pi•À_ di due carreggiate,Asciutto,Asfaltata,Verticale ed orizzontale,Nuvoloso,Normale,Buona,Ore Diurne,0,0,0,2,"1,252,822","4,180,219",True
2692878,8,12/2/16 8:30,Strada Urbana,all'intersezione con,VIALE PIETRO ANDERLONI,VIA AMICO ASPERTINI,VIALE PIETRO ANDERLONI,,,Scontro laterale fra veicoli in marcia,Incrocio,Una carreggiata a doppio senso,Asciutto,Asfaltata,Verticale ed orizzontale,Nuvoloso,Normale,Buona,Ore Diurne,0,0,0,2,"126,299","4,187,275",False
2695063,2,12/2/16 8:35,Strada Urbana,in corrispondenza,del civico n.,PIAZZA GONDAR,,18,,Scontro laterale fra veicoli in marcia,Rettilineo,Due carreggiate,Asciutto,Asfaltata,Verticale ed orizzontale,Nuvoloso,Normale,Buona,Ore Diurne,0,0,0,3,"1,252,092","4,193,331",False
2692829,6,12/2/16 8:50,Strada Urbana,da specificare,,PIAZZALE PRENESTINO,,,fronte civico 7,Infortunio per caduta del veicolo,Rettilineo,Pi•À_ di due carreggiate,Bagnato (umidit•À_ in atto),Asfaltata,Verticale ed orizzontale,Nuvoloso,Intenso,Buona,Ore Diurne,1,0,0,1,,,False
2695253,16,12/2/16 9:10,Strada Urbana,in corrispondenza,del civico n.,VIA VINCENZO TIZZANI,,80,,Scontro frontale/laterale SX fra veicoli in marcia,Curva senza visuale libera,Una carreggiata a senso unico di marcia,Bagnato (umidit•À_ in atto),Asfaltata,Verticale,Nuvoloso,Scarso,Buona,Ore Diurne,0,0,0,2,"12,442","4,187,068",True
2693265,20,12/2/16 9:20,,in prossimit•À_,del civico n.,VIA CONCESIO,,4,,Scontro frontale fra veicoli in marcia,,,Bagnato (pioggia),Asfaltata,Verticale ed orizzontale,Nuvoloso,Normale,Buona,,1,0,0,2,,,False
2691901,15,12/2/16 9:35,Strada Urbana,da specificare,,VIADOTTO DELLA MAGLIANA,,,rampa immissione Viadotto dir. EUR,Scontro laterale fra veicoli in marcia,Rettilineo,Due carreggiate,Asciutto,Asfaltata,Orizzontale,Sereno,Intenso,Buona,Ore Diurne,0,0,0,2,"1,245,101","4,183,835",True
2692969,4,12/2/16 9:50,Strada Urbana,in prossimit•À_,del civico n.,VIA DELLA BUFALOTTA,,451,,Veicolo in marcia contro ostacolo accidentale,Curva a visuale libera,Una carreggiata a doppio senso,Asciutto,Asfaltata,Verticale ed orizzontale,Sereno,Normale,Buona,Ore Diurne,0,0,0,2,"1,254,605","4,195,865",True
2693301,20,12/2/16 10:15,Strada Urbana,da specificare,,VIA DEL FORO ITALICO,,,dir. stadio rampa uscita V.le Tor di Quinto,Tamponamento,Rettilineo,Una carreggiata a senso unico di marcia,Asciutto,Asfaltata,,Nuvoloso,Intenso,Buona,Ore Diurne,0,0,0,2,,,False
2692373,9,12/2/16 10:15,Strada Urbana,all'intersezione con,VIA VULCI,VIA LUSITANIA,VIA VULCI,,,Tamponamento,Intersezione stradale segnalata,Una carreggiata a senso unico di marcia,Asciutto,Asfaltata,Verticale,Nuvoloso,Scarso,Buona,Ore Diurne,0,0,0,2,"1,250,429","4,187,707",True
2695164,2,12/2/16 10:20,Strada Urbana,da specificare,,VIALE LIEGI,,,pross. 3/A,Scontro laterale fra veicoli in marcia,Rettilineo,Una carreggiata a doppio senso,Asciutto,Asfaltata,Verticale ed orizzontale,Nuvoloso,Normale,Buona,Ore Diurne,0,0,0,2,"1,249,809","4,191,981",True
2692806,12,12/2/16 10:30,Strada Urbana,in corrispondenza,del civico n.,VIALE UMBERTO TUPINI,,100,,Veicolo in marcia contro veicolo in sosta,Rettilineo,Una carreggiata a doppio senso,Asciutto,Asfaltata,Verticale ed orizzontale,Sereno,Normale,Buona,Ore Diurne,0,0,0,1,"1,246,239","4,183,397",True
2691839,19,12/2/16 10:50,Strada Urbana,all'intersezione con,VIA MASSIMI,VIA DELLA BALDUINA,VIA MASSIMI,,,Tamponamento Multiplo,Incrocio,Una carreggiata a doppio senso,Asciutto,Asfaltata,Verticale ed orizzontale,Nuvoloso,Scarso,Buona,Ore Diurne,0,0,0,4,"124,426","4,192,801",True
2692743,8,12/2/16 11:00,Strada Urbana,all'intersezione con,VIA MODOLO,VIA ESTERZILI,VIA MODOLO,,,Tamponamento Multiplo,Incrocio,Una carreggiata a doppio senso,Asciutto,Asfaltata,Verticale ed orizzontale,Nuvoloso,Scarso,Buona,Ore Diurne,0,0,0,4,"1,268,427","4,188,803",True
2692127,9,12/2/16 11:05,Strada Urbana,in corrispondenza,del civico n.,VIA APPIA NUOVA,,266,,Scontro laterale fra veicoli in marcia,Rettilineo,Due carreggiate,Asciutto,Asfaltata,Orizzontale,Sereno,Normale,Buona,Ore Diurne,0,0,0,2,,,False
2692833,12,12/2/16 11:20,Strada Urbana,in prossimit•À_,del civico n.,VIA GIUSEPPE TOMASI DI LAMPEDUSA,,9,,Veicolo in marcia contro veicolo in sosta,Pendenza,Una carreggiata a doppio senso,Asciutto,Asfaltata,Verticale,Sereno,Scarso,Buona,Ore Diurne,0,0,0,1,"1,247,325","4,181,605",False
2695193,3,12/2/16 11:30,Strada Urbana,in corrispondenza,del civico n.,VIA NOMENTANA,,90,,Tamponamento,Rettilineo,Pi•À_ di due carreggiate,Asciutto,Asfaltata,Verticale ed orizzontale,Nuvoloso,Normale,Buona,Ore Diurne,0,0,0,3,"1,251,336","4,191,725",True
2692186,10,12/2/16 12:25,Strada Urbana,da specificare,,VIA DELLE CAPANNELLE,,,prossimit•À_ Palo Acea 93,Veicolo in marcia contro veicoli in sosta,Rettilineo,Una carreggiata a doppio senso,Asciutto,Asfaltata,Orizzontale,Nuvoloso,Normale,Buona,Ore Diurne,1,0,0,0,,,False
2692879,6,12/2/16 12:35,Strada Urbana,da specificare,,VIA DEI GORDIANI,,,altezza VIA CHECCO DURANTE,Scontro laterale fra veicoli in marcia,Rettilineo,Una carreggiata a doppio senso,Asciutto,Asfaltata,Verticale ed orizzontale,Sereno,Normale,Buona,Ore Diurne,0,0,0,2,"1,255,437","4,188,136",True
2694783,1,12/2/16 12:50,Strada Urbana,all'intersezione semaforizzata con,VIA GALVANI,VIA NICOLA ZABAGLIA,VIA GALVANI,,,Scontro laterale fra veicoli in marcia,Intersezione semaforizzata,Una carreggiata a doppio senso,Asciutto,Asfaltata,Verticale ed orizzontale,Nuvoloso,Normale,Buona,Ore Diurne,1,0,0,1,,,False
2692057,4,12/2/16 13:20,Provinciale,da specificare,,VIA NOMENTANA,,,fronte rampa GRA carreggiata interna,Scontro frontale/laterale DX fra veicoli in marcia,Rettilineo,Due carreggiate,Bagnato (pioggia),Asfaltata,Verticale ed orizzontale,Nuvoloso,Normale,Buona,Ore Diurne,1,0,0,1,,,False
2695712,17,12/2/16 13:30,Strada Urbana,in prossimit•À_,del civico n.,VIA FILIPPO CORRIDONI,,7,,Veicolo in marcia contro veicolo in sosta,Rettilineo,Due carreggiate,Bagnato (pioggia),Asfaltata,Verticale ed orizzontale,Nuvoloso,Normale,Buona,Ore Diurne,0,0,0,1,"1,246,076","419,201",False
2695276,16,12/2/16 14:00,,in corrispondenza,del civico n.,VIA SILVESTRI,,10,,Scontro laterale fra veicoli in marcia,,,,,,,,,,0,0,0,3,,,False
2692201,9,12/2/16 14:25,Strada Urbana,in prossimit•À_,del civico n.,VIA DELL'ARCO DI TRAVERTINO,,11,,Scontro laterale fra veicoli in marcia,Rettilineo,Due carreggiate,Bagnato (pioggia),Asfaltata,Orizzontale,Nuvoloso,Normale,Buona,Ore Diurne,0,0,0,2,,,False
2695142,19,12/2/16 14:35,Strada Urbana,in prossimit•À_,del civico n.,VIA TRIONFALE,,8644,,Infortunio per sola frenata improvvisa,Rettilineo,Una carreggiata a senso unico di marcia,Bagnato (pioggia),Asfaltata,Verticale ed orizzontale,Pioggia in atto,Intenso,Sufficiente,Ore Diurne,1,0,0,1,"1,242,421","419,398",True
2692851,8,12/2/16 14:40,Strada Urbana,all'intersezione con,VIA CAMPI SALENTINA,VIA GAGLIANO DEL CAPO,VIA CAMPI SALENTINA,,,Scontro frontale/laterale DX fra veicoli in marcia,Intersezione stradale segnalata,Una carreggiata a doppio senso,Asciutto,Asfaltata,Verticale ed orizzontale,Sereno,Normale,Buona,Ore Diurne,0,0,0,3,"1,265,196","418,551",True
2694801,17,12/2/16 14:45,Strada Urbana,all'intersezione semaforizzata con,PIAZZA DELLE CINQUE GIORNATE,VIA LUIGI SETTEMBRINI,PIAZZA DELLE CINQUE GIORNATE,,,Scontro laterale fra veicoli in marcia,Intersezione semaforizzata,Due carreggiate,Bagnato (umidit•À_ in atto),Asfaltata,Verticale ed orizzontale,Nuvoloso,Normale,Buona,Ore Diurne,1,0,0,1,"1,246,922","4,191,386",False
2699962,18,12/2/16 14:45,Strada Urbana,in corrispondenza,del civico n.,VIA DI BOCCEA,,250,,Tamponamento,Rettilineo,Una carreggiata a doppio senso,Bagnato (umidit•À_ in atto),Asfaltata,Verticale ed orizzontale,Nuvoloso,Intenso,Buona,Ore Diurne,0,0,0,2,"1,241,957","4,190,357",False
2700071,18,12/2/16 14:50,Statale,in prossimit•À_,della chilometrica,VIA AURELIA,,10,,Tamponamento Multiplo,Rettilineo,Due carreggiate,Bagnato (umidit•À_ in atto),Asfaltata,Verticale ed orizzontale,Nuvoloso,Normale,Buona,Ore Diurne,0,0,0,3,"124,138","4,189,218",True
2695325,16,12/2/16 15:10,Strada Urbana,all'intersezione con,VIA PANFILO CASTALDI,VIA ETTORE ROLLI,VIA PANFILO CASTALDI,,,Tamponamento,Incrocio,Una carreggiata a doppio senso,Bagnato (umidit•À_ in atto),Asfaltata,Verticale ed orizzontale,Nuvoloso,Intenso,Buona,Ore Diurne,0,0,0,2,"1,246,761","4,187,428",False
2694928,19,12/2/16 15:40,Strada Urbana,all'intersezione con,VIA CLEMENTE XII,VIA ALESSANDRO VII,VIA CLEMENTE XII,,,Scontro frontale/laterale SX fra veicoli in marcia,Incrocio,Una carreggiata a senso unico di marcia,Bagnato (pioggia),Asfaltata,Verticale,Nuvoloso,Scarso,Buona,Ore Diurne,0,0,0,2,"1,242,225","4,192,136",True
2692159,6,12/2/16 15:40,Strada Urbana,in prossimit•À_,del civico n.,VIALE DELL'ACQUEDOTTO ALESSANDRINO,,142,,Scontro laterale fra veicoli in marcia,Curva a visuale libera,Una carreggiata a senso unico di marcia,Bagnato (pioggia),Asfaltata,Orizzontale,Nuvoloso,Normale,Buona,Ore Diurne,1,0,0,1,"1,254,677","4,187,633",True
2693416,1,12/2/16 15:55,Strada Urbana,in corrispondenza,del civico n.,PIAZZA DI PORTA MAGGIORE,,f. 25,,Scontro laterale fra veicoli in marcia,Rettilineo,Una carreggiata a senso unico di marcia,Asciutto,Asfaltata,Verticale ed orizzontale,Sereno,Normale,Buona,Ore Diurne,1,0,0,4,,,False
2692365,7,12/2/16 16:00,Strada Urbana,in prossimit•À_,del civico n.,VIALE PALMIRO TOGLIATTI,,824,,Scontro laterale fra veicoli in marcia,Rettilineo,Due carreggiate,Asciutto,Asfaltata,Verticale ed orizzontale,Nuvoloso,Normale,Buona,Ore Diurne,0,0,0,3,"1,257,366","4,188,653",False
2695221,2,12/2/16 16:15,Strada Urbana,da specificare,,VIA DEL FORO ITALICO,,,pross. rampa uscita via Salaria gra,Scontro laterale fra veicoli in marcia,Rettilineo,Pi•À_ di due carreggiate,Asciutto,Asfaltata,Verticale ed orizzontale,Sereno,Normale,Buona,Ore Diurne,0,0,0,2,"1,251,087","4,193,823",False
2692264,6,12/2/16 16:15,Strada Urbana,in corrispondenza,del civico n.,VIA SESTIO MENAS,,38,,Scontro frontale/laterale SX fra veicoli in marcia,Rettilineo,Una carreggiata a doppio senso,Bagnato (pioggia),Asfaltata,Verticale,Nuvoloso,Normale,Buona,Ore Diurne,0,0,0,4,"1,255,262","4,186,617",True
2693339,1,12/2/16 16:20,Strada Urbana,in prossimit•À_,del civico n.,PIAZZA DI S. GIOVANNI IN LATERANO,,4,,Veicolo in marcia contro veicolo in sosta,Curva a visuale libera,Una carreggiata a doppio senso,Asciutto,Asfaltata,Verticale ed orizzontale,Nuvoloso,Intenso,Buona,Ore Diurne,0,0,0,1,,,False
2692303,2,12/2/16 16:30,Strada Urbana,in prossimit•À_,del civico n.,VIA NOMENTANA,,fr. 373,,Infortunio per sola frenata improvvisa,Rettilineo,Una carreggiata a doppio senso,Asciutto,Asfaltata,Verticale ed orizzontale,Sereno,Normale,Buona,Ore Diurne,0,1,0,1,,,False
2695026,19,12/2/16 16:45,Strada Urbana,in prossimit•À_,del civico n.,VIA DI BOCCEA,,1042,,Veicolo in marcia contro ostacolo fisso,Rettilineo,Una carreggiata a doppio senso,Bagnato (pioggia),Asfaltata,Assente,Nuvoloso,Scarso,Sufficiente,Ore Diurne,0,0,0,1,"1,233,201","4,193,368",True
2692889,8,12/2/16 16:45,,da specificare,,VIA DI TOR VERGATA,,,ALTEZZA VIA M. PASTORE,Tamponamento,,,,,,,,,,1,0,0,2,"1,262,161","4,184,548",False
2695605,17,12/2/16 16:45,,all'intersezione con,VIA POMPEO MAGNO,VIA MARCANTONIO COLONNA,VIA POMPEO MAGNO,,,Scontro laterale fra veicoli in marcia,,,,,,,,,,0,0,0,2,,,False
2695145,19,12/2/16 16:50,Strada Urbana,all'intersezione con,VIA DECIO FILIPPONI,VIA MASSIMI,VIA DECIO FILIPPONI,,,Scontro frontale/laterale SX fra veicoli in marcia,Incrocio,Una carreggiata a doppio senso,Asciutto,Asfaltata,Verticale ed orizzontale,Sereno,Normale,Buona,Ore Diurne,2,0,0,1,"1,244,217","4,192,828",True
2692811,11,12/2/16 17:00,Strada Urbana,da specificare,,LARGO LEONARDO DA VINCI,,,prossimit•À_ VIA CHIABRERA,Scontro frontale fra veicoli in marcia,Rettilineo,Pi•À_ di due carreggiate,Asciutto,Asfaltata,Verticale ed orizzontale,Nuvoloso,Intenso,Sufficiente,Sufficiente,0,0,0,2,,,False
2694879,17,12/2/16 17:10,Strada Urbana,in prossimit•À_,del civico n.,PIAZZA ADRIANA,,15,,Scontro laterale fra veicoli in marcia,Rettilineo,Una carreggiata a senso unico di marcia,Asciutto,Asfaltata,Verticale ed orizzontale,Nuvoloso,Intenso,Buona,Ore Diurne,0,0,0,3,"1,246,677","4,190,508",False
2692442,7,12/2/16 17:10,Strada Urbana,in prossimit•À_,del civico n.,VIA DEGLI OLIVI,,51,,Veicolo in marcia contro veicolo fermo,Rettilineo,Una carreggiata a senso unico di marcia,Asciutto,Asfaltata,Verticale,Nuvoloso,Normale,Buona,Ore Diurne,0,0,0,3,"1,256,617","4,188,676",True
2693007,12,12/2/16 17:10,Provinciale entro l'abitato,all'intersezione con,VIA CESARE FRUGONI,VIA OSTIENSE,VIA CESARE FRUGONI,,,Scontro laterale fra veicoli in marcia,Incrocio,Una carreggiata a doppio senso,Asciutto,Asfaltata,Verticale ed orizzontale,Nuvoloso,Intenso,Buona,Ore Diurne,1,0,0,2,"1,245,895","4,183,686",False
2694738,5,12/2/16 17:15,Strada Urbana,in prossimit•À_,del palo luce n.,VIA RINALDO D'AQUINO,,102,,Tamponamento,Rettilineo,Una carreggiata a senso unico di marcia,Asciutto,Asfaltata,Verticale ed orizzontale,Nuvoloso,Normale,Sufficiente,Inesistente,0,0,0,3,"1,261,085","4,196,467",True
2692379,6,12/2/16 17:35,Strada Urbana,in corrispondenza,del civico n.,VIA COLLATINA,,104,,Investimento di pedone,Rettilineo,Una carreggiata a doppio senso,Asciutto,Asfaltata,Orizzontale,Nuvoloso,Intenso,Buona,Ore Diurne,1,0,0,1,"1,256,499","4,189,953",True
2696528,8,12/2/16 17:45,,in corrispondenza,del civico n.,VIALE S. RITA DA CASCIA,,50,,Veicolo in marcia contro ostacolo accidentale,,,,,,,,,,0,0,0,1,,,False
2695497,23,12/2/16 17:45,Strada Urbana,all'intersezione con,PIAZZA DELLE CINQUE SCOLE,LUNGOTEVERE DE' CENCI,PIAZZA DELLE CINQUE SCOLE,,,Tamponamento,Intersezione stradale segnalata,Una carreggiata a senso unico di marcia,Asciutto,Asfaltata,Orizzontale,Nuvoloso,Normale,Buona,Sufficiente,0,0,0,2,"1,247,647","41,892",True
2692862,13,12/2/16 18:00,Strada Urbana,in corrispondenza,del civico n.,LUNGOMARE PAOLO TOSCANELLI,,86,,Scontro laterale fra veicoli in marcia,Rettilineo,Due carreggiate,Bagnato (pioggia),Asfaltata,Orizzontale,Nuvoloso,Normale,Buona,Sufficiente,0,0,0,4,"1,227,889","4,172,901",False
2692459,7,12/2/16 18:15,Strada Urbana,all'intersezione con,VIA WALTER TOBAGI,VIA DI TOR TRE TESTE,VIA WALTER TOBAGI,,,Scontro frontale/laterale DX fra veicoli in marcia,Intersezione stradale segnalata,Una carreggiata a doppio senso,Bagnato (pioggia),Asfaltata,Verticale ed orizzontale,Pioggia in atto,Intenso,Sufficiente,Sufficiente,0,0,0,2,"1,259,335","418,837",True
2692752,11,12/2/16 18:20,Strada Urbana,in prossimit•À_,del civico n.,VIA MARIO MUSCO,,22,,Veicolo in marcia contro veicolo in sosta,Rettilineo,Una carreggiata a senso unico di marcia,Bagnato (pioggia),Asfaltata,Verticale ed orizzontale,Nuvoloso,Intenso,Buona,Sufficiente,0,0,0,2,"1,248,728","4,184,859",True
2692792,11,12/2/16 18:25,Strada Urbana,in prossimit•À_,del civico n.,VIA DI S. GALLA,,1,,Infortunio per caduta del veicolo,Rettilineo,Una carreggiata a doppio senso,Bagnato (umidit•À_ in atto),Asfaltata,Verticale ed orizzontale,Nuvoloso,Normale,Sufficiente,Sufficiente,2,0,0,1,"1,248,885","4,186,824",True
2692826,11,12/2/16 18:30,Strada Urbana,da specificare,,VIA DI GROTTA PERFETTA,,,altezza palo ACEA 74,Tamponamento Multiplo,Rettilineo,Una carreggiata a doppio senso,Bagnato (pioggia),Asfaltata,Verticale ed orizzontale,Pioggia in atto,Intenso,Sufficiente,Sufficiente,1,0,0,4,"1,250,158","4,184,057",False
2709719,3,12/2/16 18:30,,in prossimit•À_,del civico n.,VIALE DELL'UNIVERSITA',,33,,Investimento di pedone,,,,,,,,,,0,0,1,0,,,False
2692945,12,12/2/16 18:40,Comunale extraurbana,da specificare,,VIA DI PORTA MEDAGLIA,,,altezza via Ardeatina,Veicolo in marcia contro ostacolo accidentale,Curva a visuale libera,Una carreggiata a doppio senso,Bagnato (pioggia),Asfaltata,Verticale,Pioggia in atto,Scarso,Insufficiente,Inesistente,0,0,0,1,"1,252,794","4,175,623",True
2695104,19,12/2/16 18:40,Strada Urbana,all'intersezione con,VIA MONTEBRUNO,VIA DI TORREVECCHIA,VIA MONTEBRUNO,,,Scontro frontale/laterale DX fra veicoli in marcia,Incrocio,Una carreggiata a doppio senso,Bagnato (pioggia),Asfaltata,Verticale ed orizzontale,Pioggia in atto,Normale,Sufficiente,Sufficiente,0,0,0,3,"1,241,925","4,193,118",False