ID,Gruppo,_DataOraIncidente,_Localizzazione1,_Localizzazione2,Strada02,Strada1,Strada2,Chilometrica,DaSpecificare,_NaturaIncidente,_ParticolaritaStrade,_TipoStrada,_FondoStradale,_Pavimentazione,_Segnaletica,_CondizioneAtmosferica,_Traffico,_Visibilita,_Illuminazione,NUM_FERITI,_NUM_RISERVATA,_NUM_MORTI,_NUM_ILLESI,Longitudine,Latitudine,CONFERMATO
2696408,13,15/02/2016 16:00:00,Strada Urbana,da specificare,,VIA CRISTOFORO COLOMBO,,,50 m prima di Vle del Lido di Castel Porziano,Tamponamento,Rettilineo,Pi•À_ di due carreggiate,Asciutto,Asfaltata,Assente,Sereno,Intenso,Buona,Ore Diurne,0,0,0,4,"123,263","4,172,439",False
2697268,16,15/02/2016 16:10:00,,in prossimit•À_,del civico n.,LUNGOTEVERE DEGLI ARTIGIANI,,f.c.2,,Scontro laterale fra veicoli in marcia,,,,,,,,,,0,0,0,2,,,False
2701003,18,15/02/2016 16:40:00,Strada Urbana,all'intersezione con,VIA DI BOCCEA,PIAZZA IRNERIO,VIA DI BOCCEA,,,Scontro laterale fra veicoli in marcia,Incrocio,Due carreggiate,Bagnato (pioggia),Asfaltata,Verticale ed orizzontale,Sereno,Normale,Buona,Ore Diurne,0,0,0,2,"1,242,943","4,189,859",True
2696008,15,15/02/2016 16:45:00,Strada Urbana,da specificare,,VIA SENORBI,,,prossimit•À_ Via Orani,Tamponamento,Rettilineo,Una carreggiata a doppio senso,Asciutto,Asfaltata,Assente,Nuvoloso,Scarso,Sufficiente,Ore Diurne,0,0,0,3,"1,235,703","418,356",True
2696565,8,15/02/2016 16:50:00,,all'intersezione con,VIA POLIZZI GENEROSA,VIA ROCCALUMERA,VIA POLIZZI GENEROSA,,,Scontro laterale fra veicoli in marcia,,,,,,,,,,2,0,0,1,,,False
2696659,2,15/02/2016 17:00:00,Strada Urbana,da specificare,,CIRCONVALLAZIONE SALARIA,,,rampa di immissione su VIA SALARIA dir. stadio,Scontro laterale fra veicoli in marcia,Curva a visuale libera,Una carreggiata a senso unico di marcia,Asciutto,Asfaltata,Orizzontale,Nuvoloso,Intenso,Buona,Ore Diurne,0,0,0,2,"1,250,893","4,193,772",True
2696415,13,15/02/2016 17:00:00,Strada Urbana,in corrispondenza,del civico n.,VIALE DEI ROMAGNOLI,,2113,,Veicolo in marcia contro ostacolo fisso,Rettilineo,Una carreggiata a senso unico di marcia,Bagnato (umidit•À_ in atto),Asfaltata,Verticale ed orizzontale,Nuvoloso,Intenso,Sufficiente,Sufficiente,0,0,0,1,"123,628","4,178,507",False
2696854,16,15/02/2016 17:15:00,,in corrispondenza,del civico n.,VIALE DEI COLLI PORTUENSI,,548,,Scontro laterale fra veicoli in marcia,,,,,,,,,,1,0,0,3,,,False
2696443,12,15/02/2016 17:30:00,Strada Urbana,all'intersezione con,VIALE DELL'ESPERANTO,VIALE OCEANIA,VIALE DELL'ESPERANTO,,,Scontro frontale fra veicoli in marcia,Incrocio,Una carreggiata a doppio senso,Asciutto,Asfaltata,Assente,Nuvoloso,Scarso,Buona,Ore Diurne,0,0,0,3,"1,246,477","4,182,754",True
2710806,1,15/02/2016 18:10:00,Strada Urbana,all'intersezione con,LARGO GIOVANNI BATTISTA MARZI,VIA ALDO MANUZIO,LARGO GIOVANNI BATTISTA MARZI,,,Investimento di pedone,Incrocio,Una carreggiata a doppio senso,Asciutto,Asfaltata,Verticale ed orizzontale,Nuvoloso,Normale,Buona,Sufficiente,1,0,0,1,,,False
2696487,12,15/02/2016 18:30:00,Provinciale,all'intersezione semaforizzata con,VIA DI SPREGAMORE,VIA ARDEATINA,VIA DI SPREGAMORE,,,Veicolo in marcia contro ostacolo accidentale,Intersezione semaforizzata,Una carreggiata a doppio senso,Asciutto,Asfaltata,Verticale ed orizzontale,Nuvoloso,Normale,Buona,Sufficiente,0,0,0,1,"1,256,271","4,173,572",True
2696540,8,15/02/2016 18:30:00,,da specificare,,VIA DI LUNGHEZZINA,,,pross. uscita A24 dir. VIA POLENSE ,Scontro frontale/laterale SX fra veicoli in marcia,,,,,,,,,,1,0,0,3,,,False
2700615,18,15/02/2016 19:00:00,Statale entro l'abitato,in prossimit•À_,del civico n.,VIA AURELIA,,50,,Scontro laterale fra veicoli in marcia,Rettilineo,Una carreggiata a doppio senso,Bagnato (pioggia),Asfaltata,Verticale ed orizzontale,Pioggia in atto,Normale,Buona,Sufficiente,1,0,0,1,"1,245,246","4,189,987",True
2696056,19,15/02/2016 19:00:00,Strada Urbana,all'intersezione con,PIAZZA S. ZACCARIA PAPA,VIA FEDERICO BORROMEO,PIAZZA S. ZACCARIA PAPA,,,Scontro laterale fra veicoli in marcia,Incrocio,Una carreggiata a doppio senso,Bagnato (pioggia),Asfaltata,Verticale ed orizzontale,Pioggia in atto,Normale,Buona,Sufficiente,0,0,0,3,"1,241,494","4,191,651",True
2696866,16,15/02/2016 19:20:00,Strada Urbana,in prossimit•À_,del palo luce n.,VIA DELLA VIGNACCIA,,50,,Veicolo in marcia contro ostacolo accidentale,Pendenza,Una carreggiata a doppio senso,Bagnato (pioggia),Asfaltata,Assente,Nuvoloso,Scarso,Insufficiente,Inesistente,0,0,0,2,"124,022","4,187,401",False
2696404,20,15/02/2016 19:30:00,Comunale extraurbana,in prossimit•À_,del civico n.,VIA DI S. CORNELIA,,115,,Scontro frontale fra veicoli in marcia,Rettilineo,Una carreggiata a doppio senso,Bagnato (umidit•À_ in atto),Asfaltata,Orizzontale,Nuvoloso,Scarso,Sufficiente,Sufficiente,0,0,0,2,,,False
2696876,16,15/02/2016 19:50:00,,in corrispondenza,del civico n.,VIA CAMILLO SERAFINI,,40,,Investimento di pedone,,,,,,,,,,0,0,0,2,,,False
2696255,6,15/02/2016 20:30:00,Strada Urbana,in prossimit•À_,del civico n.,VIA DEGLI ANEMONI,,14,,Veicolo in marcia contro veicolo in sosta,Rettilineo,Una carreggiata a senso unico di marcia,Asciutto,Asfaltata,Assente,Sereno,Scarso,Sufficiente,Sufficiente,0,0,0,1,"1,256,641","4,187,569",False
2696403,19,15/02/2016 20:50:00,Strada Urbana,all'intersezione con,VIA GIUSTINO FORTUNATO,PIAZZA FILIPPO CARLI,VIA GIUSTINO FORTUNATO,,,Scontro frontale/laterale DX fra veicoli in marcia,Incrocio,Una carreggiata a senso unico di marcia,Asciutto,Asfaltata,Assente,Nuvoloso,Scarso,Sufficiente,Sufficiente,0,0,0,3,"124,667","4,194,661",True
2696783,1,15/02/2016 21:30:00,Strada Urbana,all'intersezione con,VIA CAIROLI,VIA PRINCIPE UMBERTO,VIA CAIROLI,,,Scontro frontale/laterale DX fra veicoli in marcia,Incrocio,Una carreggiata a senso unico di marcia,Asciutto,Asfaltata,Verticale ed orizzontale,Nuvoloso,Normale,Buona,Sufficiente,0,0,0,3,,,False
2698383,18,15/02/2016 21:45:00,Strada Urbana,all'intersezione con,LARGO GREGORIO XIII,VIA DI BOCCEA,LARGO GREGORIO XIII,,,Scontro frontale/laterale SX fra veicoli in marcia,Incrocio,Una carreggiata a doppio senso,Asciutto,Asfaltata,Verticale ed orizzontale,Nuvoloso,Scarso,Sufficiente,Sufficiente,2,0,0,0,"1,241,886","4,190,354",False
2696972,12,15/02/2016 21:45:00,Strada Urbana,da specificare,,VIALE FILIPPO TOMMASO MARINETTI,,,fronte civico 229,Veicolo in marcia contro ostacolo accidentale,Rettilineo,Due carreggiate,Bagnato (umidit•À_ in atto),Asfaltata,Verticale ed orizzontale,Nuvoloso,Scarso,Sufficiente,Sufficiente,0,0,0,1,"1,247,495","4,180,742",True
2697011,12,15/02/2016 21:55:00,Strada Urbana,da specificare,,VIALE FILIPPO TOMMASO MARINETTI,,,fronte civico 231,Veicolo in marcia contro ostacolo accidentale,Rettilineo,Due carreggiate,Bagnato (umidit•À_ in atto),Asfaltata,Verticale ed orizzontale,Nuvoloso,Scarso,Sufficiente,Sufficiente,0,0,0,1,"1,247,495","4,180,742",True
2696691,1,15/02/2016 23:30:00,Strada Urbana,da specificare,,PIAZZA DI PORTA MAGGIORE,,,VIA GIOLITTI,Scontro laterale fra veicoli in marcia,Rotatoria,Una carreggiata a senso unico di marcia,Asciutto,Asfaltata,Verticale ed orizzontale,Nuvoloso,Scarso,Sufficiente,Sufficiente,0,0,0,2,"1,251,466","4,189,179",False
2698230,17,16/02/2016,Strada Urbana,da specificare,,VIA DI PORTA PERTUSA,,,del fr. civ. 2B,Infortunio per sola frenata improvvisa,Curva senza visuale libera,Una carreggiata a senso unico di marcia,Asciutto,Asfaltata,Assente,Sereno,Normale,Buona,Ore Diurne,0,0,0,1,"1,244,612","4,190,146",False
2696905,16,16/02/2016 00:15:00,Strada Urbana,all'intersezione semaforizzata con,VIA VITELLIA,PIAZZA DI S. PANCRAZIO,VIA VITELLIA,,,Scontro frontale/laterale SX fra veicoli in marcia,Intersezione semaforizzata,Una carreggiata a doppio senso,Asciutto,Asfaltata,Verticale ed orizzontale,Sereno,Scarso,Buona,Sufficiente,0,0,0,3,"1,245,573","4,188,491",True
2696291,10,16/02/2016 00:20:00,,all'intersezione con,VIA PIETRO SOMMARIVA,VIALE DEI ROMANISTI,VIA PIETRO SOMMARIVA,,,Scontro frontale/laterale SX fra veicoli in marcia,,,,,,,,,,1,0,0,0,,,False
2696662,2,16/02/2016 01:20:00,Strada Urbana,in prossimit•À_,del civico n.,VIA NOMENTANA,,491,,Scontro laterale fra veicoli in marcia,Rettilineo,Due carreggiate,Asciutto,Asfaltata,Verticale ed orizzontale,Nuvoloso,Scarso,Buona,Sufficiente,0,0,0,2,"1,252,512","4,192,868",True
2696304,9,16/02/2016 01:30:00,,all'intersezione semaforizzata con,VIA QUINTO PUBLICIO,VIALE PALMIRO TOGLIATTI,VIA QUINTO PUBLICIO,,,Scontro frontale/laterale SX fra veicoli in marcia,,,,,,,,,,4,0,0,1,,,False
2698459,16,16/02/2016 03:30:00,Strada Urbana,da specificare,,VIA PORTUENSE,,,cavalcavia I.Newton direzione V. Trullo,Veicolo in marcia contro ostacolo fisso,Cavalcavia,Una carreggiata a senso unico di marcia,Asciutto,Asfaltata,Verticale ed orizzontale,Sereno,Scarso,Buona,Sufficiente,1,0,0,1,"1,240,939","4,184,342",False
2696926,3,16/02/2016 06:50:00,,all'intersezione con,VIA DELLA MARSICA,VIA LIVORNO,VIA DELLA MARSICA,,,Scontro frontale fra veicoli in marcia,,,,,,,,,,1,0,0,1,,,False
2696302,10,16/02/2016 06:50:00,Strada Urbana,all'intersezione semaforizzata con,VIALE SPARTACO,VIA DEL QUADRARO,VIALE SPARTACO,,,Scontro frontale/laterale SX fra veicoli in marcia,Intersezione stradale segnalata,Una carreggiata a senso unico di marcia,Asciutto,Asfaltata,Verticale ed orizzontale,Nuvoloso,Normale,Buona,Ore Diurne,0,0,0,2,"1,255,385","4,185,879",True
2696816,1,16/02/2016 07:50:00,Strada Urbana,all'intersezione con,VIA LABICANA,PIAZZA DEL COLOSSEO,VIA LABICANA,,,Scontro laterale fra veicoli in marcia,Intersezione semaforizzata,Due carreggiate,Asciutto,Asfaltata,Verticale ed orizzontale,Nuvoloso,Intenso,Buona,Ore Diurne,0,0,0,3,,,False
2696451,6,16/02/2016 08:10:00,Strada Urbana,all'intersezione con,VIA CORI,VIA FORMIA,VIA CORI,,,Scontro laterale fra veicoli in marcia,Incrocio,Una carreggiata a senso unico di marcia,Bagnato (umidit•À_ in atto),Asfaltata,Verticale ed orizzontale,Nuvoloso,Normale,Buona,Ore Diurne,0,0,0,2,"1,254,938","4,188,679",True
2698017,7,16/02/2016 08:20:00,Strada Urbana,all'intersezione semaforizzata con,VIALE DEI ROMANISTI,VIALE PALMIRO TOGLIATTI,VIALE DEI ROMANISTI,,,Scontro laterale fra veicoli in marcia,Intersezione semaforizzata,Due carreggiate,Asciutto,Asfaltata,Verticale ed orizzontale,Sereno,Normale,Buona,Ore Diurne,0,0,0,2,"1,257,339","4,188,769",False
2696531,10,16/02/2016 08:20:00,Strada Urbana,in corrispondenza,del civico n.,VIA DI PASSO LOMBARDO,,29,,Tamponamento Multiplo,Curva a visuale libera,Una carreggiata a doppio senso,Bagnato (umidit•À_ in atto),Asfaltata,Assente,Nuvoloso,Normale,Buona,Ore Diurne,2,0,0,2,,,False
2697922,10,16/02/2016 08:30:00,Strada Urbana,in corrispondenza,del civico n.,VIA DEL QUADRARO,,68,,Veicolo in marcia contro veicolo in sosta,Rettilineo,Due carreggiate,Asciutto,Asfaltata,Verticale ed orizzontale,Nuvoloso,Normale,Buona,Ore Diurne,0,0,0,1,"1,255,303","4,185,618",False
2696851,1,16/02/2016 08:30:00,Strada Urbana,in prossimit•À_,del civico n.,VIA TATA GIOVANNI,,6,,Scontro frontale/laterale SX fra veicoli in marcia,Curva a visuale libera,Una carreggiata a doppio senso,Asciutto,Asfaltata,Verticale ed orizzontale,Nuvoloso,Scarso,Buona,Ore Diurne,1,0,0,1,"1,248,839","4,187,657",False
2698342,2,16/02/2016 09:30:00,Strada Urbana,in corrispondenza,del civico n.,PIAZZA SANTIAGO DEL CILE,,12,,Scontro frontale/laterale DX fra veicoli in marcia,Rotatoria,Una carreggiata a senso unico di marcia,Asciutto,Asfaltata,Verticale ed orizzontale,Sereno,Normale,Buona,Ore Diurne,0,0,0,3,"1,248,681","4,192,591",True
2696837,18,16/02/2016 09:30:00,Strada Urbana,in corrispondenza,del civico n.,VIA CORNELIA,,80,,Investimento di pedone,Rettilineo,Una carreggiata a doppio senso,Bagnato (pioggia),Asfaltata,Verticale ed orizzontale,Nuvoloso,Normale,Buona,Ore Diurne,2,0,0,0,"1,239,426","4,190,679",True
2698358,2,16/02/2016 10:20:00,Strada Urbana,all'intersezione semaforizzata con,VIA ANTONIO GRAMSCI,VIALE BRUNO BUOZZI,VIA ANTONIO GRAMSCI,,,Scontro laterale fra veicoli in marcia,Intersezione semaforizzata,Una carreggiata a doppio senso,Asciutto,Asfaltata,Verticale ed orizzontale,Nuvoloso,Normale,Buona,Ore Diurne,0,0,0,2,"1,247,897","4,191,964",True
2697894,8,16/02/2016 10:25:00,,da specificare,,VIA DI LUNGHEZZINA,,,200 m prima inters. Via Polense,Veicolo in marcia contro ostacolo accidentale,,,,,,,,,,0,0,0,1,,,False
2697920,8,16/02/2016 10:30:00,,da specificare,,VIA DI LUNGHEZZINA,,,200 m prima inters. Via Polense,Veicolo in marcia contro ostacolo accidentale,,,,,,,,,,0,0,0,2,,,False
2696795,10,16/02/2016 10:30:00,Statale entro l'abitato,in prossimit•À_,del palo luce n.,VIA APPIA NUOVA,,800,,Tamponamento,Rettilineo,Due carreggiate,Asciutto,Asfaltata,Orizzontale,Nuvoloso,Normale,Buona,Ore Diurne,2,0,0,0,"125,516","4,183,656",True
2697925,8,16/02/2016 10:35:00,,da specificare,,VIA DI LUNGHEZZINA,,,200 m prima inters. Via Polense,Veicolo in marcia contro ostacolo accidentale,,,,,,,,,,0,0,0,1,,,False
2698081,4,16/02/2016 10:40:00,Strada Urbana,in corrispondenza,del civico n.,VIALE JONIO,,182,,Scontro laterale fra veicoli in marcia,Rettilineo,Due carreggiate,Asciutto,Asfaltata,Verticale,Nuvoloso,Normale,Buona,Ore Diurne,0,0,0,2,"1,253,535","4,194,465",True
2697859,13,16/02/2016 10:40:00,Strada Urbana,da specificare,,CORSO DUCA DI GENOVA,,,in prossimit•À_ di Via delle Sirene,Veicolo in marcia contro ostacolo accidentale,Rettilineo,Una carreggiata a doppio senso,Asciutto,Asfaltata,Verticale ed orizzontale,Nuvoloso,Normale,Buona,Ore Diurne,1,0,0,0,"1,227,145","4,173,394",False
2698355,2,16/02/2016 10:45:00,Strada Urbana,da specificare,,VIA SALARIA,,,alt. VIA DEL FORO ITALICO dir. GRA,Veicolo in marcia contro ostacolo accidentale,Rettilineo,Due carreggiate,Sdrucciolevole (pietrisco),Asfaltata,Orizzontale,Nuvoloso,Normale,Buona,Ore Diurne,0,0,0,1,"1,250,934","4,193,529",True
2698138,17,16/02/2016 11:05:00,Strada Urbana,all'intersezione semaforizzata con,VIA GIOVANNI NICOTERA,PIAZZA DELLE CINQUE GIORNATE,VIA GIOVANNI NICOTERA,,,Scontro frontale/laterale SX fra veicoli in marcia,Intersezione semaforizzata,Due carreggiate,Asciutto,Asfaltata,Verticale ed orizzontale,Nuvoloso,Normale,Buona,Ore Diurne,0,0,0,2,"1,246,849","4,191,536",False
2698103,4,16/02/2016 11:25:00,Strada Urbana,da specificare,,VIA AMALIA BETTINI,,,prossimit•À_ rotatoria con viale G. Cervi,Scontro laterale fra veicoli in marcia,Curva a visuale libera,Due carreggiate,Asciutto,Asfaltata,Verticale ed orizzontale,Nuvoloso,Normale,Buona,Ore Diurne,0,0,0,2,"125,308","4,196,488",True
2698771,12,16/02/2016 11:45:00,Provinciale,in prossimit•À_,della chilometrica,VIA PONTINA,,14.5,,Tamponamento Multiplo,Rettilineo,Pi•À_ di due carreggiate,Asciutto,Asfaltata,Verticale ed orizzontale,Nuvoloso,Intenso,Buona,Ore Diurne,0,0,0,4,"1,244,823","4,178,438",True
2707533,1,16/02/2016 11:55:00,Strada Urbana,in corrispondenza,del palo luce n.,PONTE GARIBALDI,,4,,Tamponamento Multiplo,Rettilineo,Una carreggiata a doppio senso,Asciutto,Asfaltata,Verticale ed orizzontale,Nuvoloso,Normale,Buona,Ore Diurne,1,0,0,2,,,False
2697866,9,16/02/2016 12:15:00,Strada Urbana,in corrispondenza,del civico n.,VIA ACAIA,,52C,,Veicolo in marcia contro veicolo in sosta,Rettilineo,Una carreggiata a doppio senso,Asciutto,Asfaltata,Orizzontale,Nuvoloso,Normale,Buona,Ore Diurne,0,0,0,1,,,False
2697927,8,16/02/2016 12:20:00,,da specificare,,VIA DI LUNGHEZZINA,,,200 m prima inters. Via Polense,Veicolo in marcia contro ostacolo accidentale,,,,,,,,,,0,0,0,1,,,False
2697123,2,16/02/2016 12:30:00,Strada Urbana,in prossimit•À_,del civico n.,VIALE SOMALIA,,201,,Scontro frontale/laterale SX fra veicoli in marcia,Rettilineo,Una carreggiata a doppio senso,Asciutto,Asfaltata,Temporanea di cantiere,Sereno,Normale,Buona,Ore Diurne,0,0,0,2,"1,251,844","4,193,503",True
2696912,15,16/02/2016 12:30:00,Strada Urbana,in prossimit•À_,del civico n.,VIA DELLA MAGLIANA,,259/d,,Scontro frontale/laterale DX fra veicoli in marcia,Rettilineo,Una carreggiata a doppio senso,Asciutto,Asfaltata,Orizzontale,Nuvoloso,Normale,Buona,Ore Diurne,0,0,0,2,"1,245,724","4,184,639",True
2701290,18,16/02/2016 12:30:00,Strada Urbana,in prossimit•À_,del civico n.,VIA DI CASAL DEL MARMO,,717,,Scontro frontale fra veicoli in marcia,Rettilineo,Una carreggiata a doppio senso,Asciutto,Asfaltata,Verticale ed orizzontale,Sereno,Normale,Buona,Ore Diurne,1,0,0,2,"1,238,342","4,191,915",True
2697944,20,16/02/2016 12:45:00,Strada Urbana,all'intersezione con,VIA FORNACI DI TOR DI QUINTO,VIALE DI TOR DI QUINTO,VIA FORNACI DI TOR DI QUINTO,,,Infortunio per sola frenata improvvisa,Incrocio,Una carreggiata a doppio senso,Asciutto,Asfaltata,Verticale ed orizzontale,Nuvoloso,Normale,Buona,Ore Diurne,1,0,0,1,,,False
2698194,17,16/02/2016 12:50:00,Strada Urbana,in corrispondenza,del civico n.,VIA DI VILLA MADAMA,,5,,Investimento di pedone,Rettilineo,Una carreggiata a doppio senso,Asciutto,Asfaltata,Verticale ed orizzontale,Nuvoloso,Scarso,Buona,Ore Diurne,1,0,0,1,"1,245,648","4,192,469",False
2697898,19,16/02/2016 13:00:00,Strada Urbana,in prossimit•À_,del civico n.,VIA TRIONFALE,,11301,,Veicolo in marcia contro ostacolo accidentale,Rettilineo,Una carreggiata a doppio senso,Asciutto,Asfaltata,Orizzontale,Sereno,Normale,Buona,Ore Diurne,0,0,0,1,"1,241,071","4,196,032",True
2702747,12,16/02/2016 13:35:00,Strada Urbana,all'intersezione con,VIA CRISTOFORO COLOMBO,VIALE EUROPA,VIA CRISTOFORO COLOMBO,,,Scontro frontale/laterale DX fra veicoli in marcia,Incrocio,Una carreggiata a doppio senso,Asciutto,Asfaltata,Verticale ed orizzontale,Sereno,Normale,Buona,Ore Diurne,0,0,0,3,"1,246,955","4,183,075",True
2697917,20,16/02/2016 14:00:00,Strada Urbana,in prossimit•À_,del civico n.,VIA FLAMINIA,,1440,,Scontro laterale fra veicoli in marcia,Rettilineo,Una carreggiata a doppio senso,Asciutto,Asfaltata,Assente,Sereno,Normale,Buona,Ore Diurne,0,0,0,3,,,False
2697869,13,16/02/2016 14:10:00,Strada Urbana,all'intersezione con,VIA DELLE TARTANE,VIA DELLA TOLDA,VIA DELLE TARTANE,,,Scontro frontale/laterale DX fra veicoli in marcia,Incrocio,Una carreggiata a doppio senso,Asciutto,Asfaltata,Verticale,Nuvoloso,Normale,Buona,Ore Diurne,1,0,0,1,"1,229,314","4,172,575",False
2697178,4,16/02/2016 14:15:00,Strada Urbana,da specificare,,VIALE JONIO,,,prossimit•À_ intersezione con via Capraia,Scontro laterale fra veicoli in marcia,Rettilineo,Due carreggiate,Asciutto,Asfaltata,Orizzontale,Nuvoloso,Normale,Buona,Ore Diurne,0,0,0,2,"1,253,666","4,194,396",True
2698714,12,16/02/2016 14:30:00,Strada Urbana,in corrispondenza,del civico n.,VIALE CESARE PAVESE,,267,,Veicolo in marcia contro veicolo in sosta,Rettilineo,Due carreggiate,Asciutto,Asfaltata,Verticale ed orizzontale,Nuvoloso,Normale,Buona,Ore Diurne,0,0,0,1,"1,246,944","4,181,711",True
2698862,1,16/02/2016 15:00:00,Strada Urbana,in prossimit•À_,del civico n.,VIALE DI TRASTEVERE,,18,,Veicolo in marcia contro veicolo in sosta,Rettilineo,Pi•À_ di due carreggiate,Asciutto,Asfaltata,Verticale ed orizzontale,Sereno,Normale,Buona,Ore Diurne,0,0,0,1,"1,247,327","4,188,815",False
2697943,8,16/02/2016 15:00:00,,in prossimit•À_,del civico n.,VIA AVOLA,,25,,Veicolo in marcia contro ostacolo accidentale,,,,,,,,,,0,0,0,1,,,False
2697243,9,16/02/2016 15:00:00,Strada Urbana,in prossimit•À_,del civico n.,VIA SOANA,,34,,Veicolo in marcia contro veicolo arresto,Rettilineo,Una carreggiata a doppio senso,Asciutto,Asfaltata,Orizzontale,Sereno,Normale,Buona,Ore Diurne,0,0,0,4,,,False
2697526,2,16/02/2016 15:00:00,Strada Urbana,da specificare,,VIALE DEL MURO TORTO,,,alt. Via del Galoppatoio.,Scontro frontale/laterale SX fra veicoli in marcia,Rettilineo,Pi•À_ di due carreggiate,Asciutto,Asfaltata,Orizzontale,Sereno,Normale,Buona,Ore Diurne,1,0,0,1,,,False
2697872,13,16/02/2016 15:30:00,,da specificare,,VIALE DEI ROMAGNOLI,,,in prossimit•À_ di Via Pericle Ducati,Scontro laterale fra veicoli in marcia,,,,,,,,,,0,0,0,4,"123,032","4,176,066",False
2697873,15,16/02/2016 15:30:00,Strada Urbana,in corrispondenza,del civico n.,VIA DELLA MAGLIANA,,162,,Veicolo in marcia contro veicoli in sosta,Curva a visuale libera,Una carreggiata a doppio senso,Asciutto,Asfaltata,Verticale ed orizzontale,Nuvoloso,Normale,Buona,Ore Diurne,0,0,0,1,"1,245,886","4,185,188",True
2698481,23,16/02/2016 15:50:00,Comunale extraurbana,all'intersezione semaforizzata con,VIA PINDARO,VIA CRISTOFORO COLOMBO,VIA PINDARO,,,Scontro frontale/laterale DX fra veicoli in marcia,Intersezione semaforizzata,Pi•À_ di due carreggiate,Asciutto,Asfaltata,Verticale ed orizzontale,Sereno,Normale,Buona,Ore Diurne,3,0,0,0,"1,236,961","4,175,497",False
2698360,2,16/02/2016 15:50:00,Strada Urbana,all'intersezione con,VIA BRESSANONE,PIAZZA DI S. COSTANZA,VIA BRESSANONE,,,Veicolo in marcia contro veicolo fermo,Incrocio,Una carreggiata a senso unico di marcia,Asciutto,Asfaltata,Verticale ed orizzontale,Nuvoloso,Intenso,Buona,Ore Diurne,0,0,0,3,"1,251,616","4,192,204",True
2697861,11,16/02/2016 15:50:00,Strada Urbana,all'intersezione con,VIA APPIA ANTICA,VIA APPIA PIGNATELLI,VIA APPIA ANTICA,,,Scontro laterale fra veicoli in marcia,Incrocio,Una carreggiata a senso unico di marcia,Asciutto,Asfaltata,Verticale ed orizzontale,Sereno,Normale,Buona,Ore Diurne,0,0,0,2,"125,357","4,184,614",True
2697842,5,16/02/2016 16:10:00,Strada Urbana,in prossimit•À_,del civico n.,VIA AUGUSTO MAMMUCARI,,35,,Scontro laterale fra veicoli in marcia,Rettilineo,Una carreggiata a doppio senso,Asciutto,Asfaltata,Assente,Sereno,Normale,Buona,Ore Diurne,0,0,0,2,"125,647","4,191,636",True
2697883,5,16/02/2016 16:30:00,,da specificare,,VIALE KANT,,,direzione Galbani 35 mt. oltre via Fiori,Tamponamento,,,,,,,,,,1,0,0,0,,,False
2697406,4,16/02/2016 16:40:00,Strada Urbana,all'intersezione con,VIA MONTE SIRINO,VIA MONTE MASSICO,VIA MONTE SIRINO,,,Scontro frontale/laterale DX fra veicoli in marcia,Incrocio,Una carreggiata a doppio senso,Asciutto,Asfaltata,Verticale ed orizzontale,Sereno,Scarso,Buona,Ore Diurne,0,0,0,6,"1,253,196","419,513",True
2698067,4,16/02/2016 16:50:00,,in corrispondenza,del civico n.,VIA CAVRIGLIA,,29,,Scontro laterale fra veicoli in marcia,,,,,,,,,,0,0,0,2,"1,251,405","4,194,831",False
2698661,12,16/02/2016 17:20:00,Provinciale,da specificare,,VIA DELLA FALCOGNANA,,,prossimit•À_ Via Paduli,Scontro laterale fra veicoli in marcia,Curva a visuale libera,Una carreggiata a doppio senso,Bagnato (pioggia),Asfaltata,Verticale,Nuvoloso,Normale,Insufficiente,Inesistente,1,0,0,3,,,False
2697937,20,16/02/2016 17:25:00,Regionale entro l'abitato,in corrispondenza,del civico n.,VIA CASSIA,,1822,,Scontro frontale/laterale DX fra veicoli in marcia,Rettilineo,Una carreggiata a doppio senso,Asciutto,Asfaltata,Verticale ed orizzontale,Nuvoloso,Normale,Buona,Ore Diurne,1,0,0,1,,,False
2697935,8,16/02/2016 17:30:00,,da specificare,,VIA DI PASSOLOMBARDO,,,altezza Via Berkeley,Veicolo in marcia contro ostacolo accidentale,,,,,,,,,,0,0,0,1,,,False
2697870,5,16/02/2016 17:30:00,Strada Urbana,all'intersezione con,VIA ALDO SANDULLI,VIA DONATO MENICHELLA,VIA ALDO SANDULLI,,,Scontro laterale fra veicoli in marcia,Incrocio,Una carreggiata a senso unico di marcia,Asciutto,Asfaltata,Verticale ed orizzontale,Nuvoloso,Normale,Sufficiente,Sufficiente,0,0,0,2,"1,258,585","4,194,788",True
2697877,13,16/02/2016 17:45:00,Strada Urbana,da specificare,,VIA ISOLE SALOMONE,,,in prossimit•À_ di Via delle Azzorre,Veicolo in marcia contro ostacolo accidentale,Rettilineo,Una carreggiata a doppio senso,Bagnato (pioggia),Asfaltata,Assente,Pioggia in atto,Scarso,Insufficiente,Ore Diurne,0,0,0,1,"1,227,597","4,174,153",False
2697948,20,16/02/2016 17:50:00,Strada Urbana,da specificare,,VIA DEL FORO ITALICO,,,(rampa di uscita per VIA ANTONINO DI SAN GIULIANO),Veicolo in marcia contro ostacolo accidentale,Curva senza visuale libera,Una carreggiata a senso unico di marcia,Bagnato (pioggia),Asfaltata,Verticale ed orizzontale,Pioggia in atto,Normale,Insufficiente,Inesistente,0,0,0,1,,,False