ID,Gruppo,_DataOraIncidente,_Localizzazione1,_Localizzazione2,Strada02,Strada1,Strada2,Chilometrica,DaSpecificare,_NaturaIncidente,_ParticolaritaStrade,_TipoStrada,_FondoStradale,_Pavimentazione,_Segnaletica,_CondizioneAtmosferica,_Traffico,_Visibilita,_Illuminazione,NUM_FERITI,_NUM_RISERVATA,_NUM_MORTI,_NUM_ILLESI,Longitudine,Latitudine,CONFERMATO
2698000,20,16/02/2016 17:51:00,Strada Urbana,da specificare,,VIA DEL FORO ITALICO,,,(rampa di uscita per VIA ANTONINO DI SAN GIULIANO),Veicolo in marcia contro ostacolo accidentale,Curva senza visuale libera,Una carreggiata a senso unico di marcia,Bagnato (pioggia),Asfaltata,Verticale ed orizzontale,Pioggia in atto,Normale,Insufficiente,Inesistente,0,0,0,1,,,False
2697904,9,16/02/2016 18:00:00,,in corrispondenza,del civico n.,VIA DELL'ARCO DI TRAVERTINO,,16,,Veicolo in marcia contro veicolo in sosta,,,,,,,,,,1,0,0,0,,,False
2697850,15,16/02/2016 18:00:00,Strada Urbana,da specificare,,PIAZZA ANTONIO MEUCCI,,,fronte civico 5,Scontro laterale fra veicoli in marcia,Rettilineo,Una carreggiata a senso unico di marcia,Asciutto,Asfaltata,Verticale ed orizzontale,Nuvoloso,Intenso,Insufficiente,Insufficiente,1,0,0,1,"1,246,412","4,186,221",True
2701558,12,16/02/2016 18:00:00,Provinciale entro l'abitato,in prossimit•À_,del civico n.,VIA PONTINA,,343,,Scontro laterale fra veicoli in marcia,Rettilineo,Una carreggiata a senso unico di marcia,Asciutto,Asfaltata,Verticale ed orizzontale,Sereno,Normale,Sufficiente,Sufficiente,0,0,0,2,"1,245,238","4,179,364",False
2698175,4,16/02/2016 18:00:00,,all'intersezione semaforizzata con,VIA ANTONIO DE CURTIS,VIA GIOVANNI CONTI,VIA ANTONIO DE CURTIS,,,Scontro laterale fra veicoli in marcia,,,,,,,,,,1,0,0,2,"1,253,109","4,195,456",False
2698323,2,16/02/2016 18:20:00,Strada Urbana,in corrispondenza,del civico n.,VIA GIACOMO PUCCINI,,12,,Scontro laterale fra veicoli in marcia,Rettilineo,Una carreggiata a doppio senso,Asciutto,Asfaltata,Verticale ed orizzontale,Nuvoloso,Normale,Buona,Sufficiente,0,0,0,2,"1,249,256","4,191,217",True
2697997,6,16/02/2016 18:20:00,Strada Urbana,in prossimit•À_,del civico n.,VIA ROBERTO MALATESTA,,308,,Scontro laterale fra veicoli in marcia,Rettilineo,,Bagnato (pioggia),Asfaltata,Verticale ed orizzontale,Nuvoloso,Normale,Sufficiente,Sufficiente,0,0,0,3,,,False
2697862,15,16/02/2016 18:25:00,,in prossimit•À_,del civico n.,VIA DELLA MAGLIANA NUOVA,,175,,Investimento di pedone,,,,,,,,,,1,0,0,1,,,False
2697882,13,16/02/2016 19:00:00,,all'intersezione con,VIA DEL FOSSO DI DRAGONCELLO,VIA AGOSTINO CHIGI,VIA DEL FOSSO DI DRAGONCELLO,,,Scontro frontale/laterale SX fra veicoli in marcia,,,,,,,,,,0,0,0,3,"1,232,396","4,176,817",False
2697940,11,16/02/2016 19:10:00,Strada Urbana,da specificare,,VIA DI TORRICOLA,,,100 mt dopo civ.140 direz.Ardeatina,Scontro laterale fra veicoli in marcia,Rettilineo,Una carreggiata a doppio senso,Asciutto,Asfaltata,Verticale ed orizzontale,Nuvoloso,Scarso,Insufficiente,Inesistente,0,0,0,9,"1,254,023","4,181,163",True
2697893,15,16/02/2016 19:10:00,,da specificare,,VIADOTTO DELLA MAGLIANA,,,rampa immissione a VIa della Magliana  ,Scontro laterale fra veicoli in marcia,,,,,,,,,,0,0,0,3,,,False
2698373,12,16/02/2016 19:30:00,Provinciale,in corrispondenza,della chilometrica,VIA LAURENTINA,,14,,Tamponamento,Rettilineo,Una carreggiata a doppio senso,Asciutto,Asfaltata,Temporanea di cantiere,Nuvoloso,Normale,Sufficiente,Inesistente,0,0,0,0,,,False
2698376,2,16/02/2016 19:35:00,Strada Urbana,all'intersezione con,VIA DELLE VALLI,PIAZZA GONDAR,VIA DELLE VALLI,,,Tamponamento,Intersezione semaforizzata,Due carreggiate,Asciutto,Asfaltata,Verticale ed orizzontale,Sereno,Normale,Buona,Sufficiente,0,0,0,2,"1,252,092","4,193,333",True
2697835,11,16/02/2016 19:50:00,Strada Urbana,da specificare,,VIA PAOLO DI DONO,,,fronte civ. 145,Veicolo in marcia contro veicolo in sosta,Rettilineo,Una carreggiata a doppio senso,Asciutto,Asfaltata,Orizzontale,Nuvoloso,Scarso,Buona,Sufficiente,0,0,0,1,"1,249,322","4,182,866",False
2698896,1,16/02/2016 20:35:00,Strada Urbana,in prossimit•À_,del palo luce n.,PIAZZA DI PORTA S. GIOVANNI,,62,,Scontro laterale fra veicoli in marcia,Rettilineo,Una carreggiata a doppio senso,Asciutto,Asfaltata,Verticale ed orizzontale,Nuvoloso,Normale,Sufficiente,Sufficiente,0,0,0,3,,,False
2697890,5,16/02/2016 20:56:00,Strada Urbana,da specificare,,VIALE DEL TECNOPOLO,,,altezza via G. Caputo ,Scontro laterale fra veicoli in marcia,Rettilineo,Due carreggiate,Asciutto,Asfaltata,Verticale ed orizzontale,Sereno,Scarso,Sufficiente,Sufficiente,0,0,0,2,"1,263,582","4,192,973",True
2698926,1,16/02/2016 21:45:00,Strada Urbana,all'intersezione con,PIAZZA DELLA CANCELLERIA,CORSO VITTORIO EMANUELE II,PIAZZA DELLA CANCELLERIA,,,Veicolo in marcia contro veicolo in sosta,Incrocio,Una carreggiata a doppio senso,Asciutto,In cubetti di porfido,Verticale ed orizzontale,Nuvoloso,Normale,Buona,Sufficiente,0,0,0,1,,,False
2698429,16,16/02/2016 23:50:00,,in prossimit•À_,del civico n.,VIA ODERISI DA GUBBIO,,192,,Veicolo in marcia contro veicolo in sosta,,,,,,,,,,0,0,0,1,"1,246,483","4,186,461",False
2698051,7,17/02/2016 01:50:00,,all'intersezione con,LARGO CAMERANO,VIA PIEVEBOVIGLIANA,LARGO CAMERANO,,,Scontro frontale/laterale SX fra veicoli in marcia,,,,,,,,,,0,0,0,3,,,False
2697946,8,17/02/2016 03:30:00,Strada Urbana,da specificare,,VIA TUSCOLANA,,,altezza ponte GRA dir. Roma centro,Veicolo in marcia contro ostacolo fisso,Curva senza visuale libera,Una carreggiata a senso unico di marcia,Bagnato (umidit•À_ in atto),Asfaltata,Verticale ed orizzontale,Nuvoloso,Scarso,Buona,Sufficiente,0,0,0,1,"125,878","4,184,051",True
2699544,8,17/02/2016 05:00:00,Strada Urbana,in prossimit•À_,del civico n.,VIALE DI TORRE MAURA,,76,,Veicolo in marcia contro ostacolo accidentale,Rettilineo,Due carreggiate,Bagnato (umidit•À_ in atto),Con buche,Verticale,Nuvoloso,Scarso,Sufficiente,Sufficiente,0,0,0,2,,,False
2700267,3,17/02/2016 05:50:00,,all'intersezione con,VIA MASANIELLO,VIA TIBURTINA,VIA MASANIELLO,,,Tamponamento,,,,,,,,,,1,0,0,2,,,False
2697921,6,17/02/2016 06:25:00,Provinciale entro l'abitato,in corrispondenza,del civico n.,VIA PRENESTINA,,248,,Infortunio per caduta del veicolo,Rettilineo,Pi•À_ di due carreggiate,Bagnato (pioggia),Asfaltata,Orizzontale,Nuvoloso,Normale,Buona,Ore Diurne,1,0,0,0,,,False
2699507,20,17/02/2016 06:30:00,Regionale entro l'abitato,in corrispondenza,del civico n.,VIA FLAMINIA,,860,,Veicolo in marcia contro ostacolo fisso,Rettilineo,Due carreggiate,Bagnato (umidit•À_ in atto),Asfaltata,Verticale ed orizzontale,Nuvoloso,Scarso,Sufficiente,Sufficiente,4,0,0,0,,,False
2699659,5,17/02/2016 06:40:00,Strada Urbana,all'intersezione con,VIA EUGENIO TORELLI VIOLLIER,LARGO ANTONIO BELTRAMELLI,VIA EUGENIO TORELLI VIOLLIER,,,Scontro frontale/laterale DX fra veicoli in marcia,Intersezione stradale segnalata,Una carreggiata a senso unico di marcia,Bagnato (pioggia),Asfaltata,Verticale ed orizzontale,Nuvoloso,Normale,Buona,Ore Diurne,0,0,0,3,,,False
2699605,8,17/02/2016 06:45:00,Strada Urbana,in prossimit•À_,del civico n.,VIA COLUMBIA,,582,,Ribaltamento senza urto contro ostacolo fisso,Rettilineo,Una carreggiata a doppio senso,Bagnato (umidit•À_ in atto),Asfaltata,Orizzontale,Nuvoloso,Normale,Buona,Ore Diurne,1,0,0,0,"1,261,876","4,185,263",True
2699607,8,17/02/2016 07:05:00,Strada Urbana,in prossimit•À_,del civico n.,VIA DI TORRE SPACCATA,,110,,Scontro frontale/laterale SX fra veicoli in marcia,Rettilineo,Una carreggiata a doppio senso,Bagnato (pioggia),Asfaltata,Verticale ed orizzontale,Nuvoloso,Normale,Buona,Ore Diurne,0,0,0,2,"1,258,754","4,185,804",False
2700061,4,17/02/2016 07:10:00,,all'intersezione con,VIA CORTONA,VIA SALARIA,VIA CORTONA,,,Scontro laterale fra veicoli in marcia,,,,,,,,,,0,0,0,5,"1,250,636","4,196,534",False
2700347,3,17/02/2016 07:15:00,Strada Urbana,da specificare,,CIRCONVALLAZIONE TIBURTINA,,,direzione S.Giovanni fronte Easy Box,Tamponamento Multiplo,Rettilineo,Due carreggiate,Bagnato (umidit•À_ in atto),Asfaltata,Verticale,Nuvoloso,Intenso,Buona,Ore Diurne,0,0,0,4,"1,252,804","4,189,941",False
2698274,6,17/02/2016 07:40:00,Strada Urbana,all'intersezione con,VIA PIETRO RUGA,VIA LEONARDO BUFALINI,VIA PIETRO RUGA,,,Scontro frontale/laterale DX fra veicoli in marcia,Intersezione stradale segnalata,Due carreggiate,Bagnato (umidit•À_ in atto),Asfaltata,Verticale ed orizzontale,Nuvoloso,Normale,Buona,Ore Diurne,1,0,0,1,,,False
2699675,7,17/02/2016 07:40:00,Strada Urbana,all'intersezione con,VIA RAFFAELE COSTI,VIA DI TOR CERVARA,VIA RAFFAELE COSTI,,,Scontro frontale/laterale DX fra veicoli in marcia,Intersezione stradale segnalata,Una carreggiata a doppio senso,Asciutto,Asfaltata,Verticale ed orizzontale,Nuvoloso,Intenso,Buona,Ore Diurne,0,0,0,2,"1,258,855","4,190,877",True
2698021,9,17/02/2016 07:45:00,Strada Urbana,all'intersezione con,VIA RAFFAELE DE CESARE,VIA TOMMASO FORTIFIOCCA,VIA RAFFAELE DE CESARE,,,Scontro laterale fra veicoli in marcia,Incrocio,Una carreggiata a senso unico di marcia,Asciutto,Asfaltata,Verticale ed orizzontale,Sereno,Normale,Buona,Ore Diurne,0,0,0,2,"1,252,106","4,187,225",True
2698472,16,17/02/2016 07:45:00,,all'intersezione con,VIA ALESSANDRO SANTINI,VIA DEL CASALE LUMBROSO,VIA ALESSANDRO SANTINI,,,Scontro frontale/laterale DX fra veicoli in marcia,,,,,,,,,,1,0,0,1,"1,235,754","4,187,695",False
2699642,11,17/02/2016 07:50:00,,all'intersezione con,VIA CRISTOFORO COLOMBO,VIA ALESSANDRO SEVERO,VIA CRISTOFORO COLOMBO,,,Scontro frontale fra veicoli in marcia,,,,,,,,,,4,0,0,0,,,False
2698066,4,17/02/2016 08:10:00,Strada Urbana,in prossimit•À_,del palo luce n.,VIA DELLE VALLI,,63,,Scontro laterale fra veicoli in marcia,Rettilineo,Due carreggiate,Asciutto,Asfaltata,Orizzontale,Nuvoloso,Normale,Buona,Ore Diurne,1,0,0,1,"1,252,395","4,193,592",False
2699641,5,17/02/2016 08:10:00,Strada Urbana,da specificare,,VIA TIBURTINA,,,altezza via di Portonaccio,Tamponamento Multiplo,Rettilineo,Una carreggiata a doppio senso,Asciutto,Asfaltata,Orizzontale,Nuvoloso,Intenso,Buona,Ore Diurne,0,0,0,4,"3,530,007","2,719,942",True
2699085,13,17/02/2016 08:15:00,Strada Urbana,da specificare,,VIA DI MACCHIA SAPONARA,,,ALT.CIV. 152,Scontro frontale/laterale DX fra veicoli in marcia,Rettilineo,Una carreggiata a doppio senso,Bagnato (pioggia),Asfaltata,Assente,Nuvoloso,Normale,Buona,Ore Diurne,0,0,0,2,"1,235,779","4,176,722",False
2699095,13,17/02/2016 08:20:00,Strada Urbana,all'intersezione semaforizzata con,Via della Stella Polare,VIALE VEGA,Via della Stella Polare,,,Scontro frontale/laterale DX fra veicoli in marcia,Intersezione semaforizzata,Due carreggiate,Asciutto,Asfaltata,Verticale ed orizzontale,Nuvoloso,Normale,Buona,Ore Diurne,1,0,0,2,"1,229,304","4,172,771",False
2698601,19,17/02/2016 08:30:00,Strada Urbana,in corrispondenza,del civico n.,VIA DI CASAL DEL MARMO,,182/A,,Scontro frontale/laterale SX fra veicoli in marcia,Rettilineo,Una carreggiata a doppio senso,Asciutto,Asfaltata,Orizzontale,Nuvoloso,Normale,Buona,Ore Diurne,1,0,0,2,"1,240,366","4,195,629",True
2699716,19,17/02/2016 08:40:00,Strada Urbana,in prossimit•À_,del civico n.,VIA DEI MONTI DI PRIMAVALLE,,173,,Veicolo in marcia contro veicolo in sosta,Rettilineo,Una carreggiata a doppio senso,Asciutto,Asfaltata,Assente,Nuvoloso,Normale,Buona,Ore Diurne,0,0,0,1,"1,241,371","4,190,851",True
2699596,20,17/02/2016 08:45:00,Regionale entro l'abitato,in corrispondenza,del civico n.,VIA CASSIA,,1081,,Scontro frontale/laterale SX fra veicoli in marcia,Rettilineo,Una carreggiata a doppio senso,Bagnato (umidit•À_ in atto),Asfaltata,Orizzontale,Nuvoloso,Intenso,Buona,Ore Diurne,1,0,0,2,,,False
2699550,8,17/02/2016 09:00:00,,in prossimit•À_,del palo luce n.,VIA DELL' OSTERIA DEL FINOCCHIO,,34,,Veicolo in marcia contro ostacolo accidentale,,,,,,,,,,0,0,0,1,,,False
2700440,16,17/02/2016 09:00:00,Strada Urbana,in prossimit•À_,del civico n.,VIA PAOLA FALCONIERI,,18,,Veicolo in marcia contro veicoli in sosta,Rettilineo,Una carreggiata a senso unico di marcia,Asciutto,Asfaltata,Verticale ed orizzontale,Nuvoloso,Normale,Buona,Ore Diurne,0,0,0,2,"1,245,198","4,187,692",False
2698199,10,17/02/2016 09:10:00,Strada Urbana,in prossimit•À_,del civico n.,VIA FRANCESCO DI BENEDETTO,,273,,Scontro laterale fra veicoli in marcia,Rettilineo,Una carreggiata a doppio senso,Asciutto,Asfaltata,Orizzontale,Nuvoloso,Scarso,Buona,Ore Diurne,0,0,0,3,"1,260,117","418,387",True
2698462,7,17/02/2016 10:10:00,Strada Urbana,in prossimit•À_,del civico n.,VIA EMILIO LONGONI,,79,,Scontro frontale/laterale SX fra veicoli in marcia,Rettilineo,Due carreggiate,Asciutto,Asfaltata,Verticale ed orizzontale,Nuvoloso,Normale,Buona,Ore Diurne,1,0,0,1,"1,260,368","4,190,007",True
2698999,1,17/02/2016 10:15:00,Strada Urbana,in prossimit•À_,del palo luce n.,LUNGOTEVERE AVENTINO,,16,,Infortunio per sola frenata improvvisa,Rettilineo,Una carreggiata a senso unico di marcia,Asciutto,Strada pavimentata dissestata,Verticale ed orizzontale,Nuvoloso,Normale,Buona,Ore Diurne,1,0,0,1,,,False
2698982,1,17/02/2016 10:15:00,Strada Urbana,da specificare,,PIAZZA DI S. GIOVANNI DELLA MALVA,,,prossimit•À_ Via di Ponte Sisto,Veicolo in marcia contro ostacolo fisso,,Una carreggiata a senso unico di marcia,Asciutto,Asfaltata,Verticale ed orizzontale,Nuvoloso,Scarso,Buona,Ore Diurne,0,0,0,1,,,False
2698610,19,17/02/2016 10:15:00,Strada Urbana,in prossimit•À_,del civico n.,VIA MARIO FANI,,106,,Veicolo in marcia contro veicolo in sosta,Rettilineo,Una carreggiata a doppio senso,Asciutto,Asfaltata,Assente,Nuvoloso,Normale,Buona,Ore Diurne,0,0,0,1,"1,244,146","4,193,809",True
2699639,5,17/02/2016 10:15:00,Strada Urbana,da specificare,,VIA BELMONTE IN SABINA,,,dir. G.R.A. alt. rampa immiss. da Via S. Alessandr,Veicolo in marcia contro ostacolo fisso,Rettilineo,Due carreggiate,Asciutto,Asfaltata,Verticale ed orizzontale,Nuvoloso,Normale,Sufficiente,Ore Diurne,0,0,0,1,,,False
2699526,13,17/02/2016 10:15:00,Strada Urbana,da specificare,,VIALE DELLA VITTORIA,,,cavalcavia,Scontro laterale fra veicoli in marcia,Cavalcavia,Una carreggiata a doppio senso,Bagnato (pioggia),Asfaltata,Verticale ed orizzontale,Nuvoloso,Normale,Buona,Ore Diurne,0,0,0,4,"1,228,802","4,172,933",False
2698884,9,17/02/2016 10:30:00,Strada Urbana,in prossimit•À_,del civico n.,VIA LATINA,,16,,Veicolo in marcia contro veicolo in sosta,Rettilineo,Una carreggiata a senso unico di marcia,Asciutto,Asfaltata,Orizzontale,Nuvoloso,Scarso,Buona,Ore Diurne,0,0,0,1,"1,250,404","4,187,577",False
2699621,11,17/02/2016 10:45:00,Strada Urbana,all'intersezione con,VIA ANTONIO MANNUCCI,VIA ROCCO DA CESINALE,VIA ANTONIO MANNUCCI,,,Veicolo in marcia contro veicolo arresto,Rotatoria,Una carreggiata a senso unico di marcia,Asciutto,Asfaltata,Verticale ed orizzontale,Nuvoloso,Scarso,Buona,Ore Diurne,0,0,0,2,"1,249,035","4,186,493",True
2698424,10,17/02/2016 10:55:00,Strada Urbana,all'intersezione semaforizzata con,VIA DELLE CAPANNELLE,VIA TUSCOLANA,VIA DELLE CAPANNELLE,,,Tamponamento,Intersezione semaforizzata,Una carreggiata a senso unico di marcia,Asciutto,Asfaltata,Verticale ed orizzontale,Nuvoloso,Normale,Buona,Ore Diurne,0,0,0,2,"1,257,542","4,184,853",False
2699652,5,17/02/2016 11:05:00,Strada Urbana,in prossimit•À_,del civico n.,VIA DEI MONTI TIBURTINI,,770,,Tamponamento,Rettilineo,Una carreggiata a senso unico di marcia,Asciutto,Asfaltata,Verticale ed orizzontale,Sereno,Normale,Buona,Ore Diurne,0,0,0,4,"1,255,328","419,123",True
2699011,1,17/02/2016 11:10:00,Strada Urbana,all'intersezione semaforizzata con,LARGO CORRADO RICCI,VIA DEI FORI IMPERIALI,LARGO CORRADO RICCI,,,Scontro laterale fra veicoli in marcia,Intersezione semaforizzata,Una carreggiata a doppio senso,Asciutto,In cubetti di porfido,Verticale ed orizzontale,Nuvoloso,Scarso,Buona,Ore Diurne,0,0,0,2,"1,248,711","4,189,337",False
2698493,2,17/02/2016 11:10:00,Strada Urbana,all'intersezione con,VIA NINO OXILIA,VIALE PARIOLI,VIA NINO OXILIA,,,Ribaltamento senza urto contro ostacolo fisso,Incrocio,Una carreggiata a doppio senso,Asciutto,Asfaltata,Verticale ed orizzontale,Nuvoloso,Normale,Buona,Ore Diurne,1,0,0,0,,,False
2700174,23,17/02/2016 11:30:00,Strada Urbana,all'intersezione semaforizzata con,VIA DEL CANALE DELLA LINGUA,VIA CRISTOFORO COLOMBO,VIA DEL CANALE DELLA LINGUA,,,Tamponamento,Intersezione semaforizzata,Pi•À_ di due carreggiate,Bagnato (umidit•À_ in atto),Asfaltata,Verticale ed orizzontale,Nuvoloso,Scarso,Buona,Ore Diurne,0,0,0,3,"1,244,704","4,180,373",False
2700548,18,17/02/2016 11:30:00,Strada Urbana,all'intersezione con,VIA S. ADEODATO,VIA SABINIANO,VIA S. ADEODATO,,,Ribaltamento senza urto contro ostacolo fisso,Intersezione stradale segnalata,Una carreggiata a doppio senso,Asciutto,Asfaltata,Verticale ed orizzontale,Nuvoloso,Normale,Buona,Ore Diurne,1,0,0,2,"1,244,215","4,189,378",True
2699627,8,17/02/2016 11:35:00,,da specificare,,VIA MONTPELLIER,,,altezza capolinea ATAC,Scontro frontale/laterale DX fra veicoli in marcia,,,,,,,,,,1,0,0,1,,,False
2701204,1,17/02/2016 11:40:00,Strada Urbana,in prossimit•À_,del civico n.,VIA MARSALA,,51,,Veicolo in marcia contro ostacolo accidentale,Rettilineo,Una carreggiata a senso unico di marcia,Asciutto,Lastricata,Verticale ed orizzontale,Sereno,Normale,Buona,Ore Diurne,0,0,0,1,,,False
2699646,20,17/02/2016 12:10:00,Strada Urbana,da specificare,,VIALE DEL FORO ITALICO,,,direzione Stadio sotto Galleria Fleming,Tamponamento Multiplo,Rettilineo,Due carreggiate,Asciutto,Asfaltata,Orizzontale,Nuvoloso,Normale,Buona,Ore Diurne,0,0,0,5,,,False
2698995,2,17/02/2016 12:55:00,Strada Urbana,da specificare,,VIA SALARIA,,,alt. L.go A. Ponchielli,Scontro frontale/laterale DX fra veicoli in marcia,Rettilineo,Una carreggiata a doppio senso,Asciutto,Asfaltata,Orizzontale,Sereno,Normale,Buona,Ore Diurne,1,0,0,1,,,False
2699726,20,17/02/2016 13:25:00,Regionale entro l'abitato,da specificare,,VIA FLAMINIA,,,prossimit•À_ di via Vitorchiano,Tamponamento,Rettilineo,Due carreggiate,Asciutto,Asfaltata,Orizzontale,Nuvoloso,Normale,Buona,Ore Diurne,1,0,0,1,,,False
2699600,8,17/02/2016 13:30:00,Strada Urbana,in corrispondenza,del civico n.,VIA DON PRIMO MAZZOLARI,,300,,Scontro laterale fra veicoli in marcia,Rettilineo,Una carreggiata a doppio senso,Asciutto,Asfaltata,Verticale ed orizzontale,Nuvoloso,Normale,Buona,Ore Diurne,0,0,0,2,"1,267,079","4,189,849",True
2700464,16,17/02/2016 14:00:00,,all'intersezione con,VIA DELLA VIGNACCIA,VIA DI BRAVA,VIA DELLA VIGNACCIA,,,Infortunio per sola frenata improvvisa,,,,,,,,,,1,0,0,1,"1,238,966","4,186,648",False
2699995,4,17/02/2016 14:15:00,,da specificare,,VIA SERGIO TOFANO,,,prossimit•À_ via G. Cervi,Veicolo in marcia contro ostacolo fisso,,,,,,,,,,0,0,0,1,"1,253,489","4,196,216",False
2699067,1,17/02/2016 14:20:00,Strada Urbana,all'intersezione semaforizzata con,VIA LABICANA,PIAZZA DEL COLOSSEO,VIA LABICANA,,,Scontro laterale fra veicoli in marcia,Intersezione semaforizzata,Pi•À_ di due carreggiate,Asciutto,Asfaltata,Verticale ed orizzontale,Sereno,Normale,Buona,Ore Diurne,0,0,0,3,,,False
2700665,1,17/02/2016 14:20:00,Strada Urbana,all'intersezione con,VIA SEBASTIANO GRANDIS,VIA DI S. CROCE IN GERUSALEMME,VIA SEBASTIANO GRANDIS,,,Scontro frontale/laterale SX fra veicoli in marcia,Incrocio,Due carreggiate,Asciutto,Asfaltata,Verticale ed orizzontale,Nuvoloso,Scarso,Buona,Ore Diurne,1,0,0,2,,,False
2699473,10,17/02/2016 14:25:00,,in prossimit•À_,del civico n.,VIA APPIA NUOVA,,1260,,Tamponamento,,,,,,,,,,1,0,0,1,,,False
2699130,13,17/02/2016 14:40:00,,in prossimit•À_,della chilometrica,VIA DEL MARE,,24.65,,Scontro laterale fra veicoli in marcia,,,,,,,,,,0,0,0,2,,,False
2699649,5,17/02/2016 14:40:00,Strada Urbana,in corrispondenza,del civico n.,VIA DEI MONTI DI PIETRALATA,,226,,Veicolo in marcia contro veicolo fermo,Rettilineo,Una carreggiata a senso unico di marcia,Asciutto,Asfaltata,Verticale ed orizzontale,Sereno,Scarso,Buona,Ore Diurne,0,0,0,2,"1,253,086","4,192,201",True
2699780,20,17/02/2016 15:05:00,Strada Urbana,da specificare,,VIALE DI TOR DI QUINTO,,,in prossimit•À_ di via del Labaro,Ribaltamento senza urto contro ostacolo fisso,Rettilineo,Pi•À_ di due carreggiate,Asciutto,Asfaltata,Verticale ed orizzontale,Sereno,,Buona,Ore Diurne,1,0,0,4,,,False
2699683,19,17/02/2016 15:10:00,Strada Urbana,in corrispondenza,del civico n.,VIA TRIONFALE,,9612,,Tamponamento,Rettilineo,Una carreggiata a doppio senso,Asciutto,Asfaltata,Orizzontale,Sereno,Normale,Buona,Ore Diurne,0,0,0,2,"124,169","4,194,637",True
2699684,17,17/02/2016 15:15:00,Strada Urbana,da specificare,,LUNGOTEVERE MICHELANGELO,,,prox rampa immissione da piazza della Libert•À_,Veicolo in marcia contro veicolo in sosta,Rettilineo,Una carreggiata a senso unico di marcia,Asciutto,Asfaltata,Verticale ed orizzontale,Nuvoloso,Normale,Buona,Ore Diurne,0,0,0,1,,,False
2700484,16,17/02/2016 15:15:00,,in corrispondenza,del civico n.,CIRCONVALLAZIONE GIANICOLENSE,,127,,Veicolo in marcia contro veicolo fermo,,,,,,,,,,0,0,0,3,,,False
2699665,5,17/02/2016 15:30:00,Strada Urbana,in prossimit•À_,del civico n.,VIA MONTEGIORGIO,,5,,Veicolo in marcia contro ostacolo fisso,Rettilineo,Una carreggiata a doppio senso,Asciutto,Asfaltata,Verticale ed orizzontale,Nuvoloso,Normale,Sufficiente,Ore Diurne,0,0,0,1,,,False
2701806,18,17/02/2016 15:30:00,Strada Urbana,all'intersezione con,VIA GIROLAMO VITELLI,VIA BALDO DEGLI UBALDI,VIA GIROLAMO VITELLI,,,Scontro laterale fra veicoli in marcia,Incrocio,Due carreggiate,Asciutto,Asfaltata,Verticale ed orizzontale,Sereno,Normale,Buona,Ore Diurne,0,0,0,2,"1,243,608","4,189,975",True
2698980,10,17/02/2016 16:35:00,Strada Urbana,in corrispondenza,del civico n.,VIA TUSCOLANA,,793b,,Investimento di pedone,Rettilineo,Due carreggiate,Asciutto,Asfaltata,Verticale ed orizzontale,Sereno,Normale,Buona,Ore Diurne,2,0,0,0,,,False
2699239,20,17/02/2016 16:45:00,,da specificare,,GALLERIA GIOVANNI XXIII,,,ALTEZZA VIA MARIO FANI,Veicolo in marcia contro ostacolo fisso,,,,,,,,,,0,0,1,0,,,False
2699474,10,17/02/2016 17:15:00,Strada Urbana,all'intersezione con,VIA ELIO ANDRISCO,VIA APPIA PIGNATELLI,VIA ELIO ANDRISCO,,,Scontro laterale fra veicoli in marcia,Incrocio,Una carreggiata a doppio senso,Asciutto,Asfaltata,Orizzontale,Nuvoloso,Normale,Buona,Ore Diurne,0,0,0,4,"1,254,224","4,184,222",True
2699959,4,17/02/2016 17:30:00,Strada Urbana,all'intersezione con,VIA MONTE RESEGONE,VIA DELLE VIGNE NUOVE,VIA MONTE RESEGONE,,,Scontro frontale/laterale DX fra veicoli in marcia,Incrocio,Due carreggiate,Asciutto,Asfaltata,Verticale ed orizzontale,Sereno,Normale,Buona,Sufficiente,0,0,0,2,"1,253,581","41,955",True
2699695,17,17/02/2016 17:30:00,Strada Urbana,in corrispondenza,del civico n.,VIA COLA DI RIENZO,,105,,Investimento di pedone,Rettilineo,Una carreggiata a doppio senso,Asciutto,Lastricata,Verticale ed orizzontale,Sereno,Normale,Buona,Ore Diurne,0,0,0,2,"124,663","4,190,828",False
2699610,1,17/02/2016 18:00:00,Strada Urbana,da specificare,,LUNGOTEVERE MARESCIALLO DIAZ,,,albero n.1,Scontro laterale fra veicoli in marcia,,Due carreggiate,Asciutto,Asfaltata,Orizzontale,Sereno,Normale,Sufficiente,Sufficiente,2,0,0,0,,,False
2699848,2,17/02/2016 18:20:00,Strada Urbana,in corrispondenza,del civico n.,VIA CHEREN,,26,,Veicolo in marcia contro veicolo in sosta,Pendenza,Una carreggiata a senso unico di marcia,Asciutto,In cubetti di porfido,Verticale ed orizzontale,Sereno,Normale,Sufficiente,Sufficiente,0,0,0,1,"1,252,309","4,192,802",True
2699603,11,17/02/2016 18:20:00,Strada Urbana,all'intersezione con,VIALE DEL CARAVAGGIO,PIAZZALE DEL CARAVAGGIO,VIALE DEL CARAVAGGIO,,,Scontro frontale/laterale DX fra veicoli in marcia,Incrocio,Pi•À_ di due carreggiate,Asciutto,Asfaltata,Verticale ed orizzontale,Nuvoloso,Normale,Buona,Sufficiente,0,0,0,2,"1,249,331","4,185,083",False
2699662,5,17/02/2016 18:45:00,Strada Urbana,in prossimit•À_,del civico n.,VIA TIBURTINA,,912,,Tamponamento Multiplo,Rettilineo,Due carreggiate,Asciutto,Asfaltata,Temporanea di cantiere,Sereno,Intenso,Sufficiente,Sufficiente,1,0,0,5,,,False