ID,Gruppo,_DataOraIncidente,_Localizzazione1,_Localizzazione2,Strada02,Strada1,Strada2,Chilometrica,DaSpecificare,_NaturaIncidente,_ParticolaritaStrade,_TipoStrada,_FondoStradale,_Pavimentazione,_Segnaletica,_CondizioneAtmosferica,_Traffico,_Visibilita,_Illuminazione,NUM_FERITI,_NUM_RISERVATA,_NUM_MORTI,_NUM_ILLESI,Longitudine,Latitudine,CONFERMATO
2699609,13,17/02/2016 18:45:00,Strada Urbana,da specificare,,PIAZZALE AMERIGO VESPUCCI,,,direzione via Cristoforo Colombo,Tamponamento,Rettilineo,Una carreggiata a doppio senso,Asciutto,Asfaltata,Orizzontale,Sereno,Normale,Buona,Sufficiente,0,0,0,2,"1,232,173","417,137",False
2699678,9,17/02/2016 18:45:00,Strada Urbana,in prossimit•À_,del civico n.,VIALE CASTRENSE,,50,,Veicolo in marcia contro ostacolo accidentale,Rettilineo,Una carreggiata a senso unico di marcia,Asciutto,Con buche,Assente,Sereno,Intenso,Buona,Sufficiente,0,0,0,1,,,False
2700219,3,17/02/2016 19:20:00,,in prossimit•À_,del civico n.,VIA TIBURTINA,,297,,Scontro laterale fra veicoli in marcia,,,,,,,,,,0,0,0,1,,,False
2699625,8,17/02/2016 19:25:00,,da specificare,,VIALE PIETRO ANDERLONI,,,rampa d'ingresso da Via Tor Bella Monaca dir. GRA,Scontro laterale fra veicoli in marcia,,,,,,,,,,0,0,0,3,,,False
2699401,9,17/02/2016 19:30:00,,da specificare,,VIA QUINTO PUBLICIO,,,fronte VIA LAMARO,Veicolo in marcia contro ostacolo fisso,,,,,,,,,,3,0,0,0,"1,257,538","4,185,626",False
2700232,23,17/02/2016 19:30:00,Comunale extraurbana,in prossimit•À_,della chilometrica,VIA CRISTOFORO COLOMBO,,21.1,,Scontro laterale fra veicoli in marcia,Rettilineo,Pi•À_ di due carreggiate,Asciutto,Asfaltata,Orizzontale,Sereno,Normale,Buona,Insufficiente,1,0,0,1,,,False
2700498,16,17/02/2016 19:30:00,Strada Urbana,da specificare,,VIA DI BRAVETTA,,,altezza via dei Marcellini,Scontro frontale/laterale SX fra veicoli in marcia,Rettilineo,Una carreggiata a doppio senso,Asciutto,Asfaltata,Verticale ed orizzontale,Nuvoloso,Normale,Buona,Sufficiente,1,0,0,1,"1,242,251","4,187,005",False
2699721,17,17/02/2016 19:40:00,Strada Urbana,all'intersezione semaforizzata con,VIALE GIUSEPPE MAZZINI,VIALE ANGELICO,VIALE GIUSEPPE MAZZINI,,,Scontro frontale/laterale DX fra veicoli in marcia,Incrocio,Due carreggiate,Asciutto,Asfaltata,Verticale ed orizzontale,Sereno,Normale,,,1,0,0,1,"1,245,745","4,191,292",False
2699591,8,17/02/2016 19:45:00,Strada Urbana,in prossimit•À_,del civico n.,VIA DI PRATOLUNGO CASILINO,,130,,Tamponamento,Rettilineo,Una carreggiata a doppio senso,Asciutto,Con buche,Assente,Nuvoloso,Scarso,Sufficiente,Sufficiente,0,0,0,3,"1,266,571","418,862",True
2699696,13,17/02/2016 19:45:00,Strada Urbana,da specificare,,VIA DEI PESCATORI,,,tratto tra via di Acilia e pizza Eschilo,Veicolo in marcia contro ostacolo accidentale,Pendenza,Una carreggiata a senso unico di marcia,Asciutto,Asfaltata,Verticale,Nuvoloso,Normale,Sufficiente,Sufficiente,0,0,0,1,"1,233,443","4,175,221",False
2700454,3,17/02/2016 19:45:00,,in prossimit•À_,del civico n.,CIRCONVALLAZIONE NOMENTANA,,251BIS,,Infortunio per caduta del veicolo,,,,,,,,,,1,0,0,1,,,False
2700022,4,17/02/2016 20:00:00,Strada Urbana,in corrispondenza,del civico n.,VIA DELLE LUCARIE,,78,,Veicolo in marcia contro veicolo in sosta,Rettilineo,Una carreggiata a senso unico di marcia,Asciutto,Asfaltata,Verticale,Sereno,Scarso,Sufficiente,Sufficiente,0,0,0,2,"1,252,358","4,200,517",False
2699702,19,17/02/2016 20:00:00,Strada Urbana,da specificare,,VIA SACROFANESE,,,"snc circa 50 m. prima segnaletica km. 0,900",Fuoriuscita dalla sede stradale,Curva senza visuale libera,Una carreggiata a doppio senso,Asciutto,Asfaltata,Verticale ed orizzontale,Sereno,Scarso,Insufficiente,Inesistente,0,0,0,1,"124,764","4,205,825",True
2699606,11,17/02/2016 20:00:00,Strada Urbana,da specificare,,VIA DEL PORTO FLUVIALE,,,fronte civico 31,Scontro laterale fra veicoli in marcia,Rettilineo,Una carreggiata a doppio senso,Asciutto,Asfaltata,Verticale ed orizzontale,Sereno,Scarso,Sufficiente,Sufficiente,0,0,0,2,"124,763","4,187,236",True
2699533,8,17/02/2016 20:15:00,,da specificare,,VIALE DUILIO CAMBELLOTTI,,,pross. Via Torraccio di Torrenova ,Veicolo in marcia contro ostacolo accidentale,,,,,,,,,,0,0,0,2,,,False
2701566,18,17/02/2016 20:20:00,Strada Urbana,in prossimit•À_,del civico n.,VIA DI TORREVECCHIA,,147a,,Investimento di pedone,Rettilineo,Una carreggiata a doppio senso,Asciutto,Asfaltata,Verticale ed orizzontale,Sereno,Normale,Buona,Sufficiente,2,0,0,0,"1,241,992","419,326",False
2699562,8,17/02/2016 20:40:00,Strada Urbana,da specificare,,VIALE DUILIO CAMBELLOTTI,,,prima del ponte stazione Torre Angela,Veicolo in marcia contro ostacolo accidentale,Pendenza,Una carreggiata a senso unico di marcia,Asciutto,Asfaltata,Orizzontale,Sereno,Scarso,Buona,Sufficiente,0,0,0,2,"1,262,935","4,186,719",True
2699452,9,17/02/2016 20:40:00,,da specificare,,VIA DRUSO,,,in prossimit•À_ di PIAZZALE DI PORTA METRONIA,Scontro laterale fra veicoli in marcia,,,,,,,,,,0,0,0,5,"1,249,787","4,188,209",False
2699660,1,17/02/2016 21:30:00,Strada Urbana,da specificare,,VIA CERNAIA,,,prossimit•À_ VIA PASTRENGO,Scontro laterale fra veicoli in marcia,Rettilineo,Una carreggiata a senso unico di marcia,Asciutto,Asfaltata,Orizzontale,Sereno,Scarso,Sufficiente,Sufficiente,2,0,0,2,,,False
2699712,1,17/02/2016 22:20:00,Strada Urbana,all'intersezione con,VIA NICOLA FABRIZI,VIA DANDOLO,VIA NICOLA FABRIZI,,,Scontro frontale/laterale DX fra veicoli in marcia,Incrocio,Una carreggiata a doppio senso,Asciutto,Asfaltata,Orizzontale,Sereno,Scarso,Buona,Sufficiente,0,0,0,2,,,False
2700346,3,17/02/2016 22:30:00,,da specificare,,VIA DELLA LEGA LOMBARDA,,,fronte civ 54,Infortunio per caduta del veicolo,,,,,,,,,,1,0,0,0,,,False
2701091,7,17/02/2016 23:30:00,,all'intersezione con,VIALE MARCO FULVIO NOBILIORE,VIALE DEI SALESIANI,VIALE MARCO FULVIO NOBILIORE,,,Scontro frontale/laterale SX fra veicoli in marcia,,,,,,,,,,0,0,0,3,,,False
2699453,9,17/02/2016 23:35:00,,all'intersezione con,VIA TRACIA,VIA PANNONIA,VIA TRACIA,,,Scontro frontale/laterale SX fra veicoli in marcia,,,,,,,,,,0,0,0,2,"1,250,016","4,188,102",False
2700429,3,17/02/2016 23:50:00,Strada Urbana,in prossimit•À_,del civico n.,VIA DELLA LEGA LOMBARDA,,54,,Veicolo in marcia contro ostacolo accidentale,Rettilineo,Una carreggiata a senso unico di marcia,Asciutto,Asfaltata,Verticale,Sereno,Scarso,Buona,Sufficiente,0,0,0,1,"1,252,515","4,190,832",False
2701216,13,18/02/2016,,da specificare,,VIA DEI PESCATORI,,,fronte civico 114,Veicolo in marcia contro ostacolo fisso,,,,,,,,,,0,0,0,1,,,False
2700470,3,18/02/2016 00:25:00,,all'intersezione con,VIA FRANCESCO D'OVIDIO,VIA ETTORE ROMAGNOLI,VIA FRANCESCO D'OVIDIO,,,Scontro frontale/laterale DX fra veicoli in marcia,,,,,,,,,,0,0,0,2,,,False
2701901,18,18/02/2016 00:30:00,Strada Urbana,in prossimit•À_,del civico n.,VIA AURELIA,,235,,Veicolo in marcia contro veicolo in sosta,Curva a visuale libera,Una carreggiata a doppio senso,Asciutto,Asfaltata,Verticale ed orizzontale,Sereno,Scarso,Buona,Sufficiente,1,0,0,0,"1,244,351","4,189,914",False
2700512,16,18/02/2016 00:30:00,,da specificare,,VIA CRISTOFORO COLOMBO,,,in prossimit•À_ di via della Civilt•À_ del Lavoro,Scontro frontale fra veicoli in marcia,,,,,,,,,,1,0,0,2,"1,244,704","4,180,373",False
2699584,8,18/02/2016 00:35:00,Strada Urbana,all'intersezione con,VIA DELLE ROSE,VIA DEI CICLAMINI,VIA DELLE ROSE,,,Scontro frontale/laterale SX fra veicoli in marcia,Incrocio,Una carreggiata a doppio senso,Asciutto,Asfaltata,Verticale ed orizzontale,Sereno,Normale,Buona,Sufficiente,0,0,0,2,"1,256,659","4,189,058",True
2700187,7,18/02/2016 06:00:00,Provinciale entro l'abitato,in prossimit•À_,del civico n.,VIA PRENESTINA,,607,,Tamponamento,Rettilineo,Una carreggiata a doppio senso,Asciutto,Asfaltata,Orizzontale,Sereno,Normale,Buona,Ore Diurne,2,0,0,0,"1,258,386","418,936",True
2701004,5,18/02/2016 06:45:00,Strada Urbana,all'intersezione con,VIA ADRIANO OLIVETTI,VIA DI SALONE,VIA ADRIANO OLIVETTI,,,Scontro frontale/laterale SX fra veicoli in marcia,Incrocio,Una carreggiata a doppio senso,Asciutto,Asfaltata,Verticale ed orizzontale,Sereno,Normale,Buona,Ore Diurne,0,0,0,2,"126,265","4,193,156",True
2700114,2,18/02/2016 07:30:00,Strada Urbana,all'intersezione con,VIA ALESSANDRIA,VIA REGGIO EMILIA,VIA ALESSANDRIA,,,Scontro frontale/laterale DX fra veicoli in marcia,Incrocio,Una carreggiata a senso unico di marcia,Asciutto,Asfaltata,Verticale ed orizzontale,Nuvoloso,Normale,Buona,Ore Diurne,0,0,0,4,,,False
2701015,11,18/02/2016 07:30:00,Strada Urbana,in corrispondenza,del civico n.,VIA ARDEATINA,,112,,Scontro frontale/laterale DX fra veicoli in marcia,Rettilineo,Una carreggiata a doppio senso,Asciutto,Asfaltata,Verticale ed orizzontale,Nuvoloso,Normale,Buona,Ore Diurne,0,0,0,5,"1,251,134","4,185,536",True
2701085,8,18/02/2016 07:45:00,,da specificare,,VIA COLLATINA,,,100 m prima del civ. 532 dir. GRA,Veicolo in marcia contro ostacolo accidentale,,,,,,,,,,0,0,0,1,,,False
2701039,8,18/02/2016 07:55:00,Strada Urbana,all'intersezione con,VIA MELISSANO,VIA ANDRIA,VIA MELISSANO,,,Veicolo in marcia contro ostacolo fisso,Intersezione stradale segnalata,Una carreggiata a doppio senso,Asciutto,Asfaltata,Verticale ed orizzontale,Sereno,Normale,Buona,Ore Diurne,0,0,0,1,"1,266,726","4,188,869",True
2701793,3,18/02/2016 08:00:00,Strada Urbana,all'intersezione con,VIA PISA,VIA LIVORNO,VIA PISA,,,Scontro laterale fra veicoli in marcia,Incrocio,Due carreggiate,Asciutto,Asfaltata,Verticale ed orizzontale,Nuvoloso,Intenso,Buona,Ore Diurne,3,0,0,2,"1,252,484","4,191,597",True
2701269,4,18/02/2016 08:00:00,Strada Urbana,da specificare,,VIA NOMENTANA,,,in corrispondenza di Via Val D'Aosta,Scontro laterale fra veicoli in marcia,Rettilineo,Pi•À_ di due carreggiate,Asciutto,Asfaltata,Verticale ed orizzontale,Nuvoloso,Intenso,Buona,Ore Diurne,0,0,0,3,"1,255,256","4,269,594",False
2702553,17,18/02/2016 08:00:00,Strada Urbana,in prossimit•À_,del civico n.,VIALE GIULIO CESARE,,54/p,,Scontro laterale fra veicoli in marcia,Rettilineo,Pi•À_ di due carreggiate,Asciutto,Asfaltata,Verticale ed orizzontale,Sereno,Normale,Buona,Ore Diurne,0,0,0,2,"1,246,705","4,191,186",False
2702529,17,18/02/2016 08:05:00,Strada Urbana,all'intersezione con,VIA RIALTO,VIA CIPRO,VIA RIALTO,,,Scontro laterale fra veicoli in marcia,Intersezione stradale segnalata,Due carreggiate,Asciutto,Asfaltata,Verticale ed orizzontale,Nuvoloso,Normale,Buona,Ore Diurne,0,0,0,3,"1,244,681","4,190,742",False
2701035,5,18/02/2016 08:30:00,Strada Urbana,all'intersezione con,VIA EDOARDO D'ONOFRIO,VIALE PALMIRO TOGLIATTI,VIA EDOARDO D'ONOFRIO,,,Scontro laterale fra veicoli in marcia,Incrocio,Due carreggiate,Asciutto,Asfaltata,Verticale ed orizzontale,Sereno,Normale,Buona,Ore Diurne,0,0,0,2,"1,257,167","4,191,211",False
2700750,16,18/02/2016 08:45:00,Strada Urbana,in prossimit•À_,del palo luce n.,VIA S. GIOVANNI EUDES,,8,,Scontro laterale fra veicoli in marcia,Curva senza visuale libera,Una carreggiata a doppio senso,Asciutto,Asfaltata,Verticale ed orizzontale,Sereno,Normale,Buona,Ore Diurne,0,0,0,3,"1,240,937","4,187,452",True
2701049,5,18/02/2016 08:50:00,Strada Urbana,all'intersezione con,VIA ELENA BRANDIZZI GIANNI,VIA TIBURTINA,VIA ELENA BRANDIZZI GIANNI,,,Scontro frontale/laterale SX fra veicoli in marcia,Incrocio,Due carreggiate,Asciutto,Asfaltata,Verticale ed orizzontale,Sereno,Normale,Buona,Ore Diurne,1,0,0,0,"125,791","4,193,148",False
2701222,13,18/02/2016 08:50:00,,all'intersezione con,VIA MAR DEI CORALLI,VIA DEL CANALE DELLA LINGUA,VIA MAR DEI CORALLI,,,Scontro laterale fra veicoli in marcia,,,,,,,,,,0,0,0,4,,,False
2701065,8,18/02/2016 09:15:00,,in prossimit•À_,del civico n.,VIA DELL' OSTERIA DEL FINOCCHIO,,176,,Veicolo in marcia contro ostacolo accidentale,,,,,,,,,,0,0,0,1,,,False
2700699,1,18/02/2016 09:15:00,Strada Urbana,in corrispondenza,del civico n.,VIA GIUSEPPE ZANARDELLI,,10,,Investimento di pedone,Rettilineo,Una carreggiata a doppio senso,Asciutto,Asfaltata,Verticale ed orizzontale,Sereno,Normale,Buona,Ore Diurne,1,0,0,1,,,False
2710541,13,18/02/2016 09:30:00,,all'intersezione con,VIALE GIUSEPPE GENOESE ZERBI,VIALE DEI PROMONTORI,VIALE GIUSEPPE GENOESE ZERBI,,,Tamponamento,,,,,,,,,,0,0,0,1,,,False
2703909,13,18/02/2016 09:40:00,,da specificare,,VIA DELLE ALGHE,,,pressi via nerucci,Veicolo in marcia contro ostacolo fisso,,,,,,,,,,0,0,0,3,,,False
2701097,20,18/02/2016 09:45:00,Strada Urbana,in corrispondenza,del civico n.,VIALE DI TOR DI QUINTO,,35 j,,Tamponamento Multiplo,Rettilineo,Due carreggiate,Asciutto,Asfaltata,Verticale ed orizzontale,Sereno,Normale,Buona,Ore Diurne,0,0,0,5,,,False
2700704,1,18/02/2016 10:00:00,Strada Urbana,in corrispondenza,del civico n.,VIA PIEMONTE,,113,,Scontro laterale fra veicoli in marcia,Rettilineo,Una carreggiata a senso unico di marcia,Asciutto,Asfaltata,Verticale ed orizzontale,Sereno,Normale,Buona,Ore Diurne,0,0,0,2,"1,249,318","4,190,963",True
2700106,19,18/02/2016 10:30:00,Strada Urbana,all'intersezione con,VIA BERNARDO BARBIELLINI AMIDEI,VIA VITTORIO MONTIGLIO,VIA BERNARDO BARBIELLINI AMIDEI,,,Scontro laterale fra veicoli in marcia,Incrocio,Una carreggiata a senso unico di marcia,Asciutto,Asfaltata,Assente,Nuvoloso,Normale,Buona,Ore Diurne,0,0,0,3,"1,242,872","4,192,407",True
2701086,20,18/02/2016 10:35:00,,da specificare,,VIA CASSIA,,,in prossimit•À_ via di Baccanello,Scontro laterale fra veicoli in marcia,,,,,,,,,,1,0,0,2,,,False
2701095,20,18/02/2016 11:00:00,Statale entro l'abitato,in prossimit•À_,del civico n.,VIA FLAMINIA,,871,,Tamponamento,Rettilineo,Due carreggiate,Asciutto,Asfaltata,Orizzontale,Sereno,Normale,Buona,Ore Diurne,0,0,0,2,,,False
2700726,1,18/02/2016 11:00:00,Strada Urbana,in prossimit•À_,del civico n.,VIA LUDOVISI,,16,,Veicolo in marcia contro veicolo in sosta,Rettilineo,Una carreggiata a senso unico di marcia,Asciutto,Asfaltata,Verticale ed orizzontale,Sereno,Normale,Buona,Ore Diurne,0,0,0,1,,,False
2700058,7,18/02/2016 11:00:00,Strada Urbana,da specificare,,VIA TRANI,,,snc,Tamponamento,Rettilineo,Due carreggiate,Asciutto,Asfaltata,Assente,Sereno,Scarso,Buona,Ore Diurne,1,0,0,1,"1,257,842","4,189,036",False
2700068,10,18/02/2016 11:15:00,Strada Urbana,in corrispondenza,del civico n.,VIA SCRIBONIO CURIONE,,85,,Veicolo in marcia contro veicoli in sosta,Rettilineo,Due carreggiate,Asciutto,Asfaltata,Assente,Sereno,Scarso,Buona,Ore Diurne,0,0,0,1,,,False
2701025,11,18/02/2016 11:30:00,Strada Urbana,da specificare,,VIA CRISTOFORO COLOMBO,,,prossimit•À_ fronte civico 426,Scontro laterale fra veicoli in marcia,Rettilineo,Pi•À_ di due carreggiate,Asciutto,Asfaltata,Verticale ed orizzontale,Nuvoloso,Normale,Buona,Ore Diurne,0,0,0,2,"1,244,704","4,180,373",False
2700763,16,18/02/2016 11:30:00,,da specificare,,VIA LEONE XIII,,,prossimit•À_ fronte civico 36,Tamponamento,,,,,,,,,,1,0,0,1,,,False
2701345,18,18/02/2016 11:35:00,,in prossimit•À_,del civico n.,VIA DEL FORTE BRASCHI,,84,,Scontro frontale/laterale DX fra veicoli in marcia,,,,,,,,,,1,0,0,1,,,False
2700708,9,18/02/2016 11:50:00,,all'intersezione con,VIA ALBANO,VIA SERMONETA,VIA ALBANO,,,Scontro frontale/laterale SX fra veicoli in marcia,,,,,,,,,,1,0,0,2,"1,253,097","4,186,844",False
2701517,17,18/02/2016 12:15:00,Strada Urbana,all'intersezione con,VICOLO DELLE PALLINE,VIA DEI CORRIDORI,VICOLO DELLE PALLINE,,,Scontro laterale fra veicoli in marcia,Incrocio,Due carreggiate,Asciutto,Acciotolata,Verticale ed orizzontale,Sereno,Normale,Buona,Ore Diurne,1,0,0,2,"1,246,029","4,190,308",False
2701172,19,18/02/2016 12:25:00,Strada Urbana,in prossimit•À_,del civico n.,VIA DELLA CAMILLUCCIA,,273,,Tamponamento Multiplo,Rettilineo,Una carreggiata a doppio senso,Asciutto,Asfaltata,Assente,Nuvoloso,Normale,Buona,Ore Diurne,1,0,0,3,"1,244,313","4,193,646",False
2700743,1,18/02/2016 12:35:00,Strada Urbana,in corrispondenza,del civico n.,PIAZZA DELL'ARA COELI,,1,,Scontro laterale fra veicoli in marcia,Rettilineo,Una carreggiata a senso unico di marcia,Asciutto,In cubetti di porfido,Verticale ed orizzontale,Sereno,Normale,Buona,Ore Diurne,1,0,0,2,,,False
2700382,10,18/02/2016 13:20:00,Statale entro l'abitato,da specificare,,VIA APPIA NUOVA,,,fronte civico 1267,Scontro laterale fra veicoli in marcia,Rettilineo,Due carreggiate,Asciutto,Asfaltata,Verticale ed orizzontale,Sereno,Normale,Buona,Ore Diurne,0,0,0,3,,,False
2701353,13,18/02/2016 13:50:00,Strada Urbana,in prossimit•À_,del civico n.,VIA AGOSTINO CHIGI,,330,,Veicolo in marcia contro ostacolo accidentale,Rettilineo,Una carreggiata a doppio senso,Asciutto,Asfaltata,Assente,Sereno,Normale,Buona,Ore Diurne,0,0,0,1,"1,232,334","4,176,788",False
2701082,5,18/02/2016 14:20:00,Strada Urbana,all'intersezione con,VIA ACHILLE BENEDETTI,VIA FILIPPO MEDA,VIA ACHILLE BENEDETTI,,,Investimento di pedone,Incrocio,Una carreggiata a doppio senso,Asciutto,Asfaltata,Verticale ed orizzontale,Sereno,Normale,Buona,Ore Diurne,0,0,0,0,"1,254,354","4,191,319",False
2701167,12,18/02/2016 14:25:00,Strada Urbana,all'intersezione con,VIA GIOVANNI FRIGNANI,VIALE DEI CADUTI NELLA GUERRA DI LIBERAZIONE,VIA GIOVANNI FRIGNANI,,,Scontro laterale fra veicoli in marcia,Incrocio,Una carreggiata a senso unico di marcia,Asciutto,Asfaltata,Orizzontale,Sereno,Scarso,Buona,Ore Diurne,1,0,0,1,"1,244,721","4,178,988",False
2701361,4,18/02/2016 14:30:00,Strada Urbana,in corrispondenza,del civico n.,VIA JACOPO SANNAZZARO,,21,,Scontro laterale fra veicoli in marcia,Rettilineo,Due carreggiate,Asciutto,Asfaltata,Verticale ed orizzontale,Sereno,Scarso,Buona,Ore Diurne,0,0,0,4,"1,254,097","4,193,836",True
2700463,20,18/02/2016 14:30:00,Strada Urbana,da specificare,,VIA DEL FORO ITALICO,,,prossimit•À_ Galleria Giovanni XXIII,Tamponamento,Curva a visuale libera,Una carreggiata a senso unico di marcia,Asciutto,Asfaltata,Verticale ed orizzontale,Nuvoloso,Normale,Buona,Ore Diurne,1,0,0,2,,,False
2701790,3,18/02/2016 14:30:00,Strada Urbana,all'intersezione con,PIAZZA DEL PARCO CADUTI 19 LUGLIO 1943,VIA TIBURTINA,PIAZZA DEL PARCO CADUTI 19 LUGLIO 1943,,,Scontro laterale fra veicoli in marcia,Intersezione stradale segnalata,Una carreggiata a doppio senso,Asciutto,Asfaltata,Verticale ed orizzontale,Sereno,Normale,Buona,Ore Diurne,0,0,0,2,"125,133","4,189,833",True
2701088,5,18/02/2016 14:30:00,Strada Urbana,all'intersezione semaforizzata con,VIA TIBURTINA,VIA DI PORTONACCIO,VIA TIBURTINA,,,Tamponamento,Intersezione semaforizzata,Una carreggiata a doppio senso,Asciutto,Asfaltata,Orizzontale,Sereno,Normale,Buona,Ore Diurne,0,0,0,3,"1,253,415","4,190,815",True
2701075,1,18/02/2016 14:45:00,Strada Urbana,in prossimit•À_,del civico n.,VIA DELL'AMBA ARADAM,,29/a,,Scontro frontale/laterale SX fra veicoli in marcia,Rettilineo,Una carreggiata a doppio senso,Asciutto,Asfaltata,Verticale ed orizzontale,Nuvoloso,Normale,Buona,Ore Diurne,0,0,0,2,"1,250,044","4,188,377",False
2701401,13,18/02/2016 14:45:00,Strada Urbana,da specificare,,VIALE DEI ROMAGNOLI,,,IN PROX VIA DELLA CANAPA,Veicolo in marcia contro ostacolo accidentale,Rettilineo,Una carreggiata a senso unico di marcia,Asciutto,Con buche,Verticale,Sereno,Normale,Buona,Ore Diurne,0,0,0,1,"1,236,481","4,178,577",False
2700629,10,18/02/2016 15:00:00,Strada Urbana,da specificare,,VIA TUSCOLANA,,,inizio cavalcavia direzione G.R.A.,Tamponamento,Rettilineo,Due carreggiate,Asciutto,Asfaltata,Verticale ed orizzontale,Nuvoloso,Normale,Buona,Ore Diurne,1,0,0,1,"1,258,379","4,184,299",False
2701251,13,18/02/2016 15:15:00,Strada Urbana,all'intersezione con,VIA GIOVANNI FRANZONI,VIA DEI MONTI DI S. PAOLO,VIA GIOVANNI FRANZONI,,,Scontro frontale/laterale DX fra veicoli in marcia,Incrocio,Una carreggiata a doppio senso,Asciutto,Asfaltata,Orizzontale,Sereno,Normale,Buona,Ore Diurne,1,0,0,1,"1,235,877","4,178,709",False
2702162,16,18/02/2016 16:45:00,Strada Urbana,all'intersezione con,VIA FEDERICO TORRE,VIA FELICE CAVALLOTTI,VIA FEDERICO TORRE,,,Scontro laterale fra veicoli in marcia,Incrocio,Una carreggiata a senso unico di marcia,Asciutto,Asfaltata,Verticale ed orizzontale,Sereno,Normale,Buona,Ore Diurne,0,0,0,2,,,False
2701205,13,18/02/2016 16:50:00,Strada Urbana,da specificare,,VIA MONSIGNOR ARDUINO TERZI,,,civico 25,Veicolo in marcia contro ostacolo accidentale,Rettilineo,Una carreggiata a doppio senso,Asciutto,Con buche,Assente,Sereno,Scarso,Sufficiente,Ore Diurne,0,0,0,1,"1,234,966","417,659",False
2701077,11,18/02/2016 16:50:00,Strada Urbana,all'intersezione con,VIA NICOLO' DA PISTOIA,CIRCONVALLAZIONE OSTIENSE,VIA NICOLO' DA PISTOIA,,,Scontro laterale fra veicoli in marcia,Incrocio,Due carreggiate,Bagnato (pioggia),Asfaltata,Verticale ed orizzontale,Nuvoloso,Normale,Buona,Ore Diurne,1,0,0,2,"1,248,695","4,186,735",False
2700676,20,18/02/2016 17:00:00,Altra strada,da specificare,,VIA COSTANTINO NIGRA,,,int. area parcheggio privato del CONI,Investimento di pedone,Rettilineo,Una carreggiata a doppio senso,Asciutto,Asfaltata,Assente,Sereno,Normale,Buona,Ore Diurne,1,0,0,1,,,False
2701193,12,18/02/2016 17:30:00,Strada Urbana,da specificare,,VIALE DELL'OCEANO ATLANTICO,,,altezza palo Acea n. 96,Veicolo in marcia contro veicolo in sosta,Rettilineo,Due carreggiate,Asciutto,Asfaltata,Verticale ed orizzontale,Nuvoloso,Normale,Buona,Ore Diurne,1,0,0,0,"1,247,153","4,182,012",False
2701174,5,18/02/2016 17:35:00,Strada Urbana,da specificare,,VIA DI PIETRALATA,,,dir. Nomentana 20 mt. dopo via R. Fabiani,Veicolo in marcia contro ostacolo accidentale,Curva a visuale libera,Una carreggiata a doppio senso,Asciutto,Asfaltata,Orizzontale,Sereno,Normale,Buona,Ore Diurne,0,0,0,0,"1,255,152","4,191,948",False
2701201,20,18/02/2016 18:00:00,Strada Urbana,in corrispondenza,del civico n.,PIAZZA LAURO DE BOSIS,,15,,Tamponamento,Rettilineo,Due carreggiate,Asciutto,Asfaltata,Verticale ed orizzontale,Nuvoloso,Normale,Buona,Sufficiente,0,0,0,2,,,False
2701166,19,18/02/2016 18:20:00,Strada Urbana,all'intersezione con,VIA PALLANZENO,VIA CHERASCO,VIA PALLANZENO,,,Veicolo in marcia contro ostacolo fisso,Incrocio,Una carreggiata a doppio senso,Asciutto,Asfaltata,Verticale ed orizzontale,Sereno,Normale,Buona,Inesistente,0,0,0,1,"1,234,648","4,195,639",False
2701074,8,18/02/2016 18:25:00,Strada Urbana,da specificare,,VIALE OXFORD,,,(rotatoria) alt. svincolo dir. Via Cambellotti,Scontro laterale fra veicoli in marcia,Rotatoria,Una carreggiata a senso unico di marcia,Asciutto,Asfaltata,Verticale ed orizzontale,Sereno,Normale,Buona,Sufficiente,0,0,0,2,"126,283","4,185,976",True
2701210,13,18/02/2016 18:35:00,Strada Urbana,all'intersezione con,VIA ANTONIO MUNOZ,VIA FABIO GORI,VIA ANTONIO MUNOZ,,,Scontro frontale/laterale DX fra veicoli in marcia,Incrocio,Una carreggiata a doppio senso,Asciutto,Asfaltata,Verticale,Sereno,Scarso,Sufficiente,Sufficiente,1,0,0,1,"1,230,196","4,176,504",False
2701163,19,18/02/2016 18:40:00,Strada Urbana,in prossimit•À_,del civico n.,VIA MATTIA BATTISTINI,,212/d,,Investimento di pedone,Rettilineo,Una carreggiata a doppio senso,Asciutto,Asfaltata,Verticale ed orizzontale,Sereno,Normale,Sufficiente,Sufficiente,1,0,0,1,"1,241,845","4,191,408",False
2701497,17,18/02/2016 18:50:00,Strada Urbana,in prossimit•À_,del civico n.,VIA TRIONFALE,,6812,,Investimento di pedone,Rettilineo,Una carreggiata a senso unico di marcia,Asciutto,Asfaltata,Verticale ed orizzontale,Nuvoloso,Intenso,Buona,Sufficiente,0,0,0,2,"1,244,035","419,335",False
2701169,7,18/02/2016 19:00:00,,in corrispondenza,del civico n.,VIA TUSCOLANA,,440,,Investimento di pedone,,,,,,,,,,0,0,0,4,"1,255,579","4,186,056",False
2701017,11,18/02/2016 19:30:00,Strada Urbana,all'intersezione semaforizzata con,VIA FRANCESCO ACRI,PIAZZALE ROBERTO ARDIGO',VIA FRANCESCO ACRI,,,Investimento di pedone,Intersezione semaforizzata,Una carreggiata a senso unico di marcia,Asciutto,Asfaltata,Verticale ed orizzontale,Sereno,Normale,Sufficiente,Sufficiente,1,0,0,1,"1,248,156","4,184,255",False