ID,Gruppo,_DataOraIncidente,_Localizzazione1,_Localizzazione2,Strada02,Strada1,Strada2,Chilometrica,DaSpecificare,_NaturaIncidente,_ParticolaritaStrade,_TipoStrada,_FondoStradale,_Pavimentazione,_Segnaletica,_CondizioneAtmosferica,_Traffico,_Visibilita,_Illuminazione,NUM_FERITI,_NUM_RISERVATA,_NUM_MORTI,_NUM_ILLESI,Longitudine,Latitudine,CONFERMATO
2701098,5,18/02/2016 19:40:00,Strada Urbana,all'intersezione con,VIA FABRIANO,VIA FIUMINATA,VIA FABRIANO,,,Scontro frontale/laterale SX fra veicoli in marcia,Incrocio,Una carreggiata a doppio senso,Asciutto,Asfaltata,Verticale ed orizzontale,Sereno,Normale,Buona,Ore Diurne,2,0,0,0,"1,258,441","4,194,079",False
2701027,11,18/02/2016 19:45:00,,all'intersezione semaforizzata con,PIAZZALE TOMMASO EDISON,VIALE GUGLIELMO MARCONI,PIAZZALE TOMMASO EDISON,,,Scontro laterale fra veicoli in marcia,,,,,,,,,,1,0,0,1,,,False
2701693,23,18/02/2016 20:15:00,Strada Urbana,in prossimit•À_,del civico n.,VIA CRISTOFORO COLOMBO,,454,,Infortunio per sola frenata improvvisa,Rettilineo,Pi•À_ di due carreggiate,Asciutto,Asfaltata,Verticale ed orizzontale,Sereno,Normale,Buona,Sufficiente,1,0,0,1,"1,248,438","4,185,048",False
2701159,13,18/02/2016 20:30:00,,in prossimit•À_,del civico n.,VIALE DEI ROMAGNOLI,,2191,,Veicolo in marcia contro ostacolo accidentale,,,,,,,,,,0,0,0,1,,,False
2701018,6,18/02/2016 20:45:00,Strada Urbana,all'intersezione con,VIA DEI CICERI,VIA DEGLI ANGELI,VIA DEI CICERI,,,Scontro frontale/laterale DX fra veicoli in marcia,Incrocio,Una carreggiata a doppio senso,Asciutto,Asfaltata,Verticale ed orizzontale,Sereno,Scarso,Buona,Sufficiente,0,0,0,2,"1,254,743","4,187,247",False
2700980,9,18/02/2016 20:50:00,,all'intersezione con,VIA DELLE BETULLE,VIA DELLE ROSE,VIA DELLE BETULLE,,,Scontro laterale fra veicoli in marcia,,,,,,,,,,1,0,0,2,,,False
2701083,8,18/02/2016 20:50:00,,da specificare,,VIA DEL TORRACCIO,,,150 m prima del civ. 276,Veicolo in marcia contro ostacolo accidentale,,,,,,,,,,0,0,0,1,,,False
2701043,6,18/02/2016 21:10:00,Strada Urbana,all'intersezione semaforizzata con,VIA DIGNANO D'ISTRIA,VIA PRENESTINA,VIA DIGNANO D'ISTRIA,,,Veicolo in marcia contro veicolo fermo,Incrocio,Due carreggiate,Asciutto,Asfaltata,Verticale ed orizzontale,Sereno,Scarso,Buona,Sufficiente,1,0,0,1,,,False
2701221,20,18/02/2016 21:40:00,Strada Urbana,da specificare,,VIA ITALO PANATTONI,,,Prossimit•À_ P.zza Azzzarita,Scontro frontale fra veicoli in marcia,Rettilineo,Una carreggiata a doppio senso,Asciutto,Asfaltata,Verticale ed orizzontale,Sereno,Normale,Buona,Sufficiente,0,0,0,3,,,False
2701154,19,18/02/2016 23:50:00,Strada Urbana,all'intersezione con,VIA GIOVANNI ZENATELLO,VIA PIETRO MAFFI,VIA GIOVANNI ZENATELLO,,,Scontro frontale/laterale DX fra veicoli in marcia,Incrocio,Una carreggiata a doppio senso,Asciutto,Asfaltata,Orizzontale,Sereno,Normale,Buona,Sufficiente,0,0,0,2,"1,241,851","4,192,422",True
2701409,1,19/02/2016,Strada Urbana,in prossimit•À_,del civico n.,VIA METASTASIO,,16,,Veicolo in marcia contro ostacolo accidentale,Rettilineo,Una carreggiata a senso unico di marcia,Viscido da liquidi oleosi,In cubetti di porfido,Verticale,Sereno,Scarso,Buona,Ore Diurne,1,0,0,0,"1,247,604","4,190,194",False
2701797,3,19/02/2016 01:30:00,,da specificare,,SOTTOVIA IGNAZIO GUIDI,,,pross.t•À_ corso d'Italia dir.Flaminio,Scontro laterale fra veicoli in marcia,,,,,,,,,,1,0,0,2,,,False
2701046,9,19/02/2016 02:00:00,,all'intersezione semaforizzata con,CIRCONVALLAZIONE APPIA,VIA SIRIA,CIRCONVALLAZIONE APPIA,,,Scontro laterale fra veicoli in marcia,,,,,,,,,,0,0,0,4,,,False
2701391,4,19/02/2016 04:30:00,,all'intersezione semaforizzata con,VIA TARVISIO,VIA DI S. COSTANZA,VIA TARVISIO,,,Scontro frontale/laterale SX fra veicoli in marcia,,,,,,,,,,1,0,0,2,"1,251,505","4,192,219",False
2701191,9,19/02/2016 06:00:00,Strada Urbana,da specificare,,VIA TUSCOLANA,,,fronte LARGO PAOLA FRASSINETTI,Veicolo in marcia contro veicoli in sosta,Rettilineo,Una carreggiata a doppio senso,Asciutto,Asfaltata,Verticale ed orizzontale,Sereno,Scarso,Sufficiente,Sufficiente,0,0,0,2,"1,251,829","4,188,178",False
2702626,7,19/02/2016 06:00:00,Strada Urbana,da specificare,,VIA ACHILLE VERTUNNI,,,in prossimit•À_ Via Collatina (Palo luce n. 1),Scontro frontale/laterale SX fra veicoli in marcia,Rettilineo,Una carreggiata a doppio senso,Asciutto,Asfaltata,Orizzontale,Sereno,Scarso,Buona,Ore Diurne,0,0,0,2,"1,261,518","4,190,435",False
2702463,8,19/02/2016 06:30:00,,da specificare,,VIALE DUILIO CAMBELLOTTI,,,50 m da svincolo dir.ne via TORRACCIO di TORRENOVA,Veicolo in marcia contro ostacolo accidentale,,,,,,,,,,0,0,0,1,,,False
2701220,6,19/02/2016 06:45:00,Statale entro l'abitato,in corrispondenza,del civico n.,VIA CASILINA,,713,,Veicolo in marcia contro veicolo fermo,Rettilineo,Due carreggiate,Asciutto,Asfaltata,Verticale ed orizzontale,Sereno,Normale,Buona,Ore Diurne,1,0,0,2,,,False
2702589,19,19/02/2016 07:30:00,Strada Urbana,in prossimit•À_,del civico n.,VIA PIETRO BEMBO,,191,,Tamponamento Multiplo,Rettilineo,Una carreggiata a doppio senso,Asciutto,Asfaltata,Verticale ed orizzontale,Sereno,Normale,Buona,Ore Diurne,3,0,0,2,"1,241,065","4,191,597",False
2704827,3,19/02/2016 08:10:00,,all'intersezione con,VIA DEI LIBURNI,VIA DEI RAMNI,VIA DEI LIBURNI,,,Scontro frontale/laterale SX fra veicoli in marcia,,,,,,,,,,1,0,0,1,,,False
2702587,5,19/02/2016 08:15:00,,da specificare,,VIA TIBURTINA,,,altezza via L. CESANA,Scontro frontale/laterale SX fra veicoli in marcia,,,,,,,,,,1,0,0,1,"1,255,114","419,113",False
2703080,13,19/02/2016 08:25:00,Strada Urbana,in corrispondenza,del civico n.,VIALE DEI PROMONTORI,,42,,Investimento di pedone,Rettilineo,Due carreggiate,Asciutto,Asfaltata,Orizzontale,Sereno,Normale,Buona,Ore Diurne,0,1,0,1,"1,228,601","4,173,933",False
2702567,10,19/02/2016 08:25:00,Strada Urbana,all'intersezione con,VIA TAURIANOVA,VIALE APPIO CLAUDIO,VIA TAURIANOVA,,,Scontro laterale fra veicoli in marcia,Incrocio,Una carreggiata a senso unico di marcia,Asciutto,Asfaltata,Verticale ed orizzontale,Sereno,Normale,Buona,Ore Diurne,0,0,0,4,"1,255,456","4,183,831",False
2701307,1,19/02/2016 08:30:00,Strada Urbana,in corrispondenza,del civico n.,VIA METASTASIO,,33,,Veicolo in marcia contro ostacolo accidentale,Rettilineo,Una carreggiata a senso unico di marcia,Asciutto,In cubetti di porfido,Verticale,Sereno,Scarso,Buona,Ore Diurne,1,0,0,0,"1,247,604","4,190,195",True
2701325,1,19/02/2016 08:30:00,Strada Urbana,in prossimit•À_,del civico n.,PIAZZA DI FIRENZE,,30,,Veicolo in marcia contro ostacolo accidentale,Rettilineo,Una carreggiata a senso unico di marcia,Viscido da liquidi oleosi,In cubetti di porfido,Verticale,Sereno,Scarso,Buona,Ore Diurne,0,0,0,1,"1,247,597","4,190,214",True
2701629,2,19/02/2016 08:40:00,Strada Urbana,da specificare,,PIAZZALE DI VILLA GIULIA,,,fronte via di Villa Giulia.,Investimento di pedone,Curva a visuale libera,Una carreggiata a doppio senso,Asciutto,Asfaltata,Verticale ed orizzontale,Sereno,Normale,Buona,Ore Diurne,2,0,0,0,,,False
2702570,17,19/02/2016 08:50:00,Strada Urbana,in corrispondenza,del civico n.,VIALE GIULIO CESARE,,54f,,Scontro laterale fra veicoli in marcia,,Due carreggiate,Asciutto,Acciotolata,Verticale ed orizzontale,Sereno,Normale,Buona,Ore Diurne,0,0,0,2,"1,246,029","4,190,306",False
2702462,11,19/02/2016 08:55:00,Strada Urbana,da specificare,,VIA DI TOR CARBONE,,,prossimit•À_ VIA ARDEATINA,Tamponamento Multiplo,Curva a visuale libera,Una carreggiata a senso unico di marcia,Asciutto,Asfaltata,Verticale ed orizzontale,Sereno,Normale,Buona,Ore Diurne,0,0,0,3,"1,252,009","4,182,704",True
2701272,17,19/02/2016 08:55:00,Strada Urbana,all'intersezione con,VIA VARRONE,VIA CRESCENZIO,VIA VARRONE,,,Scontro laterale fra veicoli in marcia,Intersezione stradale segnalata,Una carreggiata a doppio senso,Asciutto,In cubetti di porfido,Verticale ed orizzontale,Sereno,Normale,Buona,Ore Diurne,0,0,0,2,,,False
2702595,17,19/02/2016 09:00:00,Strada Urbana,da specificare,,VIALE DEI BASTIONI DI MICHELANGELO,,,altezza p.zza risorgimento,Tamponamento,Rettilineo,Una carreggiata a doppio senso,Asciutto,Asfaltata,Verticale,Sereno,Normale,Buona,Ore Diurne,0,0,0,4,"1,245,609","4,190,631",False
2702550,10,19/02/2016 09:00:00,,da specificare,,VIA TUSCOLANA,,,laterale dir gra pross 1570,Investimento di pedone,,,,,,,,,,1,0,0,0,,,False
2702168,9,19/02/2016 09:05:00,,in corrispondenza,del civico n.,VIA CASILINA VECCHIA,,27,,Veicolo in marcia contro ostacolo fisso,,,,,,,,,,0,0,0,1,"1,252,402","418,874",False
2702465,8,19/02/2016 09:15:00,,da specificare,,VIALE DUILIO CAMBELLOTTI,,,50 m prima svincolo via TORRACCIO DI TORRENOVA,Veicolo in marcia contro ostacolo accidentale,,,,,,,,,,0,0,0,1,,,False
2702467,8,19/02/2016 09:20:00,,da specificare,,VIALE DUILIO CAMBELLOTTI,,,50 m prima svincolo via TORRACCIO DI TORRENOVA,Veicolo in marcia contro ostacolo accidentale,,,,,,,,,,0,0,0,1,,,False
2702594,19,19/02/2016 09:30:00,Strada Urbana,in corrispondenza,del civico n.,VIA DEI MONTI DI PRIMAVALLE,,193,,Investimento di pedone,Rettilineo,Una carreggiata a doppio senso,Asciutto,Asfaltata,Verticale ed orizzontale,Sereno,Intenso,Buona,Ore Diurne,1,0,0,1,"1,241,377","4,190,799",False
2703538,6,19/02/2016 09:40:00,Strada Urbana,in prossimit•À_,del civico n.,VIA PRENESTINA,,189,,Veicolo in marcia contro veicolo in sosta,Rettilineo,Una carreggiata a senso unico di marcia,Asciutto,Asfaltata,Verticale ed orizzontale,Sereno,Normale,Buona,Ore Diurne,1,0,0,0,,,False
2702538,20,19/02/2016 09:40:00,Regionale entro l'abitato,in corrispondenza,del civico n.,VIA CASSIA,,964,,Scontro frontale/laterale SX fra veicoli in marcia,Rettilineo,Una carreggiata a doppio senso,Asciutto,Asfaltata,Verticale ed orizzontale,Sereno,Normale,Buona,Ore Diurne,0,0,0,3,,,False
2702619,20,19/02/2016 09:45:00,Strada Urbana,in corrispondenza,del civico n.,VIA STEFANO JACINI,,30,,Veicolo in marcia contro veicolo arresto,Rettilineo,Una carreggiata a doppio senso,Asciutto,Asfaltata,Verticale ed orizzontale,Sereno,Scarso,Buona,Ore Diurne,0,0,0,3,,,False
2703114,13,19/02/2016 10:00:00,Strada Urbana,in corrispondenza,del civico n.,VIA GINO BONICHI,,155,,Scontro laterale fra veicoli in marcia,Rettilineo,Una carreggiata a senso unico di marcia,Asciutto,Asfaltata,Verticale ed orizzontale,Sereno,Normale,Buona,Ore Diurne,0,0,0,2,"1,236,024","4,177,441",False
2701791,9,19/02/2016 10:30:00,Strada Urbana,in corrispondenza,del civico n.,VIA SATRICO,,30,,Veicolo in marcia contro veicolo in sosta,Rettilineo,Una carreggiata a doppio senso,Asciutto,Asfaltata,Verticale ed orizzontale,Sereno,Normale,Buona,Ore Diurne,0,0,0,1,"1,250,719","4,187,718",True
2701603,1,19/02/2016 10:45:00,Strada Urbana,in prossimit•À_,del civico n.,VIA CONTE VERDE,,31,,Scontro frontale/laterale SX fra veicoli in marcia,Rettilineo,Una carreggiata a doppio senso,Asciutto,Asfaltata,Verticale ed orizzontale,Sereno,Normale,Buona,Ore Diurne,1,0,0,1,"1,250,653","4,189,333",False
2703153,13,19/02/2016 10:45:00,Strada Urbana,da specificare,,VIALE DEI ROMAGNOLI,,,alt. VIA DELLA CANAPA,Scontro laterale fra veicoli in marcia,Rettilineo,Una carreggiata a senso unico di marcia,Asciutto,Asfaltata,Verticale ed orizzontale,Sereno,Normale,Buona,Ore Diurne,0,0,0,2,"1,236,495","4,178,585",False
2702748,1,19/02/2016 10:45:00,Strada Urbana,da specificare,,VIA DEI CERCHI,,,altezza area interna VIII DIP.TO,Investimento di pedone,Rettilineo,Una carreggiata a senso unico di marcia,Asciutto,,,Sereno,Scarso,Buona,Ore Diurne,1,0,0,1,,,False
2702479,11,19/02/2016 10:45:00,Strada Urbana,all'intersezione con,VIA GIOVANNI GENOCCHI,VIA CRISTOFORO COLOMBO,VIA GIOVANNI GENOCCHI,,,Tamponamento Multiplo,Intersezione semaforizzata,Pi•À_ di due carreggiate,Asciutto,Asfaltata,Verticale ed orizzontale,Nuvoloso,Normale,Buona,Ore Diurne,0,0,0,2,"1,249,607","4,185,895",True
2702468,8,19/02/2016 10:50:00,,da specificare,,VIALE DUILIO CAMBELLOTTI,,,50 m prima svincolo via TORRACCIO DI TORRENOVA,Veicolo in marcia contro ostacolo accidentale,,,,,,,,,,0,0,0,3,,,False
2701551,17,19/02/2016 11:00:00,Strada Urbana,all'intersezione con,VIA GERMANICO,VIA FABIO MASSIMO,VIA GERMANICO,,,Scontro frontale/laterale DX fra veicoli in marcia,,,,,,,,,,0,0,0,2,,,False
2704832,16,19/02/2016 11:15:00,Strada Urbana,in prossimit•À_,del civico n.,VIA ANTONIO CESARI,,11,,Scontro laterale fra veicoli in marcia,Pendenza,Una carreggiata a doppio senso,Asciutto,Asfaltata,Assente,Nuvoloso,Scarso,Buona,Ore Diurne,0,0,0,2,"1,246,013","4,188,043",True
2702473,8,19/02/2016 11:25:00,,da specificare,,VIALE DUILIO CAMBELLOTTI,,,50 m prima svincolo via TORRACCIO DI TORRENOVA,Veicolo in marcia contro ostacolo accidentale,,,,,,,,,,0,0,0,1,,,False
2701818,15,19/02/2016 11:30:00,Strada Urbana,da specificare,,LUNGOTEVERE DI PIETRA PAPA,,,PROX. VIA S. GHERARDI,Veicolo in marcia contro veicolo in sosta,Rettilineo,Due carreggiate,Asciutto,Asfaltata,Orizzontale,Sereno,Scarso,Buona,Ore Diurne,0,0,0,1,"1,247,394","4,186,264",False
2704542,18,19/02/2016 11:30:00,Strada Urbana,da specificare,,VIA MATTIA BATTISTINI,,,in prossimita' di Via di Boccea,Scontro laterale fra veicoli in marcia,Rettilineo,Una carreggiata a doppio senso,Asciutto,Asfaltata,Verticale ed orizzontale,Nuvoloso,Normale,Buona,Ore Diurne,0,0,0,2,"1,241,019","4,190,456",True
2702478,8,19/02/2016 11:35:00,,da specificare,,VIALE DUILIO CAMBELLOTTI,,,50 m prima svincolo via TORRACCIO DI TORRENOVA,Veicolo in marcia contro ostacolo accidentale,,,,,,,,,,0,0,0,2,,,False
2702639,17,19/02/2016 11:40:00,Strada Urbana,all'intersezione semaforizzata con,VIALE GIUSEPPE MAZZINI,VIALE ANGELICO,VIALE GIUSEPPE MAZZINI,,,Scontro laterale fra veicoli in marcia,Incrocio,Pi•À_ di due carreggiate,Asciutto,Asfaltata,Verticale ed orizzontale,Sereno,Normale,Buona,Ore Diurne,0,0,0,3,"1,245,848","4,191,506",False
2702159,2,19/02/2016 12:00:00,Strada Urbana,all'intersezione con,VIA RUGGERO FAURO,VIA GUALTIERO CASTELLINI,VIA RUGGERO FAURO,,,Scontro laterale fra veicoli in marcia,Incrocio,Una carreggiata a doppio senso,Asciutto,Asfaltata,Verticale ed orizzontale,Sereno,Normale,Buona,Ore Diurne,1,0,0,1,,,False
2701823,15,19/02/2016 12:00:00,Strada Urbana,da specificare,,VIALE GUGLIELMO MARCONI,,,FRONTE VIA E. DAL POZZO,Tamponamento,Rettilineo,Due carreggiate,Asciutto,Asfaltata,Orizzontale,Sereno,Normale,Buona,Ore Diurne,0,0,0,2,"1,247,124","4,185,748",False
2701829,15,19/02/2016 12:04:00,Strada Urbana,in corrispondenza,del civico n.,VIA PORTUENSE,,261,,Scontro frontale/laterale DX fra veicoli in marcia,Rettilineo,Una carreggiata a doppio senso,Asciutto,Asfaltata,Orizzontale,Nuvoloso,Normale,Buona,Ore Diurne,0,0,0,4,"1,246,494","4,186,823",True
2702773,5,19/02/2016 12:10:00,Strada Urbana,in prossimit•À_,del civico n.,VIA IGNAZIO PETTINENGO,,70,,Veicolo in marcia contro veicolo fermo,Rettilineo,Una carreggiata a doppio senso,Asciutto,Asfaltata,Assente,Sereno,Scarso,Buona,Ore Diurne,0,0,0,2,"1,253,852","4,190,094",True
2702779,5,19/02/2016 12:20:00,Strada Urbana,in prossimit•À_,del civico n.,VIA DI PORTONACCIO,,226,,Tamponamento Multiplo,Rettilineo,Due carreggiate,Asciutto,Asfaltata,Verticale ed orizzontale,Sereno,Normale,Buona,Ore Diurne,0,0,0,3,"1,254,053","4,189,681",True
2704809,12,19/02/2016 12:25:00,Strada Urbana,da specificare,,VIA LUIGI CONDORELLI,,,all'altezza di via Paride Stefanini,Veicolo in marcia contro ostacolo accidentale,Curva a visuale libera,Una carreggiata a senso unico di marcia,Asciutto,Asfaltata,Verticale ed orizzontale,Sereno,Scarso,Buona,Ore Diurne,0,0,0,1,"1,249,637","4,190,278",True
2701752,10,19/02/2016 12:30:00,Strada Urbana,all'intersezione con,VIA DI S. TARCISIO,VIA APPIA NUOVA,VIA DI S. TARCISIO,,,Scontro laterale fra veicoli in marcia,Intersezione non regolata/non segnalata,Due carreggiate,Asciutto,Asfaltata,Assente,Nuvoloso,Normale,Buona,Ore Diurne,1,0,0,2,,,False
2702483,8,19/02/2016 12:30:00,,all'intersezione con,VIA CASAMONTE,VIA DI CARCARICOLA,VIA CASAMONTE,,,Veicolo in marcia contro ostacolo accidentale,,,,,,,,,,0,0,0,2,,,False
2701840,15,19/02/2016 13:00:00,,all'intersezione con,VIA DEL FOSSO DELLA MAGLIANA,VIA PORTUENSE,VIA DEL FOSSO DELLA MAGLIANA,,,Scontro laterale fra veicoli in marcia,,,,,,,,,,1,0,0,1,"1,240,939","4,184,342",False
2702652,17,19/02/2016 13:00:00,Strada Urbana,da specificare,,VIA GIOVANNI VITELLESCHI,,,altezza via degli ombrellari,Scontro frontale/laterale SX fra veicoli in marcia,Rettilineo,Una carreggiata a senso unico di marcia,Asciutto,Asfaltata,Verticale ed orizzontale,Sereno,Intenso,Buona,Ore Diurne,1,0,0,2,"1,246,118","4,190,493",False
2704882,16,19/02/2016 13:20:00,Strada Urbana,all'intersezione con,CIRCONVALLAZIONE GIANICOLENSE,PIAZZALE ENRICO DUNANT,CIRCONVALLAZIONE GIANICOLENSE,,,Scontro laterale fra veicoli in marcia,Intersezione semaforizzata,Pi•À_ di due carreggiate,Asciutto,Asfaltata,Verticale,Sereno,Normale,Buona,Ore Diurne,1,0,0,2,"124,594","4,187,167",False
2702515,20,19/02/2016 13:55:00,Strada Urbana,all'intersezione con,VIA CASSIA,VIA DELLA CAPPELLETTA DELLA GIUSTINIANA,VIA CASSIA,,,Scontro frontale/laterale SX fra veicoli in marcia,Intersezione stradale segnalata,Una carreggiata a senso unico di marcia,Asciutto,Asfaltata,Verticale ed orizzontale,Nuvoloso,Normale,Buona,Ore Diurne,1,0,0,1,,,False
2701909,10,19/02/2016 14:45:00,Statale,da specificare,,VIA APPIA NUOVA,,,poco prima di via del Quadraro,Tamponamento,Rettilineo,Due carreggiate,Asciutto,Asfaltata,Verticale ed orizzontale,Nuvoloso,Normale,Buona,Ore Diurne,0,0,0,3,"1,254,988","4,184,974",False
2702678,1,19/02/2016 14:45:00,Strada Urbana,in corrispondenza,del civico n.,VIA LUCA DELLA ROBBIA,,47,,Veicolo in marcia contro veicolo in sosta,Rettilineo,Una carreggiata a senso unico di marcia,Asciutto,Asfaltata,Verticale ed orizzontale,Nuvoloso,Scarso,Buona,Ore Diurne,0,0,0,1,"1,247,711","4,188,019",True
2701994,9,19/02/2016 15:05:00,Strada Urbana,all'intersezione semaforizzata con,VIA CASTEL GANDOLFO,VIA ROCCA DI PAPA,VIA CASTEL GANDOLFO,,,Scontro laterale fra veicoli in marcia,Incrocio,Una carreggiata a doppio senso,Asciutto,Asfaltata,Verticale ed orizzontale,Nuvoloso,Normale,Buona,Ore Diurne,0,0,0,3,,,False
2703198,13,19/02/2016 15:15:00,Strada Urbana,all'intersezione con,VIA DI MACCHIA PALOCCO,VIA DEL FOSSO DI DRAGONCELLO,VIA DI MACCHIA PALOCCO,,,Scontro frontale/laterale DX fra veicoli in marcia,Incrocio,Una carreggiata a doppio senso,Asciutto,Asfaltata,Verticale ed orizzontale,Sereno,Normale,Buona,Ore Diurne,1,0,0,1,"1,232,915","4,176,106",False
2702012,10,19/02/2016 15:30:00,Strada Urbana,all'intersezione con,VIA CORTALE,VIA DI CASAL MORENA,VIA CORTALE,,,Scontro frontale/laterale DX fra veicoli in marcia,Intersezione stradale segnalata,Una carreggiata a doppio senso,Asciutto,Asfaltata,Orizzontale,Nuvoloso,Normale,Buona,Ore Diurne,1,0,0,1,"1,261,775","4,182,684",False
2702181,12,19/02/2016 15:30:00,Strada Urbana,da specificare,,VIADOTTO DELLA MAGLIANA,,,(dir. FIUMICINO) prox V.le del Cappellaccio,Tamponamento Multiplo,Rettilineo,Due carreggiate,Asciutto,Asfaltata,Verticale ed orizzontale,Sereno,Intenso,Buona,Ore Diurne,0,0,0,2,"1,246,157","4,183,976",False
2702189,2,19/02/2016 15:45:00,Strada Urbana,da specificare,,LUNGOTEVERE DELLE NAVI,,,pros. ingresso Ministero Marina,Scontro laterale fra veicoli in marcia,Rettilineo,Una carreggiata a senso unico di marcia,Asciutto,Asfaltata,Orizzontale,Sereno,Normale,Buona,Ore Diurne,0,0,0,3,,,False
2702708,1,19/02/2016 15:55:00,Strada Urbana,all'intersezione semaforizzata con,PIAZZA DI PORTA CAPENA,VIALE AVENTINO,PIAZZA DI PORTA CAPENA,,,Scontro laterale fra veicoli in marcia,Intersezione semaforizzata,Pi•À_ di due carreggiate,Asciutto,Asfaltata,Verticale ed orizzontale,Sereno,Normale,Buona,Ore Diurne,0,0,0,2,,,False
2702144,9,19/02/2016 16:00:00,,all'intersezione con,VIA MUZIO SCEVOLA,VIA DI S. MARIA AUSILIATRICE,VIA MUZIO SCEVOLA,,,Scontro frontale/laterale DX fra veicoli in marcia,,,,,,,,,,0,0,0,4,,,False
2704895,2,19/02/2016 16:00:00,Strada Urbana,da specificare,,VIA DEL FORO ITALICO,,,dir. S. Giovanni in pross. uscita Flaminia,Tamponamento,Rettilineo,Due carreggiate,Asciutto,Asfaltata,Verticale ed orizzontale,Sereno,Intenso,Buona,Ore Diurne,0,0,0,4,"1,248,276","4,194,007",True
2702513,15,19/02/2016 16:00:00,Strada Urbana,in corrispondenza,del civico n.,VIA PORTUENSE,,559/A,,Tamponamento,Rettilineo,Due carreggiate,Asciutto,Asfaltata,Verticale ed orizzontale,Nuvoloso,Normale,Buona,Ore Diurne,0,0,0,2,"1,244,584","4,185,603",False
2702511,15,19/02/2016 16:20:00,,da specificare,,LARGO GAETANO LA LOGGIA,,,fronte civico  11,Scontro laterale fra veicoli in marcia,,,,,,,,,,1,0,0,1,,,False
2702582,4,19/02/2016 16:30:00,Strada Urbana,all'intersezione con,VIA GIACOMO ZANELLA,VIA GIOVANNI VERGA,VIA GIACOMO ZANELLA,,,Scontro frontale/laterale DX fra veicoli in marcia,Incrocio,Una carreggiata a senso unico di marcia,Asciutto,Asfaltata,Verticale ed orizzontale,Sereno,Normale,Buona,Ore Diurne,0,0,0,4,"1,256,089","4,194,876",False
2702059,6,19/02/2016 16:40:00,Strada Urbana,in corrispondenza,del civico n.,VIALE PARTENOPE,,116,,Infortunio per caduta del veicolo,Rettilineo,Due carreggiate,Asciutto,Asfaltata,Verticale ed orizzontale,Nuvoloso,Normale,Buona,Ore Diurne,0,0,0,2,"1,255,115","4,189,012",True
2702489,8,19/02/2016 17:00:00,Strada Urbana,in prossimit•À_,del civico n.,VIA BORGHESIANA,,404,,Scontro frontale/laterale DX fra veicoli in marcia,Rettilineo,Una carreggiata a doppio senso,Asciutto,Con buche,Verticale ed orizzontale,Sereno,Normale,Buona,Ore Diurne,1,0,0,2,,,False
2702508,15,19/02/2016 17:00:00,Strada Urbana,da specificare,,PONTE GUGLIELMO MARCONI,,,in prossimit•À_ Piazza A. Righi,Scontro laterale fra veicoli in marcia,Rettilineo,Una carreggiata a doppio senso,Asciutto,Asfaltata,Verticale ed orizzontale,Nuvoloso,Intenso,Buona,Ore Diurne,0,0,0,2,"1,247,063","4,185,905",True
2702209,12,19/02/2016 17:40:00,Provinciale entro l'abitato,da specificare,,VIA LAURENTINA,,,(dir. ROMA) altezza V. di Tor Pagnotta ,Scontro laterale fra veicoli in marcia,Curva senza visuale libera,Due carreggiate,Asciutto,Asfaltata,Temporanea di cantiere,Sereno,Normale,Buona,Ore Diurne,0,0,0,3,"1,248,218","4,180,343",True
2703531,6,19/02/2016 18:45:00,Strada Urbana,in corrispondenza,del civico n.,VIA ADRIANO BALBI,,13,,Veicolo in marcia contro veicolo in sosta,,,Asciutto,Asfaltata,Assente,,Normale,Sufficiente,,3,0,0,0,,,False
2702693,1,19/02/2016 18:45:00,Strada Urbana,all'intersezione semaforizzata con,VIA DELLA FERRATELLA IN LATERANO,LARGO DELL'AMBA ARADAM,VIA DELLA FERRATELLA IN LATERANO,,,Scontro laterale fra veicoli in marcia,Intersezione semaforizzata,Una carreggiata a doppio senso,Asciutto,Asfaltata,Verticale ed orizzontale,Sereno,Normale,Buona,Sufficiente,0,0,0,2,,,False
2702230,19,19/02/2016 19:15:00,Strada Urbana,all'intersezione con,VIA DEI MONTI DI PRIMAVALLE,PIAZZA CLEMENTE XI,VIA DEI MONTI DI PRIMAVALLE,,,Investimento di pedone,Incrocio,Una carreggiata a doppio senso,Asciutto,Asfaltata,Orizzontale,Sereno,Intenso,Buona,Sufficiente,2,0,0,1,"1,241,458","4,191,393",True
2702510,9,19/02/2016 19:20:00,,in corrispondenza,del civico n.,VIA SATRICO,,57,,Infortunio per caduta del veicolo,,,,,,,,,,1,0,0,1,"1,250,897","4,187,643",False
2707779,1,19/02/2016 19:30:00,Strada Urbana,in prossimit•À_,del civico n.,VIA DEL CORSO,,193,,Investimento di pedone,Rettilineo,Una carreggiata a doppio senso,Asciutto,Asfaltata,Verticale ed orizzontale,Sereno,Normale,Buona,Sufficiente,1,0,0,1,,,False
2705668,16,19/02/2016 19:35:00,Strada Urbana,in corrispondenza,del civico n.,VIALE DEI COLLI PORTUENSI,,522,,Tamponamento,Rettilineo,Due carreggiate,Asciutto,Asfaltata,Verticale ed orizzontale,Sereno,Normale,Buona,Sufficiente,0,0,0,5,"1,244,336","4,186,255",True
2702522,9,19/02/2016 19:38:00,,da specificare,,VIA APPIA PIGNATELLI,,,PALO ACEA 366,Scontro laterale fra veicoli in marcia,,,,,,,,,,0,0,0,2,"125,357","4,184,614",False
2702786,5,19/02/2016 19:50:00,Strada Urbana,in prossimit•À_,del civico n.,VIA IGINO GIORDANI,,60,,Tamponamento,Rettilineo,Una carreggiata a doppio senso,Asciutto,Asfaltata,Orizzontale,Sereno,Normale,Sufficiente,Sufficiente,0,0,0,2,"1,256,206","4,190,638",True