ID,Gruppo,_DataOraIncidente,_Localizzazione1,_Localizzazione2,Strada02,Strada1,Strada2,Chilometrica,DaSpecificare,_NaturaIncidente,_ParticolaritaStrade,_TipoStrada,_FondoStradale,_Pavimentazione,_Segnaletica,_CondizioneAtmosferica,_Traffico,_Visibilita,_Illuminazione,NUM_FERITI,_NUM_RISERVATA,_NUM_MORTI,_NUM_ILLESI,Longitudine,Latitudine,CONFERMATO
2702685,17,19/02/2016 20:20:00,,in prossimit•À_,del civico n.,PIAZZA COLA DI RIENZO,,80,,Veicolo in marcia contro veicolo fermo,,,,,,,,,,0,0,0,2,"1,246,788","4,190,845",False
2702581,20,19/02/2016 20:30:00,Strada Urbana,all'intersezione con,VIALE DI TOR DI QUINTO,VIA DELLA STAZIONE DI TOR DI QUINTO,VIALE DI TOR DI QUINTO,,,Tamponamento,Incrocio,Una carreggiata a doppio senso,Asciutto,Asfaltata,Orizzontale,Nuvoloso,Normale,Sufficiente,Sufficiente,1,0,0,2,,,False
2702497,8,19/02/2016 20:30:00,Strada Urbana,da specificare,,VIALE DEI ROMANISTI,,,prossimit•À_ via F.C. ANNESSI,Veicolo in marcia contro ostacolo accidentale,Rettilineo,Due carreggiate,Asciutto,Asfaltata,Verticale ed orizzontale,Sereno,Intenso,Insufficiente,Inesistente,0,0,0,1,"1,257,733","4,186,774",True
2702706,17,19/02/2016 20:55:00,Strada Urbana,all'intersezione con,VIA DEL FORO OLITORIO,VIA LUIGI PETROSELLI,VIA DEL FORO OLITORIO,,,Scontro frontale/laterale DX fra veicoli in marcia,Intersezione semaforizzata,Una carreggiata a doppio senso,Asciutto,In cubetti di porfido,Verticale ed orizzontale,Sereno,Normale,Buona,Sufficiente,0,0,0,5,"1,248,043","4,189,087",False
2703277,13,19/02/2016 21:15:00,Strada Urbana,in corrispondenza,del civico n.,VIA MAR DEI CORALLI,,2,,Veicolo in marcia contro ostacolo accidentale,Rettilineo,Una carreggiata a doppio senso,Asciutto,Asfaltata,Orizzontale,Sereno,Scarso,Sufficiente,Sufficiente,0,0,0,2,"1,230,194","4,172,938",False
2705200,2,19/02/2016 21:15:00,,da specificare,,CIRCONVALLAZIONE SALARIA,,,ALTEZZA USCITA VIA BATTERIA NOMENTANA,Scontro laterale fra veicoli in marcia,,,,,,,,,,1,0,0,2,,,False
2702493,8,19/02/2016 22:15:00,Strada Urbana,da specificare,,VIALE DEI ROMANISTI,,,prossimit•À_ via F. C. ANNESSI,Veicolo in marcia contro ostacolo accidentale,Rettilineo,Due carreggiate,Asciutto,Asfaltata,Verticale ed orizzontale,Sereno,Scarso,Insufficiente,Inesistente,0,0,0,1,"1,257,736","4,186,771",True
2702658,7,19/02/2016 22:45:00,Strada Urbana,all'intersezione con,VIA MARIO ALICATA,VIALE SACCO E VANZETTI,VIA MARIO ALICATA,,,Scontro laterale fra veicoli in marcia,Incrocio,Due carreggiate,Asciutto,Asfaltata,Verticale ed orizzontale,Nuvoloso,Scarso,Sufficiente,Sufficiente,0,0,0,2,"1,256,841","4,190,957",False
2704539,18,19/02/2016 23:00:00,Strada Urbana,all'intersezione semaforizzata con,VIA DI BOCCEA,LARGO GREGORIO XIII,VIA DI BOCCEA,,,Scontro frontale/laterale DX fra veicoli in marcia,Intersezione semaforizzata,Una carreggiata a doppio senso,Asciutto,Asfaltata,Verticale,Nuvoloso,Scarso,Sufficiente,Sufficiente,1,0,0,3,"1,241,878","4,190,377",False
2702615,19,19/02/2016 23:20:00,Strada Urbana,in corrispondenza,del civico n.,VIA DI SELVA CANDIDA,,388,,Tamponamento,Rettilineo,Una carreggiata a doppio senso,Asciutto,Asfaltata,Orizzontale,Nuvoloso,Scarso,Buona,Sufficiente,2,0,0,0,"1,237,873","4,193,889",True
2702621,1,19/02/2016 23:30:00,Strada Urbana,da specificare,,VIA CRISTOFORO COLOMBO,,,altezza 4 ARCHI direzione l.go TERME DI CARACALLA,Scontro frontale/laterale DX fra veicoli in marcia,Rettilineo,Pi•À_ di due carreggiate,Asciutto,Asfaltata,Verticale ed orizzontale,Sereno,Scarso,Buona,Sufficiente,0,0,0,3,,,False
2705675,16,19/02/2016 23:30:00,,da specificare,,VIA AURELIA ANTICA,,,all'intersezione con lo svincolo Leone XIII,Scontro frontale fra veicoli in marcia,,,,,,,,,,0,0,0,4,,,False
2702579,12,20/02/2016 00:45:00,,all'intersezione con,VIA CELINE,VIA LAURENTINA,VIA CELINE,,,Scontro frontale/laterale DX fra veicoli in marcia,,,,,,,,,,0,0,0,2,,,False
2702499,8,20/02/2016 01:00:00,,da specificare,,VIALE DUILIO CAMBELLOTTI,,,100 m prima via TOR BELLA MONACA,Veicolo in marcia contro ostacolo accidentale,,,,,,,,,,0,0,0,2,,,False
2702622,4,20/02/2016 01:20:00,Provinciale entro l'abitato,in prossimit•À_,del civico n.,VIA NOMENTANA,,1099,,Scontro frontale fra veicoli in marcia,Rettilineo,Una carreggiata a doppio senso,Asciutto,Asfaltata,Verticale ed orizzontale,Sereno,Normale,Buona,Sufficiente,0,0,0,4,"1,257,242","4,195,291",False
2703300,13,20/02/2016 01:25:00,Strada Urbana,all'intersezione con,VIA STEFANO CANSACCHI,VIALE VASCO DE GAMA,VIA STEFANO CANSACCHI,,,Scontro frontale/laterale SX fra veicoli in marcia,Incrocio,Due carreggiate,Asciutto,Asfaltata,Verticale,Sereno,Scarso,Sufficiente,Sufficiente,0,0,0,3,"1,227,588","4,173,418",False
2702665,1,20/02/2016 01:45:00,Strada Urbana,in prossimit•À_,del palo luce n.,VIA DI S. GREGORIO,,13,,Veicolo in marcia contro ostacolo fisso,Curva senza visuale libera,Due carreggiate,Asciutto,Asfaltata,Verticale ed orizzontale,Nuvoloso,Scarso,Buona,Sufficiente,0,0,0,1,,,False
2702502,8,20/02/2016 02:10:00,,da specificare,,VIA DEL FOSSO DI S. MAURA,,,50 m prima cavalcavia GRA direzione via SILICELLA,Veicolo in marcia contro ostacolo accidentale,,,,,,,,,,0,0,0,1,,,False
2702503,8,20/02/2016 02:21:00,,da specificare,,VIA DEL FOSSO DI S. MAURA,,,50 m prima cavalcavia GRA direzione via SILICELLA,Veicolo in marcia contro ostacolo accidentale,,,,,,,,,,0,0,0,1,,,False
2704546,18,20/02/2016 02:30:00,,in prossimit•À_,del civico n.,VIA PIEVE DI CADORE,,25,,Veicolo in marcia contro veicolo in sosta,,,,,,,,,,1,0,0,0,"1,243,805","4,193,967",False
2702555,9,20/02/2016 03:30:00,,da specificare,,PIAZZALE LABICANO,,,PROSS. SCALO S.LORENZO,Tamponamento Multiplo,,,,,,,,,,0,0,0,5,"1,251,559","4,189,125",False
2702821,12,20/02/2016 04:00:00,Strada Urbana,da specificare,,VIALE DON PASQUINO BORGHI,,,rampa di accesso Via C.Colombo (laterale) dir GRA,Fuoriuscita dalla sede stradale,Curva senza visuale libera,Una carreggiata a senso unico di marcia,Asciutto,Asfaltata,Verticale ed orizzontale,Sereno,Scarso,Buona,Ore Diurne,0,0,0,1,"1,244,957","4,180,595",True
2704389,11,20/02/2016 05:30:00,Strada Urbana,all'intersezione con,PIAZZA EUGENIO BIFFI,CIRCONVALLAZIONE OSTIENSE,PIAZZA EUGENIO BIFFI,,,Veicolo in marcia contro veicoli in sosta,Incrocio,Pi•À_ di due carreggiate,Bagnato (pioggia),Asfaltata,Verticale ed orizzontale,Nuvoloso,Scarso,Buona,Ore Diurne,0,0,0,2,"1,249,018","4,186,731",True
2702670,11,20/02/2016 05:30:00,Strada Urbana,all'intersezione con,VIA GAETANO CASATI,CIRCONVALLAZIONE OSTIENSE,VIA GAETANO CASATI,,,Scontro frontale fra veicoli in marcia,Intersezione stradale segnalata,Due carreggiate,Asciutto,Asfaltata,Verticale ed orizzontale,Sereno,Scarso,Sufficiente,Sufficiente,1,0,0,1,"124,857","418,674",False
2702653,1,20/02/2016 05:30:00,Strada Urbana,all'intersezione con,VIA SAN QUINTINO,VIA STATILIA,VIA SAN QUINTINO,,,Veicolo in marcia contro veicoli in sosta,Incrocio,Una carreggiata a senso unico di marcia,Asciutto,Asfaltata,Verticale ed orizzontale,Nuvoloso,Scarso,Buona,Sufficiente,0,0,0,4,,,False
2704830,4,20/02/2016 06:15:00,Strada Urbana,in prossimit•À_,del civico n.,VIA CAMILLO PILOTTO,,110,,Veicolo in marcia contro veicoli in sosta,Rettilineo,Una carreggiata a senso unico di marcia,Asciutto,Asfaltata,Assente,Sereno,Scarso,Buona,Sufficiente,0,0,0,1,,,False
2703537,20,20/02/2016 06:20:00,Strada Urbana,in prossimit•À_,del palo luce n.,VIALE DI TOR DI QUINTO,,58,,Veicolo in marcia contro ostacolo fisso,Rettilineo,Una carreggiata a doppio senso,Bagnato (pioggia),Asfaltata,Orizzontale,Nuvoloso,Scarso,Buona,Sufficiente,0,0,0,1,,,False
2703587,17,20/02/2016 08:05:00,,in prossimit•À_,del civico n.,PIAZZA ADRIANA,,10 bis,,Veicolo in marcia contro ostacolo fisso,,,,,,,,,,0,0,0,1,"1,246,704","4,190,502",False
2704435,11,20/02/2016 08:15:00,Strada Urbana,in corrispondenza,del civico n.,VIA DELL'ARCADIA,,17,,Scontro laterale fra veicoli in marcia,Rettilineo,Una carreggiata a senso unico di marcia,Bagnato (umidit•À_ in atto),Asfaltata,Verticale ed orizzontale,Nuvoloso,Scarso,Buona,Ore Diurne,0,0,0,3,"1,249,585","4,185,587",False
2704706,4,20/02/2016 08:40:00,Strada Urbana,da specificare,,PIAZZA MONTE GENNARO,,,snc,Scontro frontale/laterale SX fra veicoli in marcia,Rettilineo,Una carreggiata a doppio senso,Asciutto,Asfaltata,Verticale ed orizzontale,Sereno,Normale,Buona,Ore Diurne,0,0,0,2,,,False
2702765,1,20/02/2016 09:10:00,Strada Urbana,in corrispondenza,del civico n.,VIA CALABRIA,,25,,Veicolo in marcia contro veicoli in arresto,Rettilineo,Una carreggiata a senso unico di marcia,Bagnato (pioggia),Asfaltata,Verticale ed orizzontale,Nuvoloso,Scarso,Buona,Ore Diurne,1,0,0,1,,,False
2704599,8,20/02/2016 09:15:00,,in prossimit•À_,del civico n.,VIA DEI CENTAURI,,146,,Veicolo in marcia contro ostacolo accidentale,,,,,,,,,,0,0,0,1,,,False
2704356,5,20/02/2016 09:15:00,Strada Urbana,all'intersezione con,VIA EUGENIO TORELLI VIOLLIER,LARGO ANTONIO BELTRAMELLI,VIA EUGENIO TORELLI VIOLLIER,,,Scontro frontale/laterale SX fra veicoli in marcia,Incrocio,Una carreggiata a senso unico di marcia,Asciutto,Asfaltata,Verticale,Sereno,Normale,Sufficiente,Sufficiente,1,0,0,1,"1,253,787","419,105",False
2702669,10,20/02/2016 09:30:00,Strada Urbana,da specificare,,VIA ANAGNINA,,,altezza palo acea n.•À_108,Fuoriuscita dalla sede stradale,Rettilineo,Due carreggiate,Bagnato (pioggia),Asfaltata,Verticale ed orizzontale,Sereno,Scarso,Buona,Ore Diurne,0,0,0,2,"1,259,511","4,183,289",True
2704853,3,20/02/2016 09:30:00,Strada Urbana,da specificare,,PIAZZALE DEL VERANO,,,interno Cimitero Verano altezza riq. 73,Scontro frontale/laterale SX fra veicoli in marcia,Rettilineo,Una carreggiata a doppio senso,Bagnato (umidit•À_ in atto),Asfaltata,Assente,Sereno,Scarso,Buona,Ore Diurne,1,0,0,1,"1,252,675","4,190,279",True
2704589,8,20/02/2016 10:00:00,Strada Urbana,da specificare,,VIALE DEI ROMANISTI,,,in prossimit•À_ di Via F. C. Annessi,Veicolo in marcia contro ostacolo accidentale,Rettilineo,Due carreggiate,Asciutto,Asfaltata,Verticale ed orizzontale,Sereno,Normale,Buona,Ore Diurne,0,0,0,2,"1,257,733","4,186,753",False
2703541,13,20/02/2016 10:00:00,Strada Urbana,in corrispondenza,del civico n.,VIA GIOVANNI BATTISTA ZANNONI,,25,,Veicolo in marcia contro ostacolo accidentale,Rettilineo,Una carreggiata a doppio senso,Asciutto,Asfaltata,Assente,Sereno,Scarso,Buona,Ore Diurne,0,0,0,1,"1,230,498","4,177,226",True
2704859,7,20/02/2016 10:00:00,Strada Urbana,in corrispondenza,del civico n.,VIA CASILINA,,977,,Tamponamento Multiplo,Rettilineo,Una carreggiata a doppio senso,Asciutto,Asfaltata,Verticale ed orizzontale,Sereno,Normale,Sufficiente,Ore Diurne,1,0,0,2,,,False
2703770,8,20/02/2016 10:40:00,Strada Urbana,all'intersezione con,VIA OTTORINO POMILIO,VIA GIOVANNI CAPRONI,VIA OTTORINO POMILIO,,,Scontro laterale fra veicoli in marcia,Incrocio,Una carreggiata a doppio senso,Asciutto,Asfaltata,Verticale,Sereno,Normale,Buona,Ore Diurne,0,0,0,1,,,False
2704586,8,20/02/2016 11:05:00,,da specificare,,VIALE DEI ROMANISTI,,,in prossimit•À_ di Via F. C. Annessi,Veicolo in marcia contro ostacolo accidentale,,,,,,,,,,0,0,0,1,,,False
2704754,4,20/02/2016 11:10:00,Strada Urbana,da specificare,,VIA CECCO ANGIOLIERI,,,50 mt prima di Via Capuana,Veicolo in marcia contro ostacolo accidentale,Rettilineo,Una carreggiata a doppio senso,Asciutto,Con buche,Orizzontale,Sereno,Normale,Buona,Ore Diurne,0,0,0,1,"1,254,475","4,194,515",False
2703539,6,20/02/2016 11:10:00,Strada Urbana,all'intersezione con,VIA DEI GORDIANI,VIA CASILINA,VIA DEI GORDIANI,,,Scontro frontale/laterale DX fra veicoli in marcia,Incrocio,Pi•À_ di due carreggiate,Asciutto,Asfaltata,Verticale ed orizzontale,Sereno,Intenso,Buona,Ore Diurne,2,0,0,1,,,False
2703554,13,20/02/2016 11:10:00,Strada Urbana,all'intersezione con,VIA RUTILIO NAMAZIANO,VIALE DELLA MARINA,VIA RUTILIO NAMAZIANO,,,Investimento di pedone,Incrocio,Due carreggiate,Asciutto,Asfaltata,Verticale ed orizzontale,Sereno,Intenso,Buona,Ore Diurne,1,0,0,2,"1,227,673","4,173,026",False
2703592,17,20/02/2016 11:15:00,Strada Urbana,all'intersezione con,BORGO S. ANGELO,PIAZZA PIA,BORGO S. ANGELO,,,Scontro laterale fra veicoli in marcia,Incrocio,Una carreggiata a senso unico di marcia,Asciutto,Asfaltata,Verticale ed orizzontale,Sereno,Normale,Buona,Ore Diurne,0,0,0,2,"1,246,431","419,033",False
2703571,13,20/02/2016 11:30:00,Strada Urbana,all'intersezione con,VIA POGGIO DI VENACO,VIALE DESIDERATO PIETRI,VIA POGGIO DI VENACO,,,Scontro laterale fra veicoli in marcia,Incrocio,Due carreggiate,Asciutto,Asfaltata,Orizzontale,Sereno,Normale,Buona,Ore Diurne,0,0,0,5,"1,229,129","4,172,731",False
2704594,8,20/02/2016 11:40:00,,da specificare,,VIALE DEI ROMANISTI,,,in prossimit•À_ di Via F. C. Annessi,Veicolo in marcia contro ostacolo accidentale,,,,,,,,,,0,0,0,1,,,False
2703549,20,20/02/2016 12:15:00,,in prossimit•À_,del civico n.,VIALE DI TOR DI QUINTO,,37/A,,Tamponamento,,,,,,,,,,0,0,0,2,,,False
2703515,13,20/02/2016 13:00:00,Provinciale,in corrispondenza,della chilometrica,VIA LITORANEA,,8,,Scontro frontale/laterale SX fra veicoli in marcia,Rettilineo,Una carreggiata a doppio senso,Asciutto,Asfaltata,Orizzontale,Sereno,Normale,Buona,Ore Diurne,1,0,0,3,"1,239,892","4,167,002",False
2704646,4,20/02/2016 13:25:00,Comunale extraurbana,in prossimit•À_,del civico n.,VIA NOMENTANA,,15,,Veicolo in marcia contro ostacolo fisso,Rettilineo,Una carreggiata a doppio senso,Asciutto,Asfaltata,Verticale ed orizzontale,Sereno,Normale,Buona,Ore Diurne,0,0,0,1,"1,252,987","4,193,383",False
2704514,19,20/02/2016 13:30:00,Strada Urbana,in corrispondenza,del civico n.,VIALE DELLE MEDAGLIE D'ORO,,386,,Scontro laterale fra veicoli in marcia,Rettilineo,Una carreggiata a doppio senso,Asciutto,Asfaltata,Orizzontale,Sereno,Normale,Buona,Ore Diurne,0,0,0,2,"1,244,544","4,192,117",True
2704785,7,20/02/2016 13:50:00,Strada Urbana,in corrispondenza,del civico n.,VIA PRENESTINA,,510,,Tamponamento,Rettilineo,Una carreggiata a doppio senso,Asciutto,Asfaltata,Orizzontale,Sereno,Normale,Buona,Ore Diurne,0,0,0,2,"1,257,391","4,189,432",False
2703020,6,20/02/2016 14:15:00,Strada Urbana,da specificare,,VIALE FILARETE,,,fronte civico 70,Scontro laterale fra veicoli in marcia,Rettilineo,Due carreggiate,Asciutto,Asfaltata,Orizzontale,Sereno,Normale,Buona,Ore Diurne,0,0,0,4,"1,253,843","4,188,026",False
2703280,18,20/02/2016 14:30:00,Strada Urbana,all'intersezione con,VIA ADRIANO I,VIA MATTIA BATTISTINI,VIA ADRIANO I,,,Tamponamento,Incrocio,Una carreggiata a doppio senso,Asciutto,Asfaltata,Assente,Sereno,Normale,Buona,Ore Diurne,1,0,0,1,"1,241,843","4,191,376",False
2704263,9,20/02/2016 14:30:00,,all'intersezione con,VIA ALBA,VIA APPIA NUOVA,VIA ALBA,,,Scontro frontale/laterale SX fra veicoli in marcia,,,,,,,,,,0,0,0,2,"1,251,715","4,187,947",False
2704458,7,20/02/2016 15:00:00,Strada Urbana,all'intersezione con,VIA DEI PLATANI,VIA TOR DE' SCHIAVI,VIA DEI PLATANI,,,Scontro frontale/laterale DX fra veicoli in marcia,Incrocio,Una carreggiata a doppio senso,Asciutto,Asfaltata,Verticale ed orizzontale,Sereno,Normale,Buona,Ore Diurne,1,0,0,1,"1,256,353","4,188,124",True
2703560,17,20/02/2016 15:15:00,Strada Urbana,all'intersezione con,VIA PIETRO CAVALLINI,VIA VITTORIA COLONNA,VIA PIETRO CAVALLINI,,,Scontro frontale fra veicoli in marcia,Incrocio,Una carreggiata a doppio senso,Asciutto,Asfaltata,Orizzontale,Sereno,Normale,Buona,Ore Diurne,1,0,0,1,"1,247,279","4,190,511",False
2704580,19,20/02/2016 15:30:00,Strada Urbana,da specificare,,VIA MASSIMI,,,fronte civico 3,Scontro laterale fra veicoli in marcia,Rettilineo,Una carreggiata a doppio senso,Asciutto,Asfaltata,Assente,Sereno,Normale,Buona,Ore Diurne,0,0,0,2,"1,244,596","4,192,644",True
2704733,1,20/02/2016 15:40:00,Strada Urbana,in corrispondenza,del palo luce n.,LUNGOTEVERE IN AUGUSTA,,9,,Investimento di pedone,Rettilineo,Una carreggiata a senso unico di marcia,Asciutto,Asfaltata,Verticale ed orizzontale,Sereno,Normale,Buona,Ore Diurne,1,0,0,3,,,False
2704265,9,20/02/2016 16:00:00,,in prossimit•À_,del civico n.,VIA ALBANO,,48h,,Tamponamento,,,,,,,,,,0,0,0,2,"1,253,234","4,186,983",False
2704894,12,20/02/2016 16:00:00,Strada Urbana,all'intersezione con,VIA DI ACQUA ACETOSA OSTIENSE,VIA LAURENTINA,VIA DI ACQUA ACETOSA OSTIENSE,,,Investimento di pedone,Intersezione semaforizzata,Due carreggiate,Asciutto,Asfaltata,Verticale ed orizzontale,Sole radente,Normale,Sufficiente,Ore Diurne,3,0,0,2,,,False
2704829,1,20/02/2016 16:00:00,Strada Urbana,all'intersezione semaforizzata con,VIA CAVOUR,PIAZZA DELL'ESQUILINO,VIA CAVOUR,,,Scontro laterale fra veicoli in marcia,Intersezione semaforizzata,Una carreggiata a doppio senso,Asciutto,Asfaltata,Verticale ed orizzontale,Sereno,Normale,Buona,Ore Diurne,0,0,0,3,,,False
2704615,8,20/02/2016 16:40:00,Strada Urbana,da specificare,,VIA BARRAFRANCA,,,ALT. V. FONTANA CANDIDA,Veicolo in marcia contro veicolo in sosta,Rettilineo,Una carreggiata a senso unico di marcia,Asciutto,Asfaltata,Verticale,Sereno,Scarso,Buona,Ore Diurne,0,0,0,0,,,False
2704618,8,20/02/2016 17:00:00,,da specificare,,VIA DON PRIMO MAZZOLARI,,,ALT. VIA R. FOLLERAU,Investimento di pedone,,,,,,,,,,1,0,0,0,,,False
2704776,1,20/02/2016 17:00:00,Strada Urbana,in corrispondenza,del civico n.,PIAZZA CASTELLANI,,23,,Veicolo in marcia contro veicolo in sosta,Rotatoria,Una carreggiata a senso unico di marcia,Asciutto,Acciotolata,Verticale ed orizzontale,Sereno,Scarso,Buona,Ore Diurne,0,0,0,0,,,False
2703533,20,20/02/2016 17:55:00,,all'intersezione con,VIA DEGLI ORTI DELLA FARNESINA,VIA NEMEA,VIA DEGLI ORTI DELLA FARNESINA,,,Investimento di pedone,,,,,,,,,,1,0,0,2,,,False
2704620,8,20/02/2016 18:00:00,,all'intersezione con,VIALE PIETRO ANDERLONI,VIA AMICO ASPERTINI,VIALE PIETRO ANDERLONI,,,Scontro frontale/laterale DX fra veicoli in marcia,,,,,,,,,,1,0,0,3,,,False
2704436,11,20/02/2016 18:20:00,Strada Urbana,in prossimit•À_,del civico n.,VIA LAURENTINA,,155a,,Investimento di pedone,Rettilineo,Due carreggiate,Asciutto,Asfaltata,Orizzontale,Sereno,Scarso,Buona,Sufficiente,1,0,0,1,,,False
2704622,8,20/02/2016 18:45:00,Statale entro l'abitato,in prossimit•À_,del civico n.,VIA CASILINA,,1790,,Veicolo in marcia contro ostacolo fisso,Rettilineo,Una carreggiata a doppio senso,Asciutto,Asfaltata,Verticale ed orizzontale,Sereno,Normale,Buona,Sufficiente,0,0,0,1,"1,268,029","4,186,295",False
2704555,4,20/02/2016 18:50:00,Strada Urbana,in prossimit•À_,del civico n.,VIA MONTE BIANCO,,43,,Veicolo in marcia contro veicolo in sosta,Curva a visuale libera,Una carreggiata a doppio senso,Asciutto,Asfaltata,Verticale ed orizzontale,Sereno,Normale,Buona,Sufficiente,0,0,0,2,"1,253,238","4,194,322",True
2704362,10,20/02/2016 19:15:00,,all'intersezione con,VIA FILIPPO SERAFINI,VIALE PALMIRO TOGLIATTI,VIA FILIPPO SERAFINI,,,Investimento di pedone,,,,,,,,,,1,0,0,2,,,False
2705547,18,20/02/2016 20:05:00,,all'intersezione con,VIA NAZARETH,VIA DI BOCCEA,VIA NAZARETH,,,Scontro laterale fra veicoli in marcia,,,,,,,,,,1,0,0,4,,,False
2704521,12,20/02/2016 20:15:00,Strada Urbana,in corrispondenza,del civico n.,VIA DI TRIGORIA,,90,,Tamponamento,Rettilineo,Una carreggiata a doppio senso,Asciutto,Asfaltata,Verticale ed orizzontale,Nuvoloso,Scarso,Buona,Sufficiente,0,0,0,3,"1,247,784","4,176,745",True
2703553,20,20/02/2016 20:15:00,Regionale entro l'abitato,in prossimit•À_,del civico n.,VIA CASSIA,,1450,,Tamponamento,Rettilineo,Una carreggiata a doppio senso,Asciutto,Asfaltata,Orizzontale,Sereno,Normale,Buona,Sufficiente,1,0,0,1,,,False
2704681,19,20/02/2016 20:45:00,Strada Urbana,in corrispondenza,del civico n.,VIA CASSIA,,901 R,,Scontro frontale/laterale DX fra veicoli in marcia,Rettilineo,Una carreggiata a doppio senso,Asciutto,Asfaltata,Orizzontale,Sereno,Normale,Buona,Sufficiente,2,0,0,0,"124,354","4,197,027",True
2703562,17,20/02/2016 20:45:00,,da specificare,,VIA CIPRO,,,in prossimit•À_ di v. della meloria,Tamponamento,,,,,,,,,,2,0,0,1,"1,244,656","4,190,696",False
2703572,17,20/02/2016 22:10:00,Strada Urbana,in corrispondenza,del civico n.,VIA DEL MASCHERINO,,88,,Scontro laterale fra veicoli in marcia,Rettilineo,Una carreggiata a doppio senso,Asciutto,Acciotolata,Verticale ed orizzontale,Sereno,Scarso,Sufficiente,Sufficiente,0,0,0,5,"1,245,893","4,190,498",False
2726303,2,20/02/2016 22:30:00,,da specificare,,VIALE PARIOLI,,,prossimit•À_ Via Stoppani,Veicolo in marcia contro ostacolo accidentale,,,,,,,,,,1,0,0,0,,,False
2704384,11,20/02/2016 23:20:00,Strada Urbana,all'intersezione con,VIA ANDREA MANTEGNA,VIA DEI GEORGOFILI,VIA ANDREA MANTEGNA,,,Scontro frontale/laterale DX fra veicoli in marcia,Incrocio,Pi•À_ di due carreggiate,Asciutto,Asfaltata,Verticale ed orizzontale,Sereno,Scarso,Sufficiente,Sufficiente,0,0,0,6,"1,249,391","4,185,188",False
2704459,11,21/02/2016,Strada Urbana,in corrispondenza,del palo luce n.,VIA OSTIENSE,,254,,Fuoriuscita dalla sede stradale,Curva a visuale libera,Una carreggiata a doppio senso,Asciutto,Asfaltata,Orizzontale,Sereno,Scarso,Sufficiente,Sufficiente,0,0,0,0,"1,247,166","418,462",True
2703579,17,21/02/2016,Strada Urbana,in prossimit•À_,del civico n.,VIA PRINCIPE EUGENIO,,97,,Veicolo in marcia contro ostacolo fisso,Rettilineo,Pi•À_ di due carreggiate,Asciutto,Asfaltata,Verticale ed orizzontale,Sereno,Scarso,Buona,Sufficiente,0,0,0,1,"1,250,892","4,189,334",False
2704941,1,21/02/2016 00:30:00,Strada Urbana,da specificare,,CORSO D'ITALIA,,,tratto compreso tra VIA MARCHE e VIA TOSCANA,Veicolo in marcia contro ostacolo accidentale,Rettilineo,Pi•À_ di due carreggiate,Asciutto,Asfaltata,Verticale ed orizzontale,Sereno,Scarso,Sufficiente,Sufficiente,0,0,0,1,"1,249,135","4,191,057",True
2704871,1,21/02/2016 00:50:00,Strada Urbana,in prossimit•À_,del civico n.,VIA GIOVANNI GIOLITTI,,359,,Veicolo in marcia contro veicoli in sosta,Rettilineo,Una carreggiata a senso unico di marcia,Asciutto,Asfaltata,Verticale ed orizzontale,Sereno,Scarso,Buona,Sufficiente,0,0,0,0,,,False
2704545,8,21/02/2016 01:00:00,,da specificare,,VIA DI SALONE,,,ALTEZZA VIA NOALE,Veicolo in marcia contro ostacolo accidentale,,,,,,,,,,0,0,0,1,,,False
2704266,9,21/02/2016 01:20:00,,all'intersezione con,VIA MARIO BROGLIO,VIA LUCREZIA ROMANA,VIA MARIO BROGLIO,,,Scontro frontale/laterale SX fra veicoli in marcia,,,,,,,,,,0,0,0,3,"1,257,875","4,183,189",False
2703548,6,21/02/2016 01:50:00,Strada Urbana,all'intersezione con,VIA SESTIO MENAS,VIA ATTIO LABEONE,VIA SESTIO MENAS,,,Infortunio per caduta del veicolo,Incrocio,Una carreggiata a doppio senso,Asciutto,Asfaltata,Verticale ed orizzontale,,Scarso,Sufficiente,Sufficiente,2,0,0,1,,,False
2704976,1,21/02/2016 01:50:00,Strada Urbana,in prossimit•À_,del civico n.,VIA DI TOR PIGNATTARA,,118,,Scontro frontale/laterale SX fra veicoli in marcia,Rettilineo,Una carreggiata a senso unico di marcia,Asciutto,Asfaltata,Verticale ed orizzontale,Sereno,Normale,Buona,Sufficiente,1,0,0,1,,,False
2703607,6,21/02/2016 02:30:00,Strada Urbana,in corrispondenza,del civico n.,VIA PRENESTINA,,26,,Veicolo in marcia contro veicoli in sosta,Rettilineo,Pi•À_ di due carreggiate,Asciutto,Asfaltata,Orizzontale,Sereno,Normale,Buona,Ore Diurne,0,0,0,0,,,False
2704512,4,21/02/2016 04:00:00,,da specificare,,VIA DELLA TORRE SALARIA,,,direzione Roma centro alt. rampa via Cortona,Veicolo in marcia contro veicoli fermi,,,,,,,,,,0,0,0,0,"1,250,646","4,196,677",False
2705046,12,21/02/2016 04:25:00,Strada Urbana,da specificare,,VIALE GIUSTINIANO IMPERATORE,,,ALTEZZA CIVICO N.140,Veicolo in marcia contro veicolo in sosta,Pendenza,Due carreggiate,Asciutto,Asfaltata,Verticale ed orizzontale,Sereno,Scarso,Buona,Sufficiente,1,0,0,0,"1,248,295","4,185,609",False
2704381,11,21/02/2016 05:00:00,Strada Urbana,da specificare,,VIALE DELL'ARTE,,,in prossimit•À_ di Via della Musica,Veicolo in marcia contro veicolo in sosta,Rettilineo,Una carreggiata a doppio senso,Asciutto,Asfaltata,Verticale ed orizzontale,Sereno,Scarso,Buona,Sufficiente,0,0,0,1,"1,247,442","4,182,979",False