ID,Gruppo,_DataOraIncidente,_Localizzazione1,_Localizzazione2,Strada02,Strada1,Strada2,Chilometrica,DaSpecificare,_NaturaIncidente,_ParticolaritaStrade,_TipoStrada,_FondoStradale,_Pavimentazione,_Segnaletica,_CondizioneAtmosferica,_Traffico,_Visibilita,_Illuminazione,NUM_FERITI,_NUM_RISERVATA,_NUM_MORTI,_NUM_ILLESI,Longitudine,Latitudine,CONFERMATO
2709098,5,24/02/2016 12:45:00,Strada Urbana,da specificare,,VIA DEI MONTI TIBURTINI,,,200 mt.prima della rampa per tang.dir.Foro Italico,Veicolo in marcia contro ostacolo accidentale,Curva a visuale libera,Due carreggiate,Asciutto,Asfaltata,Verticale ed orizzontale,Sereno,Scarso,Buona,Ore Diurne,0,0,0,2,,,False
2710803,16,24/02/2016 13:05:00,,in prossimit•À_,del civico n.,VIALE ISACCO NEWTON,,20,,Investimento di pedone,,,,,,,,,,0,0,0,3,,,False
2708150,4,24/02/2016 13:05:00,Strada Urbana,all'intersezione con,VIA SERGIO TOFANO,VIA GIULIO PASQUATI,VIA SERGIO TOFANO,,,Scontro frontale/laterale DX fra veicoli in marcia,Incrocio,Una carreggiata a senso unico di marcia,Asciutto,Asfaltata,Verticale,Sereno,Scarso,Buona,Ore Diurne,1,0,0,1,,,False
2708960,8,24/02/2016 13:10:00,Strada Urbana,all'intersezione con,VIA MONTAGANO,VIA DEL FOSSO DELL'OSA,VIA MONTAGANO,,,Scontro frontale/laterale SX fra veicoli in marcia,Incrocio,Una carreggiata a doppio senso,Asciutto,Asfaltata,Verticale ed orizzontale,Sereno,Normale,Buona,Ore Diurne,0,0,0,3,"1,268,403","4,190,434",False
2708326,12,24/02/2016 13:15:00,Strada Urbana,all'intersezione con,VIA RENZO BERTANI,VIA PONTINA,VIA RENZO BERTANI,,,Scontro frontale/laterale DX fra veicoli in marcia,Incrocio,Una carreggiata a doppio senso,Asciutto,Asfaltata,Verticale ed orizzontale,Sereno,Scarso,Buona,Ore Diurne,0,0,0,2,,,False
2709484,17,24/02/2016 13:15:00,,in prossimit•À_,del civico n.,VIALE DELLE MEDAGLIE D'ORO,,36,,Veicolo in marcia contro ostacolo accidentale,,,,,,,,,,0,0,0,1,"1,244,735","4,191,015",False
2709070,11,24/02/2016 13:50:00,Strada Urbana,all'intersezione con,VIA DELLA FOTOGRAFIA,VIA ARDEATINA,VIA DELLA FOTOGRAFIA,,,Scontro frontale/laterale DX fra veicoli in marcia,Incrocio,Pi•À_ di due carreggiate,Asciutto,Asfaltata,Verticale ed orizzontale,Sereno,Normale,Sufficiente,Ore Diurne,1,0,0,1,"1,251,793","4,183,941",False
2708240,20,24/02/2016 14:20:00,Regionale entro l'abitato,in corrispondenza,del civico n.,VIA CASSIA,,1844,,Tamponamento Multiplo,Rettilineo,Una carreggiata a doppio senso,Asciutto,Asfaltata,Verticale ed orizzontale,Sereno,Normale,Buona,Ore Diurne,0,0,0,6,,,False
2708720,9,24/02/2016 14:25:00,,da specificare,,VIA FRASCATI,,,prossimit•À_ VIA DEMETRIADE,Scontro frontale fra veicoli in marcia,,,,,,,,,,1,0,0,1,,,False
2708952,8,24/02/2016 14:30:00,Strada Urbana,in prossimit•À_,del civico n.,VIA DI PRATOLUNGO CASILINO,,138,,Veicolo in marcia contro ostacolo accidentale,Rettilineo,Una carreggiata a doppio senso,Asciutto,Asfaltata,Assente,Sereno,Normale,Buona,Ore Diurne,0,0,0,1,"1,266,614","4,188,605",True
2709082,20,24/02/2016 14:50:00,Regionale entro l'abitato,in prossimit•À_,della chilometrica,VIA FLAMINIA,,7.9,,Tamponamento Multiplo,Rettilineo,Due carreggiate,Asciutto,Asfaltata,Verticale ed orizzontale,Sereno,Normale,Buona,Ore Diurne,0,0,0,3,,,False
2708578,10,24/02/2016 15:00:00,Strada Urbana,da specificare,,PIAZZA ARULENO CELIO SABINO,,,altezza Chiesa San Policarpo,Scontro laterale fra veicoli in marcia,Rettilineo,Due carreggiate,Asciutto,Asfaltata,Verticale ed orizzontale,Sereno,Normale,Buona,Ore Diurne,0,0,0,2,"1,255,832","4,185,291",True
2708968,11,24/02/2016 15:00:00,Strada Urbana,all'intersezione semaforizzata con,VIA SALVATORE PINCHERLE,VIALE GUGLIELMO MARCONI,VIA SALVATORE PINCHERLE,,,Tamponamento,Incrocio,Due carreggiate,Asciutto,Asfaltata,Verticale ed orizzontale,Sereno,Normale,Buona,Ore Diurne,0,1,0,1,,,False
2708534,2,24/02/2016 15:20:00,Strada Urbana,all'intersezione semaforizzata con,VIA GIOVANNI SGAMBATI,VIA PINCIANA,VIA GIOVANNI SGAMBATI,,,Scontro laterale fra veicoli in marcia,Intersezione semaforizzata,Una carreggiata a doppio senso,Asciutto,Asfaltata,Verticale ed orizzontale,Sereno,Normale,Buona,Ore Diurne,0,0,0,2,"1,249,346","4,191,357",False
2709073,20,24/02/2016 15:35:00,Strada Urbana,all'intersezione con,VIA NEMEA,VIA CASSIA,VIA NEMEA,,,Scontro frontale/laterale SX fra veicoli in marcia,Incrocio,Una carreggiata a senso unico di marcia,Asciutto,Asfaltata,Verticale ed orizzontale,Sereno,Normale,Buona,Ore Diurne,0,0,0,5,,,False
2709141,4,24/02/2016 15:45:00,Strada Urbana,in prossimit•À_,del civico n.,VIA MONTE MASSICO,,17,,Scontro frontale/laterale SX fra veicoli in marcia,Rettilineo,Una carreggiata a senso unico di marcia,Asciutto,Asfaltata,Verticale ed orizzontale,Sereno,Normale,Buona,Ore Diurne,0,0,0,2,"1,253,511","4,195,051",False
2709123,20,24/02/2016 15:50:00,Strada Urbana,in corrispondenza,del civico n.,VIA DELLA STAZIONE DI CESANO,,671/A,,Veicolo in marcia contro veicolo arresto,Rettilineo,Una carreggiata a doppio senso,Asciutto,Asfaltata,Verticale ed orizzontale,Sereno,Normale,Buona,Ore Diurne,0,0,0,3,,,False
2709114,4,24/02/2016 16:00:00,Strada Urbana,in prossimit•À_,del civico n.,VIALE JONIO,,31,,Tamponamento,Rettilineo,Due carreggiate,Asciutto,Asfaltata,Orizzontale,Sereno,Normale,Buona,Ore Diurne,0,0,0,3,"1,254,452","4,194,365",False
2709091,5,24/02/2016 16:00:00,Strada Urbana,da specificare,,VIALE DELLA SERENISSIMA,,,alt. svincolo A24 dir. Prenestina,Scontro laterale fra veicoli in marcia,Rettilineo,Due carreggiate,Asciutto,Asfaltata,Verticale ed orizzontale,Sereno,Normale,Buona,Ore Diurne,0,0,0,4,"1,255,697","4,190,242",True
2710779,16,24/02/2016 16:40:00,,in corrispondenza,del civico n.,VIALE DEI COLLI PORTUENSI,,75,,Scontro frontale/laterale DX fra veicoli in marcia,,,,,,,,,,0,0,0,2,,,False
2708531,10,24/02/2016 16:45:00,Strada Urbana,in corrispondenza,del civico n.,VIA RANUCCIO BIANCHI BANDINELLI,,31,,Scontro frontale/laterale SX fra veicoli in marcia,Rettilineo,Una carreggiata a doppio senso,Asciutto,Asfaltata,Assente,Sereno,Normale,Buona,Ore Diurne,0,0,0,2,,,False
2709219,4,24/02/2016 16:45:00,,all'intersezione semaforizzata con,VIA DI CASAL BOCCONE,VIA NOMENTANA,VIA DI CASAL BOCCONE,,,Scontro frontale/laterale DX fra veicoli in marcia,,,,,,,,,,0,0,0,2,"125,656","4,194,651",False
2708516,20,24/02/2016 17:00:00,Strada Urbana,in corrispondenza,del civico n.,VIA DEGLI ORTI DELLA FARNESINA,,133a,,Veicolo in marcia contro veicoli in sosta,Rettilineo,Una carreggiata a senso unico di marcia,Asciutto,Asfaltata,Orizzontale,Sereno,Normale,Buona,Ore Diurne,0,0,0,1,,,False
2714371,18,24/02/2016 17:05:00,Strada Urbana,all'intersezione con,VIA ANTONIO MAGLIO,VIA SUOR MARIA AGOSTINA,VIA ANTONIO MAGLIO,,,Investimento di pedone,Intersezione stradale segnalata,Due carreggiate,Asciutto,Asfaltata,Verticale ed orizzontale,Sereno,Normale,Buona,Ore Diurne,1,0,0,1,,,False
2708967,8,24/02/2016 17:15:00,Strada Urbana,da specificare,,VIALE DUILIO CAMBELLOTTI,,,prox VIA DEL TORRACCIO DI TORRENOVA,Veicolo in marcia contro ostacolo accidentale,Rettilineo,Due carreggiate,Asciutto,Con buche,Verticale ed orizzontale,Sereno,Normale,Buona,Ore Diurne,0,0,0,1,"1,262,935","4,186,719",True
2710070,1,24/02/2016 17:15:00,Strada Urbana,all'intersezione semaforizzata con,LUNGOTEVERE DE' CENCI,PONTE GARIBALDI,LUNGOTEVERE DE' CENCI,,,Scontro frontale/laterale SX fra veicoli in marcia,Intersezione semaforizzata,Pi•À_ di due carreggiate,Asciutto,Asfaltata,Verticale ed orizzontale,Sereno,Normale,Buona,Ore Diurne,0,0,0,3,,,False
2709695,12,24/02/2016 17:20:00,Strada Urbana,in corrispondenza,del civico n.,VIA PAOLO BUZZI,,124/126,,Veicolo in marcia contro veicolo in sosta,Rettilineo,Una carreggiata a senso unico di marcia,Asciutto,Asfaltata,Verticale ed orizzontale,Sereno,Normale,Sufficiente,Ore Diurne,0,0,0,2,"124,819","4,181,134",True
2710852,16,24/02/2016 17:25:00,,all'intersezione con,VICOLO SILVESTRI,VIA SILVESTRI,VICOLO SILVESTRI,,,Scontro frontale fra veicoli in marcia,,,,,,,,,,0,0,0,1,,,False
2709697,12,24/02/2016 17:30:00,Provinciale entro l'abitato,in corrispondenza,della chilometrica,VIA DELLA SOLFARATA,,10.8,,Veicolo in marcia contro ostacolo accidentale,Curva senza visuale libera,Una carreggiata a doppio senso,Asciutto,Asfaltata,Verticale ed orizzontale,Sereno,Scarso,Sufficiente,Ore Diurne,1,0,0,0,,,False
2714275,18,24/02/2016 17:40:00,,in prossimit•À_,del civico n.,VIA DI BOCCEA,,135,,Scontro laterale fra veicoli in marcia,,,,,,,,,,0,0,0,2,"1,242,334","4,190,242",False
2710952,16,24/02/2016 18:10:00,Strada Urbana,in corrispondenza,del civico n.,VIA AURELIA ANTICA,,200,,Scontro frontale/laterale SX fra veicoli in marcia,Rettilineo,Una carreggiata a doppio senso,Asciutto,Asfaltata,Assente,Sereno,Intenso,Buona,Sufficiente,0,0,0,2,"1,244,362","4,188,915",False
2708928,13,24/02/2016 18:15:00,Statale,in corrispondenza,della chilometrica,VIA DEL MARE,,20.1,,Scontro frontale/laterale SX fra veicoli in marcia,Rettilineo,Una carreggiata a doppio senso,Asciutto,Asfaltata,Verticale ed orizzontale,Sereno,Intenso,Sufficiente,Inesistente,2,0,0,0,"1,248,847","416,637",False
2708971,8,24/02/2016 18:15:00,Strada Urbana,in prossimit•À_,del civico n.,VIA DI FONTANA CANDIDA,,16/A,,Scontro laterale fra veicoli in marcia,Rettilineo,Una carreggiata a doppio senso,Asciutto,Asfaltata,Orizzontale,Sereno,Normale,Buona,Sufficiente,0,0,0,3,"1,268,747","4,186,131",True
2709545,2,24/02/2016 18:30:00,,all'intersezione con,VIA ARNO,VIA GARIGLIANO,VIA ARNO,,,Scontro frontale/laterale DX fra veicoli in marcia,,,,,,,,,,1,0,0,1,,,False
2709308,1,24/02/2016 18:45:00,Strada Urbana,all'intersezione con,LARGO DEI FIORENTINI,LUNGOTEVERE DEI SANGALLO,LARGO DEI FIORENTINI,,,Scontro laterale fra veicoli in marcia,Incrocio,Una carreggiata a senso unico di marcia,Asciutto,Asfaltata,Verticale ed orizzontale,Sereno,Intenso,Buona,Sufficiente,1,0,0,1,,,False
2709543,2,24/02/2016 18:55:00,Strada Urbana,da specificare,,VIALE DEL MURO TORTO,,,"direz. P.le Brasile, altezza palo ACEA n. 27",Scontro laterale fra veicoli in marcia,Curva senza visuale libera,Una carreggiata a senso unico di marcia,Asciutto,Asfaltata,Verticale ed orizzontale,Sereno,Normale,Buona,Sufficiente,0,0,0,2,"1,249,637","4,190,278",False
2709206,1,24/02/2016 19:00:00,Strada Urbana,in prossimit•À_,del civico n.,VIA ANGELO MASINA,,2,,Scontro laterale fra veicoli in marcia,Rettilineo,Una carreggiata a senso unico alternato,Asciutto,Asfaltata,Verticale ed orizzontale,Sereno,Scarso,Sufficiente,Sufficiente,0,0,0,4,,,False
2709553,2,24/02/2016 19:00:00,Strada Urbana,all'intersezione con,VIA GARIGLIANO,VIA ARNO,VIA GARIGLIANO,,,Veicolo in marcia contro veicolo in sosta,Incrocio,Una carreggiata a senso unico di marcia,Asciutto,Asfaltata,Verticale ed orizzontale,Sereno,Normale,Buona,Sufficiente,0,0,0,1,"1,250,018","4,191,923",False
2708979,8,24/02/2016 19:05:00,Strada Urbana,in prossimit•À_,del civico n.,VIA DI TORRE SPACCATA,,234,,Scontro laterale fra veicoli in marcia,Rettilineo,Una carreggiata a doppio senso,Bagnato (pioggia),Asfaltata,Verticale ed orizzontale,Sereno,Normale,Buona,Sufficiente,1,0,0,1,,,False
2710838,2,24/02/2016 19:15:00,,all'intersezione semaforizzata con,VIA CESARE FRACASSINI,VIA FLAMINIA,VIA CESARE FRACASSINI,,,Scontro frontale/laterale DX fra veicoli in marcia,,,,,,,,,,0,0,0,1,,,False
2709446,3,24/02/2016 19:30:00,,da specificare,,CIRCONVALLAZIONE TIBURTINA,,,pross.•À_ fine rampa immissione di Via Tiburtina,Ribaltamento senza urto contro ostacolo fisso,,,,,,,,,,1,0,0,0,,,False
2709190,7,24/02/2016 19:30:00,,in prossimit•À_,del civico n.,VIALE PALMIRO TOGLIATTI,,852,,Scontro laterale fra veicoli in marcia,,,,,,,,,,1,0,0,4,,,False
2709061,19,24/02/2016 20:05:00,Strada Urbana,all'intersezione con,VIA SEGRATE,VIA DELLA PALMAROLA,VIA SEGRATE,,,Scontro frontale/laterale DX fra veicoli in marcia,Intersezione stradale segnalata,Una carreggiata a doppio senso,Asciutto,Asfaltata,Assente,Sereno,Scarso,Sufficiente,Sufficiente,1,0,0,1,"1,238,556","4,194,144",False
2709048,13,24/02/2016 20:10:00,Strada Urbana,all'intersezione con,VIA DELLA CANAPA,VIALE DEI ROMAGNOLI,VIA DELLA CANAPA,,,Scontro frontale/laterale DX fra veicoli in marcia,Incrocio,Una carreggiata a senso unico di marcia,Asciutto,Asfaltata,Verticale ed orizzontale,Sereno,Normale,Buona,Sufficiente,0,0,0,3,"1,236,482","4,178,578",False
2708961,9,24/02/2016 20:35:00,,da specificare,,VIA DI CIAMPINO,,,alt.pista aereoporto,Fuoriuscita dalla sede stradale,,,,,,,,,,0,0,0,1,,,False
2708918,6,24/02/2016 21:30:00,Strada Urbana,all'intersezione con,VIA ROBERTO MALATESTA,PIAZZA DEI CONDOTTIERI,VIA ROBERTO MALATESTA,,,Tamponamento,,Due carreggiate,Asciutto,Asfaltata,Verticale ed orizzontale,Sereno,Normale,Buona,Sufficiente,1,0,0,1,,,False
2709496,17,24/02/2016 22:45:00,Strada Urbana,in corrispondenza,del civico n.,VIALE GIUSEPPE MAZZINI,,88,,Veicolo in marcia contro veicolo in sosta,Rettilineo,Due carreggiate,Asciutto,Asfaltata,Verticale ed orizzontale,Sereno,Scarso,Buona,Sufficiente,0,0,0,0,"1,246,213","4,191,561",False
2709022,10,25/02/2016 01:24:00,Strada Urbana,all'intersezione con,VIA ADRIA,VIA APPIA NUOVA,VIA ADRIA,,,Veicolo in marcia contro veicolo fermo,Incrocio,Una carreggiata a senso unico di marcia,Asciutto,Asfaltata,Verticale ed orizzontale,Nuvoloso,Normale,Sufficiente,Sufficiente,0,0,0,3,"1,251,976","4,187,734",False
2709133,13,25/02/2016 02:50:00,Strada Urbana,in corrispondenza,del civico n.,VIALE CAPITAN CASELLA,,64,,Veicolo in marcia contro veicoli in sosta,Rettilineo,Due carreggiate,Asciutto,Asfaltata,Assente,Sereno,Scarso,Buona,Sufficiente,0,0,0,1,"1,229,213","4,172,816",False
2709016,20,25/02/2016 03:30:00,Strada Urbana,all'intersezione con,LARGO MARESCIALLO DIAZ,LUNGOTEVERE MARESCIALLO DIAZ,LARGO MARESCIALLO DIAZ,,,Veicolo in marcia contro ostacolo fisso,,Due carreggiate,Bagnato (umidit•À_ in atto),Asfaltata,Verticale ed orizzontale,Nuvoloso,Scarso,Sufficiente,Sufficiente,1,0,0,0,,,False
2708963,8,25/02/2016 04:45:00,,in prossimit•À_,del palo luce n.,VIA PRENESTINA,,657,,Veicolo in marcia contro ostacolo fisso,,,,,,,,,,0,0,0,0,,,False
2709745,1,25/02/2016 06:00:00,Strada Urbana,all'intersezione semaforizzata con,VIA GIROLAMO INDUNO,VIALE DI TRASTEVERE,VIA GIROLAMO INDUNO,,,Veicolo in marcia contro ostacolo fisso,Intersezione semaforizzata,Pi•À_ di due carreggiate,Asciutto,Asfaltata,Verticale ed orizzontale,Sereno,Intenso,Buona,Ore Diurne,0,0,0,1,,,False
2709273,5,25/02/2016 06:45:00,Strada Urbana,in prossimit•À_,del palo luce n.,VIA COLLI SUL VELINO,,25,,Scontro laterale fra veicoli in marcia,Rettilineo,Una carreggiata a senso unico di marcia,Asciutto,Asfaltata,Verticale ed orizzontale,Sereno,Normale,Buona,Ore Diurne,0,0,0,2,"1,262,478","419,363",False
2709869,15,25/02/2016 07:45:00,Comunale extraurbana,da specificare,,VIA DELLA MAGLIANA,,,altezza stazione FS Muratella,Tamponamento Multiplo,Rettilineo,Una carreggiata a doppio senso,Bagnato (umidit•À_ in atto),Asfaltata,Verticale ed orizzontale,Sereno,Intenso,Buona,Ore Diurne,0,0,0,3,"1,242,401","4,183,394",False
2710533,13,25/02/2016 07:45:00,Strada Urbana,all'intersezione con,VIA SUOR CESARINA D'ANGELO,VIA DI PONTE LADRONE,VIA SUOR CESARINA D'ANGELO,,,Scontro laterale fra veicoli in marcia,Incrocio,Una carreggiata a doppio senso,Asciutto,Asfaltata,Assente,Sereno,Normale,Buona,Ore Diurne,0,0,0,4,"123,783","4,178,552",False
2709522,12,25/02/2016 07:50:00,Strada Urbana,in corrispondenza,del civico n.,VIA DI TOR PAGNOTTA,,86,,Veicolo in marcia contro veicoli in arresto,Rettilineo,Due carreggiate,Bagnato (umidit•À_ in atto),Asfaltata,Verticale ed orizzontale,Nuvoloso,Scarso,Buona,Ore Diurne,1,0,0,1,"1,249,181","4,180,129",False
2710938,17,25/02/2016 07:55:00,Strada Urbana,all'intersezione con,VIA DELLA MELORIA,VIA CIPRO,VIA DELLA MELORIA,,,Investimento di pedone,Incrocio,Due carreggiate,Asciutto,Asfaltata,Verticale ed orizzontale,Nuvoloso,Normale,Buona,Ore Diurne,0,0,0,2,,,False
2710846,12,25/02/2016 08:00:00,Strada Urbana,all'intersezione con,VIALE DELL'UMANESIMO,VIA CRISTOFORO COLOMBO,VIALE DELL'UMANESIMO,,,Tamponamento,Incrocio,Una carreggiata a senso unico di marcia,Asciutto,Asfaltata,Verticale ed orizzontale,Sereno,Intenso,Buona,Ore Diurne,0,0,0,2,,,False
2710696,4,25/02/2016 08:05:00,Strada Urbana,in prossimit•À_,del civico n.,VIA DEI PRATI FISCALI,,116,,Veicolo in marcia contro ostacolo accidentale,Rettilineo,Due carreggiate,Asciutto,Asfaltata,Verticale ed orizzontale,Sereno,Normale,Buona,Ore Diurne,0,0,0,1,"1,252,114","4,194,654",False
2710784,3,25/02/2016 08:20:00,,da specificare,,VIALE VENTUNO APRILE,,,fronte civ. 2/d,Veicolo in marcia contro veicolo in sosta,,,,,,,,,,0,0,0,2,,,False
2709361,2,25/02/2016 08:20:00,Strada Urbana,in prossimit•À_,del civico n.,PIAZZA SANTIAGO DEL CILE,,8,,Scontro laterale fra veicoli in marcia,Rotatoria,Una carreggiata a senso unico di marcia,Asciutto,Asfaltata,Verticale ed orizzontale,Sereno,Normale,Buona,Ore Diurne,0,0,0,3,"1,248,661","4,192,599",False
2709796,9,25/02/2016 08:20:00,,da specificare,,VIA CILICIA,,,a metri 13 da palo A.C.E.A.,Tamponamento Multiplo,,,,,,,,,,1,0,0,3,"1,250,171","4,187,115",False
2709622,12,25/02/2016 08:30:00,Strada Urbana,da specificare,,VIALE STEFANO GRADI,,,ALTEZZA VIA A. VERANZIO,Scontro laterale fra veicoli in marcia,Pendenza,Due carreggiate,Asciutto,Asfaltata,Verticale ed orizzontale,Sereno,Normale,Buona,Ore Diurne,0,0,0,2,"1,250,495","4,182,504",True
2710714,23,25/02/2016 08:40:00,,in corrispondenza,del civico n.,VIA ERMANNO WOLF FERRARI,,320h,,Investimento di pedone,,,,,,,,,,0,0,0,2,,,False
2714860,18,25/02/2016 08:40:00,Strada Urbana,in prossimit•À_,del civico n.,VIA DI BOCCEA,,319,,Scontro laterale fra veicoli in marcia,Pendenza,Due carreggiate,Asciutto,Asfaltata,Verticale ed orizzontale,Sereno,Normale,Buona,Ore Diurne,0,0,0,2,"1,241,205","4,190,301",False
2709249,20,25/02/2016 08:50:00,Regionale,in corrispondenza,della chilometrica,VIA FLAMINIA,,10.8,,Scontro laterale fra veicoli in marcia,Rettilineo,Due carreggiate,Asciutto,Asfaltata,Verticale ed orizzontale,Nuvoloso,Intenso,Buona,Ore Diurne,1,0,0,1,,,False
2710715,4,25/02/2016 08:50:00,Provinciale entro l'abitato,in corrispondenza,del civico n.,VIA NOMENTANA,,549,,Scontro laterale fra veicoli in marcia,Rettilineo,Pi•À_ di due carreggiate,Asciutto,Asfaltata,Verticale ed orizzontale,Sereno,Intenso,Sufficiente,Ore Diurne,0,0,0,2,"1,252,776","4,193,187",False
2709334,4,25/02/2016 09:00:00,Strada Urbana,all'intersezione con,VIA MONCENISIO,VIA ADAMELLO,VIA MONCENISIO,,,Scontro frontale/laterale DX fra veicoli in marcia,Incrocio,Una carreggiata a senso unico di marcia,Asciutto,Asfaltata,Verticale ed orizzontale,Nuvoloso,Intenso,Buona,Ore Diurne,1,0,0,2,,,False
2710781,3,25/02/2016 09:15:00,,in prossimit•À_,del civico n.,VIALE DEL POLICLINICO,,171,,Tamponamento,,,,,,,,,,0,0,0,2,,,False
2714970,18,25/02/2016 10:09:00,,in prossimit•À_,del civico n.,VIA AURELIA,,658,,Veicolo in marcia contro veicolo fermo,,,,,,,,,,0,0,0,0,"1,241,672","4,189,459",False
2710776,4,25/02/2016 10:30:00,Strada Urbana,in prossimit•À_,del civico n.,VIA DI TOR S. GIOVANNI,,22,,Scontro laterale fra veicoli in marcia,Rettilineo,Una carreggiata a doppio senso,Asciutto,Asfaltata,Verticale ed orizzontale,Nuvoloso,Normale,Buona,Ore Diurne,0,0,0,2,"1,255,381","4,197,588",False
2709552,2,25/02/2016 10:30:00,Strada Urbana,all'intersezione semaforizzata con,PIAZZALE ANKARA,VIALE MARESCIALLO PILSUDSKI,PIAZZALE ANKARA,,,Scontro frontale/laterale DX fra veicoli in marcia,Intersezione stradale segnalata,Una carreggiata a doppio senso,Bagnato (pioggia),Asfaltata,Verticale ed orizzontale,Nuvoloso,Normale,Buona,Ore Diurne,1,0,0,1,,,False
2709879,15,25/02/2016 10:45:00,Strada Urbana,da specificare,,PIAZZA ANTONIO MEUCCI,,,prox. Lungotevere degli Inventori,Scontro frontale/laterale SX fra veicoli in marcia,Rettilineo,Una carreggiata a senso unico di marcia,Asciutto,Asfaltata,Orizzontale,Nuvoloso,Normale,Buona,Ore Diurne,0,0,0,3,"1,246,385","4,186,155",False
2709560,20,25/02/2016 10:45:00,Strada Urbana,da specificare,,VIALE GEMONA DEL FRIULI,,,pros. Monti della Valchetta dir. Arta Terme,Scontro frontale/laterale DX fra veicoli in marcia,Curva a visuale libera,Due carreggiate,Asciutto,Asfaltata,Verticale ed orizzontale,Sereno,Scarso,Buona,Ore Diurne,0,0,0,2,,,False
2709852,15,25/02/2016 10:45:00,,in corrispondenza,del civico n.,VIA ODERISI DA GUBBIO,,259,,Scontro laterale fra veicoli in marcia,,,,,,,,,,1,0,0,1,"1,246,396","4,186,265",False
2709480,6,25/02/2016 11:00:00,Strada Urbana,in corrispondenza,del civico n.,VIA MARIO UGO GUATTARI,,47,,Scontro laterale fra veicoli in marcia,Curva a visuale libera,Una carreggiata a senso unico di marcia,Asciutto,Asfaltata,Orizzontale,Nuvoloso,Scarso,Buona,Ore Diurne,0,0,0,4,"1,255,887","4,188,142",False
2710395,11,25/02/2016 11:00:00,Strada Urbana,all'intersezione con,VIA FLAVIA TIZIANA,VIALE CARLO TOMMASO ODESCALCHI,VIA FLAVIA TIZIANA,,,Scontro frontale/laterale DX fra veicoli in marcia,Incrocio,Due carreggiate,Asciutto,Asfaltata,Verticale ed orizzontale,Sereno,Scarso,Buona,Ore Diurne,0,0,0,4,"1,250,128","418,574",False
2713577,13,25/02/2016 11:20:00,,all'intersezione semaforizzata con,VIA OSTIENSE,VIA DI CASTEL FUSANO,VIA OSTIENSE,,,Scontro frontale/laterale DX fra veicoli in marcia,,,,,,,,,,0,0,0,1,,,False
2710573,13,25/02/2016 11:35:00,Strada Urbana,all'intersezione con,VIA MIMNERMO,VIA DI ACILIA,VIA MIMNERMO,,,Scontro frontale/laterale DX fra veicoli in marcia,Incrocio,Una carreggiata a doppio senso,Asciutto,Asfaltata,Verticale ed orizzontale,Sereno,Normale,Buona,Ore Diurne,0,0,0,2,"1,237,142","417,737",False
2710800,3,25/02/2016 12:10:00,Strada Urbana,all'intersezione semaforizzata con,VIA ARDUINO,VIA DELLA LEGA LOMBARDA,VIA ARDUINO,,,Scontro laterale fra veicoli in marcia,Intersezione semaforizzata,Una carreggiata a doppio senso,Asciutto,Asfaltata,Verticale ed orizzontale,Nuvoloso,Normale,Buona,Ore Diurne,0,0,0,4,"1,252,379","4,190,883",False
2710864,17,25/02/2016 12:20:00,Strada Urbana,all'intersezione semaforizzata con,VIA RUGGERO DI LAURIA,VIA ANDREA DORIA,VIA RUGGERO DI LAURIA,,,Scontro frontale fra veicoli in marcia,Intersezione semaforizzata,Una carreggiata a doppio senso,Asciutto,Asfaltata,Verticale ed orizzontale,Sereno,Normale,Buona,Ore Diurne,0,0,0,3,,,False
2710765,12,25/02/2016 13:00:00,Strada Urbana,in corrispondenza,del civico n.,VIA FERMO OGNIBENE,,25/A,,Veicolo in marcia contro veicolo in sosta,Rettilineo,Una carreggiata a doppio senso,Asciutto,Asfaltata,Verticale ed orizzontale,Nuvoloso,Scarso,Buona,Ore Diurne,0,0,0,1,"1,243,733","4,179,267",True
2710445,8,25/02/2016 13:00:00,,in prossimit•À_,del palo luce n.,VIALE DELLA SORBONA,,90,,Tamponamento,,,,,,,,,,1,0,0,2,,,False
2714151,5,25/02/2016 13:30:00,Strada Urbana,in prossimit•À_,del civico n.,VIA CAMESENA,,42,,Scontro frontale/laterale SX fra veicoli in marcia,Rettilineo,Una carreggiata a doppio senso,Asciutto,Asfaltata,Verticale ed orizzontale,Sereno,Scarso,Buona,Ore Diurne,0,0,0,2,,,False
2709952,15,25/02/2016 13:45:00,Strada Urbana,in prossimit•À_,del civico n.,VIA LENIN,,11,,Scontro laterale fra veicoli in marcia,Rettilineo,Una carreggiata a doppio senso,Asciutto,Asfaltata,Verticale ed orizzontale,Sereno,Normale,Buona,Ore Diurne,0,0,0,2,"1,244,641","4,184,907",False
2710447,20,25/02/2016 14:00:00,Strada Urbana,in prossimit•À_,del civico n.,VIA DELLA CAMILLUCCIA,,701,,Veicolo in marcia contro ostacolo accidentale,Curva senza visuale libera,Una carreggiata a doppio senso,Asciutto,Asfaltata,Orizzontale,Sereno,Scarso,Buona,Ore Diurne,1,0,0,0,,,False
2710487,11,25/02/2016 14:00:00,Strada Urbana,all'intersezione semaforizzata con,CIRCONVALLAZIONE OSTIENSE,VIA CRISTOFORO COLOMBO,CIRCONVALLAZIONE OSTIENSE,,,Tamponamento Multiplo,Intersezione semaforizzata,Pi•À_ di due carreggiate,Asciutto,Asfaltata,Verticale ed orizzontale,Nuvoloso,Normale,Buona,Ore Diurne,2,0,0,3,"1,249,618","4,186,743",False
2710500,20,25/02/2016 14:15:00,Strada Urbana,da specificare,,CORSO DI FRANCIA,,,altezza distributore carburanti ENI,Scontro laterale fra veicoli in marcia,Rettilineo,Due carreggiate,Asciutto,Asfaltata,Orizzontale,Sereno,Normale,Buona,Ore Diurne,1,0,0,1,,,False