ID,Gruppo,_DataOraIncidente,_Localizzazione1,_Localizzazione2,Strada02,Strada1,Strada2,Chilometrica,DaSpecificare,_NaturaIncidente,_ParticolaritaStrade,_TipoStrada,_FondoStradale,_Pavimentazione,_Segnaletica,_CondizioneAtmosferica,_Traffico,_Visibilita,_Illuminazione,NUM_FERITI,_NUM_RISERVATA,_NUM_MORTI,_NUM_ILLESI,Longitudine,Latitudine,CONFERMATO
2714182,5,26/02/2016 12:45:00,Strada Urbana,in prossimit•À_,del civico n.,VIA YAMBO,,7,,Veicolo in marcia contro ostacolo accidentale,Rettilineo,Una carreggiata a senso unico di marcia,Asciutto,Asfaltata,Orizzontale,Sereno,Normale,Buona,Ore Diurne,0,0,0,4,"1,255,008","4,190,753",False
2711302,1,26/02/2016 13:15:00,Strada Urbana,da specificare,,PIAZZA DI S. GIOVANNI IN LATERANO,,,all'altezza dell'Obelisco,Scontro laterale fra veicoli in marcia,Curva a visuale libera,Una carreggiata a doppio senso,Asciutto,Asfaltata,Verticale ed orizzontale,Nuvoloso,Normale,Buona,Ore Diurne,1,0,0,1,"1,250,462","4,188,696",False
2711184,4,26/02/2016 13:15:00,Strada Urbana,all'intersezione con,VIA MONTE SELVA,VIALE GOTTARDO,VIA MONTE SELVA,,,Scontro laterale fra veicoli in marcia,Incrocio,Una carreggiata a senso unico di marcia,Asciutto,Asfaltata,Verticale ed orizzontale,Sereno,Scarso,Buona,Ore Diurne,0,0,0,4,"1,253,602","4,193,379",False
2714317,4,26/02/2016 13:30:00,,in prossimit•À_,del civico n.,VIA DI VALLE RICCA,,103,,Scontro frontale/laterale SX fra veicoli in marcia,,,,,,,,,,1,0,0,1,"1,257,642","4,205,093",False
2712478,19,26/02/2016 13:40:00,Strada Urbana,da specificare,,VIA TRIONFALE,,,altezza accumoli,Scontro laterale fra veicoli in marcia,Rettilineo,Una carreggiata a senso unico di marcia,Asciutto,Asfaltata,Verticale ed orizzontale,Sereno,Normale,Buona,Ore Diurne,1,0,0,2,"1,240,959","419,675",False
2711277,7,26/02/2016 13:40:00,Strada Urbana,in prossimit•À_,del civico n.,VIALE PALMIRO TOGLIATTI,,1204,,Tamponamento,Rettilineo,Due carreggiate,Asciutto,Asfaltata,Verticale ed orizzontale,Nuvoloso,Intenso,Buona,Ore Diurne,0,0,0,3,"125,758","4,189,766",True
2712048,15,26/02/2016 14:05:00,Strada Urbana,da specificare,,VIA PORTUENSE,,,ALTEZZA PALO ACEA N. 106,Veicolo in marcia contro veicolo in sosta,Rettilineo,Una carreggiata a doppio senso,Asciutto,Asfaltata,Verticale ed orizzontale,Sereno,Intenso,Buona,Ore Diurne,0,0,0,1,,,False
2714246,4,26/02/2016 14:10:00,Strada Urbana,in prossimit•À_,del civico n.,VIA EMILIO DE MARCHI,,22,,Scontro laterale fra veicoli in marcia,Rettilineo,Una carreggiata a doppio senso,Asciutto,Asfaltata,Verticale,Sereno,Normale,Buona,Ore Diurne,0,0,0,2,"1,254,253","4,193,863",False
2713595,13,26/02/2016 14:20:00,,all'intersezione con,VIA DELLE MOLUCCHE,VIA DELLE BALENIERE,VIA DELLE MOLUCCHE,,,Scontro frontale/laterale SX fra veicoli in marcia,,,,,,,,,,0,0,0,2,,,False
2711387,12,26/02/2016 14:30:00,Strada Urbana,in prossimit•À_,del civico n.,VIA CARLO LINATI,,11,,Veicolo in marcia contro veicolo in sosta,Rotatoria,Una carreggiata a senso unico di marcia,Asciutto,Asfaltata,Orizzontale,Sereno,Scarso,Buona,Ore Diurne,0,0,0,1,,,False
2712547,1,26/02/2016 14:40:00,Strada Urbana,in corrispondenza,del civico n.,VIA NICOLA SALVI,,67,,Tamponamento Multiplo,Rettilineo,Una carreggiata a senso unico di marcia,Asciutto,Asfaltata,Verticale ed orizzontale,Sereno,Normale,Buona,Ore Diurne,2,0,0,2,,,False
2713660,13,26/02/2016 14:45:00,,all'intersezione con,VIA DEI TRAGHETTI,VIA DEI VELIERI,VIA DEI TRAGHETTI,,,Investimento di pedone,,,,,,,,,,0,0,0,3,,,False
2712027,8,26/02/2016 15:20:00,,in corrispondenza,del civico n.,VIA AVOLA,,41,,Scontro laterale fra veicoli in marcia,,,,,,,,,,0,0,0,3,,,False
2711452,6,26/02/2016 15:30:00,Strada Urbana,da specificare,,VIA DI PORTONACCIO,,,in prossimit•À_ di Via Latino Silvio,Infortunio per caduta del veicolo,Rettilineo,Due carreggiate,Asciutto,Asfaltata,Verticale,Sereno,Normale,Buona,Ore Diurne,1,0,0,0,,,False
2714168,2,26/02/2016 15:30:00,Strada Urbana,all'intersezione con,VIA DI TRASONE,VIA DI NOVELLA,VIA DI TRASONE,,,Scontro frontale/laterale SX fra veicoli in marcia,Intersezione stradale segnalata,Una carreggiata a doppio senso,Asciutto,Asfaltata,Verticale ed orizzontale,Sereno,Normale,Buona,Ore Diurne,0,0,0,2,"1,251,147","419,297",False
2711507,10,26/02/2016 15:55:00,Strada Urbana,all'intersezione semaforizzata con,VIA DELLA STAZIONE DI CIAMPINO,VIA ANAGNINA,VIA DELLA STAZIONE DI CIAMPINO,,,Tamponamento,Intersezione semaforizzata,Due carreggiate,Asciutto,Asfaltata,Verticale ed orizzontale,Sereno,Intenso,Buona,Ore Diurne,0,0,0,2,"1,261,841","4,181,535",False
2711885,15,26/02/2016 15:55:00,,da specificare,,VIA DELLA MURATELLA,,,PROSSIMITA' FRONTE PALO ACEA N. 18,Scontro frontale/laterale DX fra veicoli in marcia,,,,,,,,,,0,0,1,5,,,False
2712945,7,26/02/2016 16:00:00,Provinciale entro l'abitato,in prossimit•À_,del civico n.,VIA PRENESTINA,,697,,Veicolo in marcia contro ostacolo accidentale,Rettilineo,Una carreggiata a doppio senso,Asciutto,Asfaltata,Verticale ed orizzontale,Nuvoloso,Normale,Buona,Ore Diurne,0,0,0,1,"1,258,936","4,189,411",False
2714265,4,26/02/2016 16:15:00,,in prossimit•À_,del civico n.,VIA DI VALLE MELAINA,,75,,Scontro laterale fra veicoli in marcia,,,,,,,,,,1,0,0,1,"1,252,559","4,194,793",False
2712044,8,26/02/2016 16:35:00,Statale entro l'abitato,da specificare,,VIA CASILINA,,,prox Via Varvariana dir. fuori Roma,Scontro laterale fra veicoli in marcia,Curva senza visuale libera,Due carreggiate,Asciutto,Asfaltata,Verticale ed orizzontale,Nuvoloso,Normale,Buona,Ore Diurne,0,0,0,3,,,False
2711883,12,26/02/2016 17:00:00,Strada Urbana,all'intersezione con,VIA SAVIGNO,VIA BONDENO,VIA SAVIGNO,,,Veicolo in marcia contro ostacolo accidentale,Incrocio,Una carreggiata a doppio senso,Asciutto,Asfaltata,Verticale ed orizzontale,Nuvoloso,Scarso,Buona,Ore Diurne,0,0,0,1,"1,241,303","4,179,053",True
2711600,9,26/02/2016 17:00:00,,all'intersezione semaforizzata con,VIA TUSCOLANA,VIA DI PORTA FURBA,VIA TUSCOLANA,,,Scontro laterale fra veicoli in marcia,,,,,,,,,,0,0,0,1,,,False
2712051,8,26/02/2016 17:00:00,,all'intersezione con,VIA GIOVANNI BATTISTA CIGOLA,VIA GIOVANNI BATTISTA SCOZZA,VIA GIOVANNI BATTISTA CIGOLA,,,Scontro frontale/laterale DX fra veicoli in marcia,,,,,,,,,,0,0,0,2,"1,264,515","4,186,933",False
2715657,18,26/02/2016 17:30:00,Strada Urbana,in prossimit•À_,del civico n.,VIA DI BOCCEA,,623,,Tamponamento,Rettilineo,Una carreggiata a doppio senso,Asciutto,Asfaltata,Assente,Nuvoloso,Intenso,Buona,Ore Diurne,0,0,0,3,"1,237,678","4,191,963",True
2715148,3,26/02/2016 17:30:00,,da specificare,,VIA DI S. ANGELA MERICI,,,fronte via marliano,Scontro laterale fra veicoli in marcia,,,,,,,,,,0,0,0,2,,,False
2711497,17,26/02/2016 17:30:00,Strada Urbana,all'intersezione con,VIA CIRO MENOTTI,LUNGOTEVERE DELLE ARMI,VIA CIRO MENOTTI,,,Scontro laterale fra veicoli in marcia,Intersezione stradale segnalata,Una carreggiata a senso unico di marcia,Asciutto,Asfaltata,Verticale ed orizzontale,Sereno,Intenso,Buona,Ore Diurne,0,0,0,2,,,False
2712967,7,26/02/2016 17:45:00,Strada Urbana,in prossimit•À_,del civico n.,VIALE PALMIRO TOGLIATTI,,725,,Tamponamento,Rettilineo,Due carreggiate,Asciutto,Asfaltata,Verticale ed orizzontale,Nuvoloso,Intenso,Buona,Ore Diurne,0,0,0,2,"1,257,293","4,188,179",False
2712513,1,26/02/2016 17:47:00,Strada Urbana,in prossimit•À_,del civico n.,VIALE GUIDO BACCELLI,,64,,Investimento di pedone,Rettilineo,Una carreggiata a doppio senso,Asciutto,Asfaltata,Verticale ed orizzontale,Nuvoloso,Scarso,Sufficiente,Sufficiente,2,0,0,2,"1,249,321","418,765",False
2712037,15,26/02/2016 18:00:00,,all'intersezione con,VIA LAMPORECCHIO,VIA DEL TRULLO,VIA LAMPORECCHIO,,,Scontro frontale/laterale SX fra veicoli in marcia,,,,,,,,,,1,0,0,1,,,False
2712468,10,26/02/2016 18:20:00,,da specificare,,VIA DI PASSO LOMBARDO,,,prossimit•À_ via Botte di Luciano,Investimento di pedone,,,,,,,,,,1,0,0,1,"1,263,281","418,374",False
2712450,13,26/02/2016 18:20:00,Strada Urbana,in corrispondenza,del civico n.,VIALE VASCO DE GAMA,,36,,Scontro laterale fra veicoli in marcia,Rettilineo,Due carreggiate,Asciutto,Asfaltata,Assente,Sereno,Normale,Buona,Ore Diurne,1,0,0,3,"1,227,809","4,173,365",False
2712052,8,26/02/2016 18:20:00,Strada Urbana,da specificare,,VIA DI SALONE,,,100 mt dopo Via Collatina dir.ne Tiburtina,Veicolo in marcia contro ostacolo accidentale,Rettilineo,Una carreggiata a doppio senso,Asciutto,Strada pavimentata dissestata,Verticale,Sereno,Normale,Insufficiente,Inesistente,0,0,0,1,"1,262,974","4,192,417",True
2714193,5,26/02/2016 18:45:00,Strada Urbana,da specificare,,VIALE PALMIRO TOGLIATTI,,,30 METRI DOPO VIALE SACCO E VANZETTI DIREZIONE PRE,Tamponamento,Rettilineo,Due carreggiate,Asciutto,Asfaltata,Verticale ed orizzontale,Sereno,Normale,Buona,Sufficiente,0,0,0,4,"1,257,666","419,089",False
2712055,8,26/02/2016 18:55:00,,da specificare,,VIA MARIO PASTORE,,,alt.za via Stanford,Veicolo in marcia contro ostacolo accidentale,,,,,,,,,,0,0,0,1,,,False
2712536,1,26/02/2016 19:15:00,Strada Urbana,in corrispondenza,del civico n.,VIA MARGHERA,,36,,Veicolo in marcia contro ostacolo fisso,Rettilineo,Una carreggiata a senso unico di marcia,Asciutto,Asfaltata,Verticale ed orizzontale,Sereno,Normale,Buona,Sufficiente,0,0,0,1,,,False
2717918,18,26/02/2016 19:50:00,Strada Urbana,da specificare,,VIA LUCIO II,,,all'interno dell'area di parcheggio,Veicolo in marcia contro veicolo in sosta,Rettilineo,Una carreggiata a doppio senso,Asciutto,Asfaltata,Verticale ed orizzontale,Sereno,Scarso,Buona,Sufficiente,0,0,0,1,"1,241,837","4,190,724",False
2714211,5,26/02/2016 19:50:00,Strada Urbana,in prossimit•À_,del civico n.,VIA DEL FORTE TIBURTINO,,110,,Tamponamento,Rettilineo,Una carreggiata a doppio senso,Asciutto,Asfaltata,Verticale ed orizzontale,Sereno,Normale,Buona,Sufficiente,0,0,0,2,,,False
2711709,12,26/02/2016 20:00:00,Strada Urbana,all'intersezione con,VIA ACHILLE CAMPANILE,VIA CORRADO GOVONI,VIA ACHILLE CAMPANILE,,,Scontro frontale/laterale DX fra veicoli in marcia,Incrocio,Una carreggiata a doppio senso,Asciutto,Asfaltata,Verticale ed orizzontale,Nuvoloso,Scarso,Buona,Sufficiente,1,0,0,1,,,False
2717730,1,26/02/2016 20:20:00,Strada Urbana,all'intersezione con,VICOLO SFORZA CESARINI,CORSO VITTORIO EMANUELE II,VICOLO SFORZA CESARINI,,,Investimento di pedone,Incrocio,Una carreggiata a doppio senso,Asciutto,Asfaltata,Verticale ed orizzontale,Sereno,Normale,Buona,Sufficiente,0,0,0,2,,,False
2712061,8,26/02/2016 20:20:00,,in prossimit•À_,del civico n.,VIA POLENSE,,141,,Veicolo in marcia contro ostacolo accidentale,,,,,,,,,,0,0,0,1,,,False
2712060,8,26/02/2016 20:30:00,,in prossimit•À_,del civico n.,VIA POLENSE,,141,,Veicolo in marcia contro ostacolo accidentale,,,,,,,,,,0,0,0,1,,,False
2712056,8,26/02/2016 21:00:00,,in prossimit•À_,del civico n.,VIA CASILINA,,1829,,Investimento di pedone,,,,,,,,,,1,0,0,1,,,False
2714247,5,26/02/2016 21:25:00,Strada Urbana,all'intersezione con,VIA DONATO MENICHELLA,VIA COSTANTINO MORTATI,VIA DONATO MENICHELLA,,,Scontro frontale/laterale DX fra veicoli in marcia,Incrocio,Due carreggiate,Asciutto,Asfaltata,Verticale ed orizzontale,Sereno,Scarso,Sufficiente,Sufficiente,0,0,0,2,"1,258,671","4,194,747",True
2712500,10,26/02/2016 21:40:00,,all'intersezione con,VIA MASO FINIGUERRA,VIA LEOPOLDO MICUCCI,VIA MASO FINIGUERRA,,,Scontro frontale/laterale DX fra veicoli in marcia,,,,,,,,,,0,0,0,2,"1,260,315","4,183,687",False
2714259,5,26/02/2016 23:05:00,,all'intersezione con,VIA TIBURTINA,VIA DI PORTONACCIO,VIA TIBURTINA,,,Investimento di pedone,,,,,,,,,,1,0,0,0,,,False
2713328,9,27/02/2016,,da specificare,,VIA CARLO SIGONIO,,,fronte civico 8,Veicolo in marcia contro veicoli in sosta,,,,,,,,,,0,0,0,0,"1,252,104","4,187,454",False
2715171,18,27/02/2016 01:30:00,,in corrispondenza,del civico n.,VIA DELLA PINETA SACCHETTI,,43,,Investimento di pedone,,,,,,,,,,2,0,0,1,"1,242,441","4,190,828",False
2714116,8,27/02/2016 02:00:00,Strada Urbana,in prossimit•À_,del civico n.,VIA CARLO SARACENI,,110,,Veicolo in marcia contro veicolo in sosta,Rettilineo,Una carreggiata a senso unico di marcia,Asciutto,Asfaltata,Verticale,Sereno,Normale,Sufficiente,Sufficiente,0,0,0,0,"1,262,381","4,186,543",True
2714188,2,27/02/2016 02:30:00,Strada Urbana,in corrispondenza,del civico n.,VIALE LIEGI,,39/F,,Veicolo in marcia contro ostacolo fisso,Rettilineo,Una carreggiata a doppio senso,Asciutto,Asfaltata,Verticale ed orizzontale,Nuvoloso,Scarso,Buona,Sufficiente,1,0,0,0,"1,249,347","4,192,181",False
2712543,19,27/02/2016 03:00:00,Strada Urbana,in prossimit•À_,del civico n.,VIA CASSIA,,553,,Veicolo in marcia contro veicolo in sosta,Curva a visuale libera,Una carreggiata a doppio senso,Asciutto,Asfaltata,Verticale ed orizzontale,Sereno,Scarso,Buona,Sufficiente,1,0,0,0,"1,245,135","4,196,051",False
2711941,16,27/02/2016 03:00:00,Strada Urbana,in corrispondenza,del civico n.,VIA DI DONNA OLIMPIA,,18,,Veicolo in marcia contro ostacolo fisso,Rettilineo,Una carreggiata a senso unico di marcia,Asciutto,Asfaltata,Orizzontale,Sereno,Scarso,Sufficiente,Sufficiente,0,0,0,2,"1,245,092","4,187,932",False
2712143,2,27/02/2016 03:50:00,Strada Urbana,da specificare,,VIA SALARIA,,,fronte civico 253,Veicolo in marcia contro veicolo in sosta,Rettilineo,Una carreggiata a doppio senso,Asciutto,Asfaltata,Verticale ed orizzontale,Nuvoloso,Scarso,Sufficiente,Sufficiente,0,0,0,1,"1,250,265","4,192,354",True
2712957,7,27/02/2016 04:00:00,Provinciale entro l'abitato,in prossimit•À_,del palo luce n.,VIA PRENESTINA,,537,,Veicolo in marcia contro ostacolo fisso,Curva senza visuale libera,Una carreggiata a doppio senso,Asciutto,Asfaltata,Orizzontale,Nuvoloso,Scarso,Sufficiente,Sufficiente,1,0,0,0,"126,069","4,189,378",False
2711916,12,27/02/2016 04:15:00,Provinciale entro l'abitato,all'intersezione con,VIA DI DECIMA,VIA OSTIENSE,VIA DI DECIMA,,,Veicolo in marcia contro ostacolo fisso,Intersezione stradale segnalata,Una carreggiata a doppio senso,Asciutto,Asfaltata,Verticale ed orizzontale,Nuvoloso,Scarso,Buona,Sufficiente,1,0,0,0,,,False
2714051,11,27/02/2016 04:30:00,Strada Urbana,in prossimit•À_,della chilometrica,VIA PONTINA,,16.3,,Veicolo in marcia contro ostacolo fisso,Rettilineo,Due carreggiate,Asciutto,Asfaltata,Verticale ed orizzontale,Sereno,Scarso,Sufficiente,Insufficiente,0,0,0,1,,,False
2714123,13,27/02/2016 08:05:00,Strada Urbana,all'intersezione con,VIA SORESINA,VIA RISERVA DEL PANTANO,VIA SORESINA,,,Scontro frontale/laterale DX fra veicoli in marcia,Incrocio,Una carreggiata a doppio senso,Bagnato (umidit•À_ in atto),Asfaltata,Assente,Nuvoloso,Scarso,Buona,Ore Diurne,1,0,0,1,"1,232,492","4,178,848",False
2713505,9,27/02/2016 08:30:00,,da specificare,,PIAZZA ZAMA,,,fronte VIA SIRIA,Veicolo in marcia contro veicolo in sosta,,,,,,,,,,0,0,0,1,,,False
2714102,8,27/02/2016 09:00:00,Statale entro l'abitato,in corrispondenza,del civico n.,VIA CASILINA,,1423,,Scontro frontale/laterale DX fra veicoli in marcia,Rettilineo,Due carreggiate,Bagnato (pioggia),Asfaltata,Verticale ed orizzontale,Pioggia in atto,Normale,Buona,Ore Diurne,0,0,0,4,"1,261,964","4,186,286",True
2714153,13,27/02/2016 09:00:00,Strada Urbana,in prossimit•À_,del civico n.,VIA DELLE OCEANINE,,7,,Veicolo in marcia contro veicoli in sosta,Rettilineo,Una carreggiata a doppio senso,Asciutto,Asfaltata,Assente,Sereno,Intenso,Buona,Ore Diurne,0,0,0,0,"1,226,873","417,325",False
2714487,2,27/02/2016 09:00:00,Strada Urbana,da specificare,,CORSO D'ITALIA,,,fronte prossimit•À_ via Campania,Scontro laterale fra veicoli in marcia,Rettilineo,Una carreggiata a senso unico di marcia,Asciutto,Asfaltata,Verticale ed orizzontale,Nuvoloso,Normale,Sufficiente,Ore Diurne,0,0,0,2,"1,248,953","4,190,982",False
2712369,12,27/02/2016 09:10:00,Provinciale,da specificare,,VIA LAURENTINA,,,"altezza Km. 17,100 (Direzione Roma Centro)",Fuoriuscita dalla sede stradale,Curva senza visuale libera,Una carreggiata a doppio senso,Bagnato (pioggia),Asfaltata,Temporanea di cantiere,Nuvoloso,Scarso,Buona,Ore Diurne,0,0,0,1,"125,019","4,174,911",True
2714474,2,27/02/2016 09:10:00,,in corrispondenza,del civico n.,VIA NICOLO' PICCINNI,,1,,Veicolo in marcia contro veicoli in sosta,,,,,,,,,,0,0,0,1,"1,251,429","4,193,446",False
2714081,11,27/02/2016 09:10:00,Strada Urbana,all'intersezione semaforizzata con,VIA DI GROTTA PERFETTA,VIALE PICO DELLA MIRANDOLA,VIA DI GROTTA PERFETTA,,,Scontro frontale/laterale DX fra veicoli in marcia,Incrocio,Due carreggiate,Bagnato (pioggia),Asfaltata,Verticale ed orizzontale,Nuvoloso,Normale,Buona,Ore Diurne,1,0,0,1,"1,248,785","4,184,741",False
2712592,19,27/02/2016 09:35:00,Strada Urbana,da specificare,,VIA ANDERSEN,,,rotatoria direzione Valle dei Fontanili,Investimento di pedone,Rotatoria,Una carreggiata a senso unico di marcia,Bagnato (pioggia),Asfaltata,Orizzontale,Nuvoloso,Scarso,Buona,Ore Diurne,1,0,0,1,"1,239,937","4,192,267",True
2712413,12,27/02/2016 09:40:00,Provinciale,da specificare,,VIA ARDEATINA,,,all'intersezione con via della Ecologia,Veicolo in marcia contro ostacolo accidentale,Rettilineo,Una carreggiata a doppio senso,Bagnato (pioggia),Asfaltata,Verticale,Nuvoloso,Scarso,Buona,Ore Diurne,0,0,0,1,"1,252,822","4,180,219",True
2712384,12,27/02/2016 09:40:00,Provinciale,da specificare,,VIA LAURENTINA,,,rotatoria Castel di Leva,Scontro laterale fra veicoli in marcia,Rotatoria,Una carreggiata a senso unico di marcia,Bagnato (pioggia),Asfaltata,Verticale ed orizzontale,Pioggia in atto,Normale,Buona,Ore Diurne,1,0,0,2,,,False
2714119,11,27/02/2016 10:00:00,Strada Urbana,all'intersezione con,VIA DEL SERAFICO,VIA LAURENTINA,VIA DEL SERAFICO,,,Tamponamento,Incrocio,Due carreggiate,Asciutto,Asfaltata,Verticale ed orizzontale,Nuvoloso,Normale,Buona,Ore Diurne,0,0,0,2,"1,248,569","4,182,961",True
2715156,3,27/02/2016 10:40:00,,in prossimit•À_,del civico n.,PORTA PIA,,1,,Scontro laterale fra veicoli in marcia,,,,,,,,,,1,0,0,1,,,False
2712588,1,27/02/2016 11:05:00,Strada Urbana,in prossimit•À_,del palo luce n.,PIAZZALE OSTIENSE,,26,,Scontro frontale fra veicoli in marcia,Rotatoria,Una carreggiata a senso unico di marcia,Bagnato (pioggia),Asfaltata,Verticale ed orizzontale,Pioggia in atto,Normale,Buona,Ore Diurne,0,0,0,2,,,False
2712816,15,27/02/2016 11:30:00,,all'intersezione con,VIA PIEVE FOSCIANA,VIA PESCAGLIA,VIA PIEVE FOSCIANA,,,Scontro frontale/laterale DX fra veicoli in marcia,,,,,,,,,,0,0,0,1,"1,246,152","4,184,726",False
2712820,15,27/02/2016 11:50:00,Strada Urbana,da specificare,,VIA DELLA MAGLIANA,,,prossimit•À_ VIA SCARPERIA,Scontro laterale fra veicoli in marcia,Rettilineo,Una carreggiata a doppio senso,Bagnato (umidit•À_ in atto),Asfaltata,Orizzontale,Nuvoloso,Normale,Buona,Ore Diurne,0,0,0,4,"1,242,401","4,183,394",False
2713049,6,27/02/2016 12:00:00,Strada Urbana,in corrispondenza,del civico n.,VIALE TELESE,,29,,Veicolo in marcia contro veicolo fermo,Rettilineo,Una carreggiata a doppio senso,Asciutto,Asfaltata,Verticale ed orizzontale,Nuvoloso,Scarso,Buona,Ore Diurne,0,0,0,2,"1,254,787","4,189,225",False
2714343,19,27/02/2016 12:10:00,Strada Urbana,da specificare,,VIA VITTORIO MONTIGLIO,,,altezza palo illuminazione n. 18,Scontro frontale/laterale SX fra veicoli in marcia,Curva senza visuale libera,Una carreggiata a doppio senso,Bagnato (pioggia),Asfaltata,Verticale ed orizzontale,Nuvoloso,Scarso,Buona,Ore Diurne,1,0,0,2,"1,242,872","4,192,407",True
2712824,15,27/02/2016 12:35:00,,all'intersezione con,VIA GIOVANNI CASELLI,VIA QUIRINO MAJORANA,VIA GIOVANNI CASELLI,,,Tamponamento,,,,,,,,,,0,0,0,3,"1,246,208","4,186,846",False
2714306,4,27/02/2016 12:40:00,Statale,in prossimit•À_,della chilometrica,VIA SALARIA,,51.2,,Veicolo in marcia contro ostacolo accidentale,Rettilineo,Una carreggiata a doppio senso,Asciutto,Asfaltata,Verticale ed orizzontale,Sereno,Normale,Buona,Ore Diurne,0,0,0,1,"1,250,445","419,554",False
2713166,20,27/02/2016 13:21:00,Strada Urbana,in corrispondenza,del palo luce n.,VIALE CORTINA D'AMPEZZO,,12,,Veicolo in marcia contro ostacolo fisso,Rettilineo,Una carreggiata a doppio senso,Asciutto,Asfaltata,Verticale ed orizzontale,Nuvoloso,Scarso,Buona,Ore Diurne,0,0,0,1,,,False
2714649,17,27/02/2016 13:30:00,,all'intersezione con,VIA CARLO ALBERTO DALLA CHIESA,VIALE GIULIO CESARE,VIA CARLO ALBERTO DALLA CHIESA,,,Scontro frontale fra veicoli in marcia,,,,,,,,,,0,0,0,5,"1,246,153","4,191,035",False
2714056,8,27/02/2016 13:45:00,Provinciale entro l'abitato,all'intersezione con,VIA DI PRATOLUNGO CASILINO,VIA PRENESTINA,VIA DI PRATOLUNGO CASILINO,,,Scontro frontale/laterale DX fra veicoli in marcia,Incrocio,Una carreggiata a doppio senso,Asciutto,Asfaltata,Verticale,Nuvoloso,Normale,Sufficiente,Ore Diurne,0,0,0,3,"1,266,039","4,189,092",True
2714105,8,27/02/2016 14:00:00,Strada Urbana,all'intersezione con,VIA DEL CASALONE,VIA DI LUNGHEZZINA,VIA DEL CASALONE,,,Tamponamento Multiplo,Incrocio,Una carreggiata a doppio senso,Asciutto,Asfaltata,Verticale ed orizzontale,Nuvoloso,Normale,Sufficiente,Ore Diurne,0,0,0,3,"1,267,819","4,192,641",False
2714111,8,27/02/2016 14:10:00,,in prossimit•À_,del civico n.,VIA CASILINA,,1068,,Scontro frontale/laterale DX fra veicoli in marcia,,,,,,,,,,0,0,0,3,,,False
2714024,11,27/02/2016 14:30:00,Strada Urbana,all'intersezione semaforizzata con,VIA MACEDONIO MELLONI,VIALE GUGLIELMO MARCONI,VIA MACEDONIO MELLONI,,,Scontro frontale/laterale SX fra veicoli in marcia,Intersezione semaforizzata,Due carreggiate,Asciutto,Asfaltata,Verticale ed orizzontale,Nuvoloso,Normale,Buona,Ore Diurne,1,0,0,1,"1,247,229","4,185,388",False
2713521,9,27/02/2016 14:45:00,,da specificare,,PIAZZA DI PONTE LUNGO,,,fronte 30,Scontro laterale fra veicoli in marcia,,,,,,,,,,0,0,0,5,,,False
2713173,1,27/02/2016 15:20:00,Strada Urbana,in corrispondenza,del civico n.,VIA DELLE FRATTE DI TRASTEVERE,,19/d,,Veicolo in marcia contro ostacolo accidentale,Rettilineo,Una carreggiata a senso unico di marcia,Asciutto,In cubetti di porfido,Verticale ed orizzontale,Nuvoloso,Scarso,Sufficiente,Ore Diurne,0,0,0,1,,,False
2716136,11,27/02/2016 15:20:00,Strada Urbana,da specificare,,VIALE ALDO BALLARIN,,,fronte via Cesarini,Veicolo in marcia contro veicolo in sosta,Rettilineo,Una carreggiata a doppio senso,Asciutto,Asfaltata,Verticale ed orizzontale,Nuvoloso,Scarso,Buona,Ore Diurne,0,0,0,1,"1,249,691","4,183,765",False
2714202,5,27/02/2016 16:00:00,Strada Urbana,in corrispondenza,del civico n.,VIA VINCENZO MORELLO,,13,,Veicolo in marcia contro veicolo in sosta,Rettilineo,Una carreggiata a senso unico di marcia,Asciutto,Asfaltata,Verticale ed orizzontale,Nuvoloso,Intenso,Buona,Ore Diurne,0,0,0,1,"1,253,976","4,190,912",True
2714682,17,27/02/2016 16:00:00,,all'intersezione con,VIA DEGLI SCIPIONI,VIA EZIO,VIA DEGLI SCIPIONI,,,Scontro frontale fra veicoli in marcia,,,,,,,,,,0,0,0,2,"1,246,547","4,191,037",False
2714128,8,27/02/2016 16:10:00,Strada Urbana,da specificare,,VIA MARIO PASTORE,,,100mt dopo l'intersezione con V.Stanford dir. GRA,Veicolo in marcia contro ostacolo accidentale,Rettilineo,Una carreggiata a senso unico di marcia,Asciutto,Asfaltata,Verticale ed orizzontale,Nuvoloso,Normale,Sufficiente,Ore Diurne,0,0,0,2,"1,261,096","4,184,885",True
2714101,8,27/02/2016 16:20:00,,all'intersezione con,VIA DELLE RUPICOLE,VIA DELLE RONDINI,VIA DELLE RUPICOLE,,,Scontro frontale/laterale SX fra veicoli in marcia,,,,,,,,,,4,0,0,1,,,False
2714753,17,27/02/2016 16:38:00,Strada Urbana,all'intersezione con,VIALE GIUSEPPE MAZZINI,PIAZZA GIUSEPPE MAZZINI,VIALE GIUSEPPE MAZZINI,,,Scontro frontale/laterale DX fra veicoli in marcia,Intersezione stradale segnalata,Due carreggiate,Asciutto,Asfaltata,Verticale ed orizzontale,Nuvoloso,Normale,Buona,Ore Diurne,0,0,0,4,"1,246,406","4,191,609",False
2714241,16,27/02/2016 16:40:00,Strada Urbana,all'intersezione con,VIA DI VAL TELLINA,VIA LUIGI RONZONI,VIA DI VAL TELLINA,,,Scontro frontale/laterale DX fra veicoli in marcia,Intersezione stradale segnalata,Una carreggiata a senso unico di marcia,Asciutto,Asfaltata,Verticale ed orizzontale,Nuvoloso,Normale,Buona,Ore Diurne,0,0,0,3,"1,244,851","418,667",False